Source Document,Category / Type,Reference / Code,Subject / Description,Key Resolution / Outcome / Value,Proposer,Seconder,Amount (K),Notes
3RD-OCTOBER-2023-COUNCIL-MINUTES.docx,Resolution,,Confirmation of Minutes (30th June 2023),Minutes confirmed as a true and correct record of proceedings,Councillor Davies Kasengele,Councillor Felix Mwalimuna,,
3RD-OCTOBER-2023-COUNCIL-MINUTES.docx,Resolution,,Matters Arising (Marriage Certificates),Management informed that the process of procuring a typewriter had started but was slow due to scarcity,,,,
3RD-OCTOBER-2023-COUNCIL-MINUTES.docx,Resolution,,Adoption of Minutes (Planning & Info Mgmt Systems - 27th July 2023),Minutes adopted as part of Council proceedings,Councillor Hachita S. Makani,Councillor Fred Chansa,,
3RD-OCTOBER-2023-COUNCIL-MINUTES.docx,Resolution,C/05/10/23,Adoption of Minutes (Agriculture - 28th July 2023),Minutes adopted as part of Council proceedings,Councillor Mbao Macmillan,Councillor Simon Kakoma,,
3RD-OCTOBER-2023-COUNCIL-MINUTES.docx,Resolution,C/06/10/23,Adoption of Minutes (Health Services - 3rd August 2023),Minutes adopted subject to inserting a resolution that AMREF Health Africa should not be allowed in the district as they were unconstitutional,Councillor Joseph Katongo,Councillor Luckson Filongwe,,
3RD-OCTOBER-2023-COUNCIL-MINUTES.docx,Resolution,,Adoption of Minutes (Engineering & Infrastructure - 9th August 2023),Minutes adopted as part of Council proceedings,Councillor Manda Masoka,Councillor Silomba Charles,,
3RD-OCTOBER-2023-COUNCIL-MINUTES.docx,Resolution,C/08/10/23,Adoption of Minutes (Education Services - 17th August 2023),Minutes adopted as part of Council proceedings,Councillor Christopher Chileshe,Councillor Fewdays Kapembwa,,
3RD-OCTOBER-2023-COUNCIL-MINUTES.docx,Resolution,C/10/10/23,Adoption of Minutes (Community Development - 22nd August 2023),Minutes adopted as part of Council proceedings,Councillor Kante Hogart,Councillor Saddock Banda,,
3RD-OCTOBER-2023-COUNCIL-MINUTES.docx,Resolution,C/11/10/23,Adoption of Minutes (Planning & Info Mgmt Systems - 6th September 2023),Minutes adopted as part of Council proceedings,Councillor Hachita S. Makani,Councillor Kaputo Chibwe,,
3RD-OCTOBER-2023-COUNCIL-MINUTES.docx,Resolution,C/12/10/23,Adoption of Minutes (Audit Committee - 7th September 2023),Minutes adopted as part of Council proceedings,Councillor Evans Swaba,Councillor Francis Kabuseni,,
3RD-OCTOBER-2023-COUNCIL-MINUTES.docx,Resolution,C/13/06/23,Adoption of Minutes (Legal Services - 12th September 2023),Minutes adopted as part of Council proceedings,Councillor Bwembya Charles,Councillor Patela Clement,,
3RD-OCTOBER-2023-COUNCIL-MINUTES.docx,Resolution,C/14/10/23,Adoption of Minutes (Finance Committee - 15th September 2022),Minutes adopted as part of Council proceedings,Councillor Davies Kasengele,Councillor Felix Mwalumuna,,
3RD-OCTOBER-2023-COUNCIL-MINUTES.docx,Resolution,,Upward Adjustment of Fees at Buchi Youth Vocational Training Centre,Upward adjustment of course fees effective January 2024 approved,Councillor Francis Kabuseni,Councillor Hogart Kante,,
3RD-OCTOBER-2023-COUNCIL-MINUTES.docx,Resolution,C/15/10/23,Application for Land to Set Up PV Solar Panels,Applications for land across Kafue River and off 17th Avenue approved; application for land in Garneton rejected. Nkana Water encouraged to interact with Civic leaders quarterly,Councillor Francis Chileshe,Councillor Evans Swaba,,
3RD-OCTOBER-2023-COUNCIL-MINUTES.docx,Resolution,,Service Charges for Squatters/Settlers,"Proposed service charge and plot premium approved. Service charges for residential low, medium, and high cost squatters adjusted to K3000, K5000, and K7000 respectively. Small Holding charged at K10,000 per Hectare",,,,
3RD-OCTOBER-2023-COUNCIL-MINUTES.docx,Resolution,C/17/10/12,Composition of Council Standing Committees,Proposed composition of Council Standing Committees for the third year Civic Calendar approved,Councillor Mwango M. Alex,Councillor Davies Kasengele,,
3RD-OCTOBER-2023-COUNCIL-MINUTES.docx,Resolution,,Replanning of the Zamtan Cemetery,Replanning approved. 38 plots created between 2018-2019 cancelled. Cemetery restored to 66 Hectares. Illegal occupants to vacate,Councillor Charles Bwambya,Councillor Mathews Chiyaka,,
3RD-OCTOBER-2023-COUNCIL-MINUTES.docx,Resolution,C/19/10/23,Variation of the 20% Local Government Equalisation Fund for Capital Projects,Variation of the 20% Local Government Equalization fund for capital projects for 2023 approved,Councillor Alex Mwango,Councillor Felix Mwalumuna,,
3RD-OCTOBER-2023-COUNCIL-MINUTES.docx,Resolution,,Revocation of Regularisation of Market Stalls at Kitwe Teaching Hospital,Regularisation reversed. Applicants to be refunded K3000.00 application fees,Councillor Charles Bwambya,Councillor Mathews Chiyaka,,
3RD-OCTOBER-2023-COUNCIL-MINUTES.docx,Motion,,Submission of Notice of Motion by Councillor Rodgers Chanda (Luto Ward),Motion to split Lima Zone into two zones referred to Planning and Information Management System Committee,Councillor Rodgers Chanda,Councillor Luckson Filongwe,,
3RD-OCTOBER-2023-COUNCIL-MINUTES.docx,Motion,,Submission of Notice of Motion by Councillor Mathews Chiyaka (Bulangililo Ward),Motion on revenue collection from car parks and agents referred to Finance Committee,Councillor Mathews Chiyaka,Councillor Stephen Chingalika,,
3RD-OCTOBER-2023-COUNCIL-MINUTES.docx,Motion,,Submission of Notice of Motion by Councillor Mathews Chiyaka (Bulangililo Ward),Motion on modernising Mayor/Deputy Mayor parking slots referred to Engineering Committee,Councillor Mathews Chiyaka,Councillor Stephen Chingalika,,
3RD-OCTOBER-2023-COUNCIL-MINUTES.docx,Motion,,Submission of Notice of Motion by Councillor Mathews Chiyaka (Bulangililo Ward),Motion on awarding staff and councillors quarterly referred to Management,Councillor Mathews Chiyaka,Councillor Stephen Chingalika,,
3RD-OCTOBER-2023-COUNCIL-MINUTES.docx,Motion,,Submission of Notice of Motion by Councillor Mathews Chiyaka (Bulangililo Ward),Motion on employing casual workers for Keep Zambia Clean campaign referred to Health Services Committee,Councillor Mathews Chiyaka,Councillor Stephen Chingalika,,
3RD-OCTOBER-2023-COUNCIL-MINUTES.docx,Motion,,Submission of Notice of Motion by Councillor Mathews Chiyaka (Bulangililo Ward),Motion on sensitisation about garbage on local radio referred to Health Services Committee,Councillor Mathews Chiyaka,Councillor Alex M Mwango,,
3RD-OCTOBER-2023-COUNCIL-MINUTES.docx,Motion,,Submission of Notice of Motion by Councillor Manda Masoka (Buchi Ward),Motion to dissolve Kitwe United Football Club executive referred to Finance Committee,Councillor Manda Masoka,Councillor Hogart Kante,,
3RD-OCTOBER-2023-COUNCIL-MINUTES.docx,Motion,C/28/10/22,Submission of Notice of Motion by Councillor Damani Malama (Mindolo Ward),Motion to dissolve Ward Development Committee referred to Planning and Information Management Committee,Councillor Damani Malama,Councillor Mathews Chiyaka,,
3RD-OCTOBER-2023-COUNCIL-MINUTES.docx,Motion,,Submission of Notice of Motion by Councillor Charles Silomba (Wusakile Ward),Motion to confer Alderman title on Christopher Pikiti Kang'ombe and Evaristo Chilufya referred to Management,Councillor Charles Silomba,Councillor David Phiri,,
3RD-OCTOBER-2023-COUNCIL-MINUTES.docx,Motion,,Submission of Notice of Motion by Councillor Felix Malasha (Parklands Ward),Motion to relocate bus stop at Micmar rejected,Councillor Felix Malasha,Councillor Davies Kasengele,,
3RD-OCTOBER-2023-COUNCIL-MINUTES.docx,Motion,,Submission of Notice of Motion by Councillor Felix Malasha (Parklands Ward),Motion for intervention on Plot 720 in Chimwemwe North referred to Planning and Information Management Committee,Councillor Felix Malasha,Councillor Davies Kasengele,,
3RD-OCTOBER-2023-COUNCIL-MINUTES.docx,Motion,,Submission of Notice of Motion by Councillor Felix Malasha (Parklands Ward),Motion to equip Councillors with mobile tablets referred to Finance Committee,Councillor Felix Malasha,Councillor Davies Kasengele,,
3RD-OCTOBER-2023-COUNCIL-MINUTES.docx,Motion,,Submission of Notice of Motion by Councillor Davies Kasengele (Ndeke Ward),Motion to introduce WIFI services at Civic Centre and other public places rejected,Councillor Davies Kasengele,Councillor Luckson Filongwe,,
3RD-OCTOBER-2023-COUNCIL-MINUTES.docx,Motion,,Submission of Notice of Motion by Councillor Davies Kasengele (Ndeke Ward),Motion to recognise Mr Nayee Shareed with Freeman of the City Status referred to Management,Councillor Davies Kasengele,Councillor Luckson Filongwe,,
3RD-OCTOBER-2023-COUNCIL-MINUTES.docx,Motion,,Submission of Notice of Motion by Councillor Davies Kasengele (Ndeke Ward),Motion to look for land for a mental hospital referred to Planning and Information Management System,Councillor Davies Kasengele,Councillor Luckson Filongwe,,
3RD-OCTOBER-2023-COUNCIL-MINUTES.docx,Motion,,Submission of Notice of Motion by Councillor Davies Kasengele (Ndeke Ward),Motion for a Chamber of Commerce member on Finance Committee referred to Finance Committee,Councillor Davies Kasengele,Councillor Luckson Filongwe,,
30TH-JUNE-2023-COUNCIL-MINUTES-copy.docx,Resolution,,Confirmation of Minutes (4th April 2023),Minutes confirmed as a true and correct record of proceedings,Councillor Mwango M Alex,Councillor Chileshe Francis,,
30TH-JUNE-2023-COUNCIL-MINUTES-copy.docx,Resolution,C/523/06/23,Adoption of Minutes (Health Services - 5th May 2023),Minutes adopted as part of Council proceedings,Councillor Mwango M. Alex,Councillor Katongo Joseph,,
30TH-JUNE-2023-COUNCIL-MINUTES-copy.docx,Resolution,C/524/06/23,Adoption of Minutes (Education Services - 9th May 2023),Minutes adopted as part of Council proceedings,Councillor Chileshe Christoper,Councillor Chiyaka Mathews,,
30TH-JUNE-2023-COUNCIL-MINUTES-copy.docx,Resolution,C/525/06/23,Adoption of Minutes (Agriculture - 9th May 2023),Minutes adopted as part of Council proceedings,Councillor Mbao Macmillan,Councillor Mary Zimba,,
30TH-JUNE-2023-COUNCIL-MINUTES-copy.docx,Resolution,C/526/06/23,Adoption of Minutes (Planning & Info Mgmt Systems - 11th May 2023),Minutes adopted as part of Council proceedings,Councillor Makani S. Hachita,Councillor Chansa Fred,,
30TH-JUNE-2023-COUNCIL-MINUTES-copy.docx,Resolution,C/527/06/23,Adoption of Minutes (Engineering & Infrastructure - 16th May 2023),Minutes adopted as part of Council proceedings,Councillor Manda Masoka,Councillor Silomba Charles,,
30TH-JUNE-2023-COUNCIL-MINUTES-copy.docx,Resolution,,Adoption of Minutes (Community Development - 23rd May 2023),Minutes adopted as part of Council proceedings,Councillor Kante Hogart,Councillor Muwowo Kelly,,
30TH-JUNE-2023-COUNCIL-MINUTES-copy.docx,Resolution,,Adoption of Minutes (Legal Services - 13th June 2023),Minutes adopted subject to correcting CEC wayleave S12 to read as CEC wayleave S129,Councillor Bwembya Charles,Councillor Patela Clement,,
30TH-JUNE-2023-COUNCIL-MINUTES-copy.docx,Resolution,,Adoption of Minutes (Planning & Info Mgmt Systems - 13th June 2023),Minutes adopted subject to disapproving an application in Ndeke Sub A and referring replanning of land in Itimpi back to committee,Councillor Makani S Hachita,Councillor Fred Chansa,,
30TH-JUNE-2023-COUNCIL-MINUTES-copy.docx,Resolution,C/531/06/23,Adoption of Minutes (Auditing Committee - 15th June 2023),Minutes adopted as part of Council proceedings,Councillor Swaba Evans,Councillor Rodgers Chanda,,
30TH-JUNE-2023-COUNCIL-MINUTES-copy.docx,Resolution,C/532/06/23,Adoption of Minutes (Finance Committee - 20th June 2022),Minutes adopted as part of Council proceedings,Councillor Mwalumuna Felix,Councillor Muposhi Katai,,
30TH-JUNE-2023-COUNCIL-MINUTES-copy.docx,Resolution,,Matters Arising (Mapili and Buchi Stadiums),Town Clerk submitted action taken: letter of authority was written to the Ministry of Local Government and Rural Development,,,,
30TH-JUNE-2023-COUNCIL-MINUTES-copy.docx,Resolution,C/534/06/23,Resolution of Council into Committee,Council resolved itself into a Committee of the whole Council,Councillor Kabuseni Francis,Councillor Kante Hogart,,
30TH-JUNE-2023-COUNCIL-MINUTES-copy.docx,Resolution,C/535/06/23,Replanning of 100 Hectares of Land in Kafue Park,"Replanning approved: 75% large scale commercial/industrial, 25% high-cost residential. Process to be expedited",Councillor Mwango M Alex,Councillor Bwembya Charles,,
30TH-JUNE-2023-COUNCIL-MINUTES-copy.docx,Resolution,,Cancellation of Plots Created in Ndeke Presidential Area,Cancellation of 85 plots approved,Councillor Kabuseni Francis,Councillor Felix Malasha,,
30TH-JUNE-2023-COUNCIL-MINUTES-copy.docx,Resolution,,Application for Subdivision of Sub H21 of Farm 840,Application approved,Councillor Damani Malama,Councillor Mwewa Brian,,
30TH-JUNE-2023-COUNCIL-MINUTES-copy.docx,Resolution,,Reversion to Open Session,Council reverted to open session and adopted proceedings of the Council in Committee,Councillor Mbao Macmillan,Councillor Bwembya Charles,,
COUNCIL-MINUTES-4TH-APRIL-2023.docx,Resolution,C/339/04/23,Confirmation of Minutes (23rd December 2022),Minutes confirmed as a true and correct record of proceedings,Councillor Mwango M Alex,Councillor Fred Chansa,,
COUNCIL-MINUTES-4TH-APRIL-2023.docx,Resolution,C/341/04/23,Adoption of Minutes (Education Services - 18th January 2023),Minutes adopted as part of Council proceedings,Councillor Chileshe Christoper,Councillor Chiyaka Mathews,,
COUNCIL-MINUTES-4TH-APRIL-2023.docx,Resolution,C/342/04/23,Adoption of Minutes (Planning & Info Mgmt Systems - 25th January 2023),Minutes adopted as part of Council proceedings,Councillor Makani S. Hachita,Councillor Chansa Fred,,
COUNCIL-MINUTES-4TH-APRIL-2023.docx,Resolution,C/343/04/23,Adoption of Minutes (Agriculture - 26th January 2023),Minutes adopted as part of Council proceedings,Councillor Mbao Macmillan,Councillor Mary Zimba,,
COUNCIL-MINUTES-4TH-APRIL-2023.docx,Resolution,C/344/04/23,Adoption of Minutes (Health Services - 31st January 2023),Minutes adopted as part of Council proceedings,Councillor Mwango M. Alex,Councillor Chingalika Stephen,,
COUNCIL-MINUTES-4TH-APRIL-2023.docx,Resolution,C/345/04/23,Adoption of Minutes (Engineering & Infrastructure - 9th February 2023),Minutes adopted as part of Council proceedings,Councillor Manda Masoka,Councillor Silomba Charles,,
COUNCIL-MINUTES-4TH-APRIL-2023.docx,Resolution,C/346/04/23,Adoption of Minutes (Community Development - 21st February 2023),Minutes adopted as part of Council proceedings,Councillor Kante Hogart,Councillor Banda Saddock,,
COUNCIL-MINUTES-4TH-APRIL-2023.docx,Resolution,C/347/04/23,Adoption of Minutes (Human Resource & Admin - 24th February 2023),Minutes adopted as part of Council proceedings,Councillor Kakoma Simon,Councillor Filongwe Luckson,,
COUNCIL-MINUTES-4TH-APRIL-2023.docx,Resolution,C/348/04/23,Adoption of Minutes (Planning & Info Mgmt Systems - 16th March 2023),Minutes adopted subject to deferring planning permission for Stand No 721 and approving revocation of planning permission for Ms Theresa Bupe,Councillor Makani S Hachita,Councillor Kaputo Chibwe,,
COUNCIL-MINUTES-4TH-APRIL-2023.docx,Resolution,,Adoption of Minutes (Auditing Committee - 9th March 2023),Minutes adopted as part of Council proceedings,Councillor Swaba Evans,Councillor Kabuseni Francis,,
COUNCIL-MINUTES-4TH-APRIL-2023.docx,Resolution,,Adoption of Minutes (Legal Services - 17th March 2023),Minutes adopted subject to amending names under the Ndeke Presidential allocation list,Councillor Bwembya Charles,Her Worship the Mayor Ms Mwaya Mpasa,,
COUNCIL-MINUTES-4TH-APRIL-2023.docx,Resolution,,Adoption of Minutes (Finance Committee - 20th March 2022),Minutes adopted subject to deferring the application by Mr Prince Munyati,Councillor Chileshe Francis,Councillor Muposhi Katai,,
COUNCIL-MINUTES-4TH-APRIL-2023.docx,Resolution,,Adoption of the Kitwe District Integrated Development Plan,IDP adopted for 10 years. A workshop to be conducted for Civic Leaders to preview it,Councillor Kabuseni Francis,Councillor Chileshe Francis,,
COUNCIL-MINUTES-4TH-APRIL-2023.docx,Resolution,,Revocation of Planning Permission for Jamamu Zambia Limited on Stand 212 in Buchi,Revocation of planning permission approved,Councillor Bwembya Charles,Councillor Francis Chileshe,,
COUNCIL-MINUTES-4TH-APRIL-2023.docx,Resolution,,"Application for Land Development Fund in Excess of K3,607,000",Application ratified,Councillor Kasengele Davies,Councillor Kante Hogart,,
COUNCIL-MINUTES-4TH-APRIL-2023.docx,Resolution,,Expansion and Modernisation of Kitwe Main Bus Station,Expansion approved. Council tenants and occupants of makeshift structures given 3 months notice. Mr David Chibamba to be given alternative plot,Councillor Kante Hogart,Councillor Mwalumuna Felix,,
COUNCIL-MINUTES-4TH-APRIL-2023.docx,Resolution,C/357/04/23,Incorporation of Human Resource Committee Members into Other Standing Committees,Incorporation of members approved as indicated in the table,Councillor Mwango M. Alex,Councillor Muposhi Katai,,
COUNCIL-MINUTES-4TH-APRIL-2023.docx,Resolution,C/358/04/23,Normalization of Role of Kitwe City Council in the Development of the Kitwe Industrial Yard,Normalization of role approved,Councillor Kasengele Davies,Councillor Filongwe Luckson,,
COUNCIL-MINUTES-4TH-APRIL-2023.docx,Resolution,C/359/04/23,Design Construct Finance Operate and Lease Model for Mapili and Buchi Stadiums Cardet Hostels and Buchi Hotel,EOI approved for Mapili Stadium Buchi Stadium Cardet Hostels for 13 years. Matter for Buchi Hotel deferred to Finance Committee,Councillor Kabuseni Francis,Councillor Swaba Evans,,
COUNCIL-MINUTES-4TH-APRIL-2023.docx,Resolution,,Proposal by Copperfield Mining Services Ltd to Rehabilitate Freedom Park,Copperfield to make full payment of ZMK 3.4 million within 3 months. Building permissions revoked until payment is made,Councillor Mwando M. Alex,Councillor Kante Hogart,,
COUNCIL-MINUTES-4TH-APRIL-2023.docx,Resolution,,Review of Proposed Extension of the NAPSA Complex Land,Land proposed for extension to be reserved for other investments,Councillor Kasengele Davies,Councillor Muposhi Katai,,
COUNCIL-MINUTES-4TH-APRIL-2023.docx,Motion,,Submission of Notice of Motion by Councillor Simon Kakoma (Itimpi Ward),Motion for more General Workers referred to appropriate Committee,Councillor Chiyaka Mathews,Councillor Kapembwa Fewdays,,
COUNCIL-MINUTES-4TH-APRIL-2023.docx,Motion,,Submission of Notice of Motion by Councillor Kapembwa Fewdays (Kamatipa Ward),Motion to expel Mr George Kasakula from WDC referred to appropriate Committee,Councillor Mwalumuna Felix,Councillor Francis Kabuseni,,
COUNCIL-MINUTES-4TH-APRIL-2023.docx,Motion,,Submission of Notice of Motion by Councillor Filongwe Luckson (Limaposa Ward),Motion to expel WDC Treasurer and Vice Chairman referred to appropriate Committee,Councillor Kante Hogart,Councillor Swaba Evans,,
COUNCIL-MINUTES-4TH-APRIL-2023.docx,Motion,,Submission of Notice of Motion by Councillor Kasengele Daves (Ndeke Ward),Motion for quarterly assessment of departments referred to appropriate Committee,Councillor Kabuseni Francis,Councillor Kaputo Chibwe,,
COUNCIL-MINUTES-4TH-APRIL-2023.docx,Motion,,Submission of Notice of Motion by Councillor Malasha Felix (Parklands Ward),Motion for each Ward to purchase a Tractor and Trailer referred to appropriate Committee,Councillor Chanda Rodgers,Councillor Muposhi Katai,,
COUNCIL-MINUTES-4TH-APRIL-2023.docx,Motion,,Submission of Notice of Motion by Councillor Malasha Felix (Parklands Ward),Motion to engage recycling companies on dump site land referred to appropriate Committee,Councillor Mwalumuna Felix,Councillor Muposhi Katai,,
COUNCIL-MINUTES-4TH-APRIL-2023.docx,Motion,C/368/04/23,Submission of Notice of Motion by Councillor Manda Masoka (Buchi Ward),Motion to repossess land from Jamamu Company was withdrawn by the mover,,,,
COUNCIL-MINUTES-4TH-APRIL-2023.docx,Motion,,Submission of Notice of Motion by Councillor Malasha Felix (Parklands Ward),Motion for a specific design for shops along Kwacha Road referred to appropriate Committee,Councillor Malasha Felix,Councillor Chingalika Stephen,,
COUNCIL-MINUTES-4TH-APRIL-2023.docx,Motion,,Submission of Notice of Motion by Councillor Malasha Felix (Parklands Ward),Motion to secure land for an ablution block along Kwacha Road referred to appropriate Committee,Councillor Manda Masoka,Councillor Kante Horgart,,
COUNCIL-MINUTES-4TH-APRIL-2023.docx,Motion,,Submission of Notice of Motion by Councillor Chiyaka Mathews (Bulangililo Ward),Motion for institutions to subscribe to Solid Waste Management Companies referred to appropriate Committee,Councillor Kaputo Chibwe,Councillor Muposhi Katai,,
COUNCIL-MINUTES-4TH-APRIL-2023.docx,Motion,,Submission of Notice of Motion by Councillor Chiyaka Mathews (Bulangililo Ward),Motion to co-opt officials from Nkana Water ZESCO and Churches to committees referred to appropriate Committee,Councillor Mwalumuna Felix,Councillor Muposhi Katai,, STAKEHOLDERS-MEETING-MINUTUES-PERSON-WITH-
DISABILITIES.pdf,Submission,BPM/02/05/25,Submissions by the Department of Development Planning,Department spearheads CDF and CFW initiatives. CFW currently suspended. KCC aligning IDPs to 8NDP for inclusivity,,,, STAKEHOLDERS-MEETING-MINUTUES-PERSON-WITH-
DISABILITIES.pdf,Discussion,BPM/03/05/25,Plenary Discussions and Key Issues Raised - Accessibility Challenges,Participants raised concerns about lack of accessibility features in new infrastructure including for hearing visual and physical impairments,,,,
STAKEHOLDERS-MEETING-MINUTUES-PERSON-WITH-DISABILITIES.pdf,Recommendation,,Key Requests and Recommendations,Requests include: multipurpose hall 5-10% of council works reserved for PWDs trading spaces affirmative action in land allocation CDF quotas braille forms and accessible public information,,,, STAKEHOLDERS-MEETING-MINUTUES-PERSON-WITH-
DISABILITIES.pdf,Closing,BPM/05/05/25,Conclusion and Closing Remarks,Assistant Director thanked participants and noted the deliberations would be reported to management,,,,
Budget-Estimates-2023.pdf,Revenue,01,Local taxes/rates - Residential,,,6940151,2023 Approved Budget,
Budget-Estimates-2023.pdf,Revenue,002,Industrial/Commercial,,,23729094,2023 Approved Budget,
Budget-Estimates-2023.pdf,Revenue,003,Mining/Plant,,,64402980,2023 Approved Budget,
Budget-Estimates-2023.pdf,Revenue,001,Personal levy,,,150000,2023 Approved Budget,
Budget-Estimates-2023.pdf,Revenue,02,Fees and Charges - Consent fees,,,100000,2023 Approved Budget,
Budget-Estimates-2023.pdf,Revenue,002,Survey fees,,,816000,2023 Approved Budget,
Budget-Estimates-2023.pdf,Revenue,003,Building inspection-fees,,,986000,2023 Approved Budget,
Budget-Estimates-2023.pdf,Revenue,004,Plan scrutiny fee,,,1545000,2023 Approved Budget,
Budget-Estimates-2023.pdf,Revenue,005,Change of premise use,,,155000,2023 Approved Budget,
Budget-Estimates-2023.pdf,Revenue,006,Container/Ntemba fees,,,696000,2023 Approved Budget,
Budget-Estimates-2023.pdf,Revenue,007,Rentals/lease of Council's properties,,,1700000,2023 Approved Budget,
Budget-Estimates-2023.pdf,Revenue,008,Application forms fees,,,335740,2023 Approved Budget,
Budget-Estimates-2023.pdf,Revenue,009,Rentals from houses,,,153000,2023 Approved Budget,
Budget-Estimates-2023.pdf,Revenue,010,Sketch plan,,,9900,2023 Approved Budget,
Budget-Estimates-2023.pdf,Revenue,011,Search fees,,,94800,2023 Approved Budget,
Budget-Estimates-2023.pdf,Revenue,013,Market fees,,,5713548,2023 Approved Budget,
Budget-Estimates-2023.pdf,Revenue,014,Parking fees,,,896440,2023 Approved Budget,
Budget-Estimates-2023.pdf,Revenue,016,Bus station fees,,,5218495,2023 Approved Budget,
Budget-Estimates-2023.pdf,Revenue,020,Hire of halls,,,66600,2023 Approved Budget,
Budget-Estimates-2023.pdf,Revenue,025,Grave reservation,,,4537235,2023 Approved Budget,
Budget-Estimates-2023.pdf,Revenue,030,Course fees,,,1384503,2023 Approved Budget,
Budget-Estimates-2023.pdf,Revenue,033,Refuse disposal,,,1143400,2023 Approved Budget,
Budget-Estimates-2023.pdf,Revenue,038,Library membership fees,,,43416,2023 Approved Budget,
Budget-Estimates-2023.pdf,Revenue,045,Notice of marriage fees,,,873000,2023 Approved Budget,
Budget-Estimates-2023.pdf,Revenue,049,Vendor Fees,,,105000,2023 Approved Budget,
Budget-Estimates-2023.pdf,Revenue,053,Communication mast levy,,,400000,2023 Approved Budget,
Budget-Estimates-2023.pdf,Revenue,054,Illegal Parking of vehicles,,,144000,2023 Approved Budget,
Budget-Estimates-2023.pdf,Revenue,055,Repairs of cars/garage/car wash levies,,,115000,2023 Approved Budget,
Budget-Estimates-2023.pdf,Revenue,061,Billboards and banners,,,2547800,2023 Approved Budget,
Budget-Estimates-2023.pdf,Revenue,064,Penalties,,,261000,2023 Approved Budget,
Budget-Estimates-2023.pdf,Revenue,067,Medical fees,,,120000,2023 Approved Budget,
Budget-Estimates-2023.pdf,Revenue,099,Other fees and charges,,,5934152,2023 Approved Budget,
Budget-Estimates-2023.pdf,Revenue,03,Licenses - Liquor licence,,,259200,2023 Approved Budget,
Budget-Estimates-2023.pdf,Revenue,002,Firearm and ammunition licence,,,90000,2023 Approved Budget,
Budget-Estimates-2023.pdf,Revenue,055,Occupancy licence,,,259200,2023 Approved Budget,
Budget-Estimates-2023.pdf,Revenue,099,Other licences,,,200000,2023 Approved Budget,
Budget-Estimates-2023.pdf,Revenue,04,Levies - Pole levy,,,10000,2023 Approved Budget,
Budget-Estimates-2023.pdf,Revenue,008,Quarry levy,,,10000,2023 Approved Budget,
Budget-Estimates-2023.pdf,Revenue,010,Business Levy,,,5777006,2023 Approved Budget,
Budget-Estimates-2023.pdf,Revenue,05,Permits - Health permits,,,4826500,2023 Approved Budget,
Budget-Estimates-2023.pdf,Revenue,009,Fire certificate,,,4159750,2023 Approved Budget,
Budget-Estimates-2023.pdf,Revenue,010,Extension of business hours permits,,,54000,2023 Approved Budget,
Budget-Estimates-2023.pdf,Revenue,099,Other permits,,,2100000,2023 Approved Budget,
Budget-Estimates-2023.pdf,Revenue,06,Charges - Service Charges – Residential plots,,,6875000,2023 Approved Budget,
Budget-Estimates-2023.pdf,Revenue,006,Lease Charges,,,45000,2023 Approved Budget,
Budget-Estimates-2023.pdf,Revenue,08,National Support (Grants) - Special Grants,,,28283035,2023 Approved Budget,
Budget-Estimates-2023.pdf,Revenue,09,Local Development Fund - Constituency Development Fund,,,141569510,2023 Approved Budget,
Budget-Estimates-2023.pdf,Expenditure,1,Constituency Development,,,128500000,2022 Approved Budget,
Budget-Estimates-2023.pdf,Expenditure,779,Community Based Projects,,,77100000,2022 Approved Budget,
Budget-Estimates-2023.pdf,Expenditure,780,Youth Empowerment,,,12850000,2022 Approved Budget,
Budget-Estimates-2023.pdf,Expenditure,781,Women Empowerment,,,12850000,2022 Approved Budget,
Budget-Estimates-2023.pdf,Expenditure,782,Secondary School Boarding and Skills Development Bursaries,,,25700000,2022 Approved Budget,
Budget-Estimates-2023.pdf,Expenditure,2,Local Governance,,,4022706,2022 Approved Budget,
Budget-Estimates-2023.pdf,Expenditure,040,Local elections,,,48533,2022 Approved Budget,
Budget-Estimates-2023.pdf,Expenditure,044,Legislative Function,,,3967243,2022 Approved Budget,
Budget-Estimates-2023.pdf,Expenditure,045,Citizen Engagement,,,6930,2022 Approved Budget,
Budget-Estimates-2023.pdf,Expenditure,3,Integrated Development Planning,,,21025994,2022 Approved Budget,
Budget-Estimates-2023.pdf,Expenditure,006,Environmental planning,,,915026,2022 Approved Budget,
Budget-Estimates-2023.pdf,Expenditure,021,Spatial Planning,,,1438256,2022 Approved Budget,
Budget-Estimates-2023.pdf,Expenditure,033,Socio Economic planning,,,18672712,2022 Approved Budget,
Budget-Estimates-2023.pdf,Expenditure,5,Public health and Environmental protection,,,25080477,2022 Approved Budget,
Budget-Estimates-2023.pdf,Expenditure,015,Cemetery and funeral services,,,1492792,2022 Approved Budget,
Budget-Estimates-2023.pdf,Expenditure,019,Health Inspections,,,9538267,2022 Approved Budget,
Budget-Estimates-2023.pdf,Expenditure,023,Pest control,,,1724533,2022 Approved Budget,
Budget-Estimates-2023.pdf,Expenditure,024,Pollution control,,,559020,2022 Approved Budget,
Budget-Estimates-2023.pdf,Expenditure,027,Solid Waste Management,,,11357880,2022 Approved Budget,
Budget-Estimates-2023.pdf,Expenditure,034,Water supply and Sanitation Services,,,407985,2022 Approved Budget,
Budget-Estimates-2023.pdf,Expenditure,6,Housing and Community Amenities,,,37789409,2022 Approved Budget,
Budget-Estimates-2023.pdf,Expenditure,007,Parks and Gardens,,,4244508,2022 Approved Budget,
Budget-Estimates-2023.pdf,Expenditure,012,Markets and Bus Stations,,,5050456,2022 Approved Budget,
Budget-Estimates-2023.pdf,Expenditure,017,Community Centres,,,10306810,2022 Approved Budget,
Budget-Estimates-2023.pdf,Expenditure,026,Public Housing,,,1486882,2022 Approved Budget,
Budget-Estimates-2023.pdf,Expenditure,029,Roads and Drainages,,,14713409,2022 Approved Budget,
Budget-Estimates-2023.pdf,Expenditure,031,Street Lighting,,,1987344,2022 Approved Budget,
Budget-Estimates-2023.pdf,Expenditure,7,Recreation Culture and Religion,,,5615223,2022 Approved Budget,
Budget-Estimates-2023.pdf,Expenditure,032,Registration of Marriages,,,106739,2022 Approved Budget,
Budget-Estimates-2023.pdf,Expenditure,039,Library Services,,,2210826,2022 Approved Budget,
Budget-Estimates-2023.pdf,Expenditure,042,Sports Promotion,,,3297658,2022 Approved Budget,
Budget-Estimates-2023.pdf,Expenditure,8,Education and skills development,,,1020539,2022 Approved Budget,
Budget-Estimates-2023.pdf,Expenditure,005,Early Childhood Education,,,303321,2022 Approved Budget,
Budget-Estimates-2023.pdf,Expenditure,010,Adult Literacy,,,717218,2022 Approved Budget,
Budget-Estimates-2023.pdf,Expenditure,10,Public order and safety,,,16826367,2022 Approved Budget,
Budget-Estimates-2023.pdf,Expenditure,014,Building regulation,,,1564053,2022 Approved Budget,
Budget-Estimates-2023.pdf,Expenditure,018,Community policing,,,6476556,2022 Approved Budget,
Budget-Estimates-2023.pdf,Expenditure,041,Fire protection services,,,8785758,2022 Approved Budget,
Budget-Estimates-2023.pdf,Expenditure,11,Management and support Services,,,72759997,2022 Approved Budget,
Budget-Estimates-2023.pdf,Expenditure,001,Executive management,,,2102345,2022 Approved Budget,
Budget-Estimates-2023.pdf,Expenditure,006,Public Relations,,,1198733,2022 Approved Budget,
Budget-Estimates-2023.pdf,Expenditure,009,Human Resource management and administration,,,11754112,2022 Approved Budget,
Budget-Estimates-2023.pdf,Expenditure,016,Procurement,,,2806164,2022 Approved Budget,
Budget-Estimates-2023.pdf,Expenditure,024,ICT,,,2738366,2022 Approved Budget,
Budget-Estimates-2023.pdf,Expenditure,028,Auditing,,,1095786,2022 Approved Budget,
Budget-Estimates-2023.pdf,Expenditure,035,Accounting,,,44997456,2022 Approved Budget,
Budget-Estimates-2023.pdf,Expenditure,036,Legal Services,,,6067035,2022 Approved Budget,
Budget-Estimates-2023.pdf,Expenditure,12,Resource Mobilisation and Management,,,11029089,2022 Approved Budget,
Budget-Estimates-2023.pdf,Expenditure,067,Revenue Mobilisation,,,11029089,2022 Approved Budget,
2026-budget-Kitwe-City-Council-amended-Final.pdf,Revenue,001,Occupancy licence,,,750000,2026 Approved Budget,
2026-budget-Kitwe-City-Council-amended-Final.pdf,Revenue,002,Liquor licence,,,329600,2026 Approved Budget,
2026-budget-Kitwe-City-Council-amended-Final.pdf,Revenue,003,Firearm and ammunition licence,,,105000,2026 Approved Budget,
2026-budget-Kitwe-City-Council-amended-Final.pdf,Revenue,004,Petroleum Storage licence,,,646200,2026 Approved Budget,
2026-budget-Kitwe-City-Council-amended-Final.pdf,Revenue,005,Dog licence,,,30500,2026 Approved Budget,
2026-budget-Kitwe-City-Council-amended-Final.pdf,Revenue,099,Other Licences,,,166665,2026 Approved Budget,
2026-budget-Kitwe-City-Council-amended-Final.pdf,Revenue,001,Livestock Movement levy,,,542442,2026 Approved Budget,
2026-budget-Kitwe-City-Council-amended-Final.pdf,Revenue,004,Pole levy,,,6600,2026 Approved Budget,
2026-budget-Kitwe-City-Council-amended-Final.pdf,Revenue,005,Charcoal levy,,,90000,2026 Approved Budget,
2026-budget-Kitwe-City-Council-amended-Final.pdf,Revenue,008,Quarry levy,,,10000,2026 Approved Budget,
2026-budget-Kitwe-City-Council-amended-Final.pdf,Revenue,011,Telecommunication Mast,,,518000,2026 Approved Budget,
2026-budget-Kitwe-City-Council-amended-Final.pdf,Revenue,017,Trading (Wholesale) Business Levy,,,339996,2026 Approved Budget,
2026-budget-Kitwe-City-Council-amended-Final.pdf,Revenue,018,Trading (Retail) Consumable groceries business,,,6722300,2026 Approved Budget,
2026-budget-Kitwe-City-Council-amended-Final.pdf,Revenue,019,Retail Merchants non- consumable business,,,444448,2026 Approved Budget,
2026-budget-Kitwe-City-Council-amended-Final.pdf,Revenue,020,Trading (Retail) chain stores and supermarkets,,,66668,2026 Approved Budget,
2026-budget-Kitwe-City-Council-amended-Final.pdf,Revenue,021,Manufacturing,,,666600,2026 Approved Budget,
2026-budget-Kitwe-City-Council-amended-Final.pdf,Revenue,024,Trading (Retail) Automobiles,,,222224,2026 Approved Budget,
2026-budget-Kitwe-City-Council-amended-Final.pdf,Revenue,025,Theatre's and cinematography,,,6666,2026 Approved Budget,
2026-budget-Kitwe-City-Council-amended-Final.pdf,Revenue,028,Filling Station,,,846200,2026 Approved Budget,
2026-budget-Kitwe-City-Council-amended-Final.pdf,Revenue,029,Professional Occupation,,,549810,2026 Approved Budget,
2026-budget-Kitwe-City-Council-amended-Final.pdf,Revenue,031,Car Wash,,,222500,2026 Approved Budget,
2026-budget-Kitwe-City-Council-amended-Final.pdf,Revenue,032,Hospitality,,,366663,2026 Approved Budget,
2026-budget-Kitwe-City-Council-amended-Final.pdf,Revenue,033,Commercial Banks,,,180000,2026 Approved Budget,
2026-budget-Kitwe-City-Council-amended-Final.pdf,Revenue,034,Micro-Finance and Money- Lenders,,,453332,2026 Approved Budget,
2026-budget-Kitwe-City-Council-amended-Final.pdf,Revenue,001,Health permits,,,4512000,2026 Approved Budget,
2026-budget-Kitwe-City-Council-amended-Final.pdf,Revenue,008,Burial permits and grave sites,,,6360685,2026 Approved Budget,
2026-budget-Kitwe-City-Council-amended-Final.pdf,Revenue,009,Fire certificate,,,6899000,2026 Approved Budget,
2026-budget-Kitwe-City-Council-amended-Final.pdf,Revenue,010,Extension of Business hours permits,,,240000,2026 Approved Budget,
2026-budget-Kitwe-City-Council-amended-Final.pdf,Revenue,001,Service Charges Residential plots,,,5955000,2026 Approved Budget,
2026-budget-Kitwe-City-Council-amended-Final.pdf,Revenue,005,Lease Charges,,,30000,2026 Approved Budget,
2026-budget-Kitwe-City-Council-amended-Final.pdf,Revenue,007,Land Application Charges,,,250000,2026 Approved Budget,
2026-budget-Kitwe-City-Council-amended-Final.pdf,Revenue,030,,,,242223,2026 Approved Budget,
2026-budget-Kitwe-City-Council-amended-Final.pdf,Revenue,003,Donations,,,10000,2026 Approved Budget,
2026-budget-Kitwe-City-Council-amended-Final.pdf,Revenue,099,Other Income,,,1000000,2026 Approved Budget,
2026-budget-Kitwe-City-Council-amended-Final.pdf,Revenue,001,Constituency Development Fund,,,200162749,2026 Approved Budget,
2026-budget-Kitwe-City-Council-amended-Final.pdf,Revenue,002,Roads Grant,,,3200857,2026 Approved Budget,
2026-budget-Kitwe-City-Council-amended-Final.pdf,Revenue,003,Health Grant,,,13136429,2026 Approved Budget,
2026-budget-Kitwe-City-Council-amended-Final.pdf,Revenue,004,Local Government Equalisation Fund,,,28133931,2026 Approved Budget,
2026-budget-Kitwe-City-Council-amended-Final.pdf,Revenue,099,Other Grants,,,27988737,2026 Approved Budget,
2026-budget-Kitwe-City-Council-amended-Final.pdf,Expenditure,1,Constituency Development,,,153178210,2024 Approved Budget,
2026-budget-Kitwe-City-Council-amended-Final.pdf,Expenditure,779,Community Projects,,,87311579,2024 Approved Budget,
2026-budget-Kitwe-City-Council-amended-Final.pdf,Expenditure,780,Women and Youth Empowerment,,,29103860,2024 Approved Budget,
2026-budget-Kitwe-City-Council-amended-Final.pdf,Expenditure,781,CDF Administration,,,7658911,2024 Approved Budget,
2026-budget-Kitwe-City-Council-amended-Final.pdf,Expenditure,782,Secondary School and Skills Development Bursaries,,,29103860,2024 Approved Budget,
2026-budget-Kitwe-City-Council-amended-Final.pdf,Expenditure,2,Local Governance,,,5910929,2024 Approved Budget,
2026-budget-Kitwe-City-Council-amended-Final.pdf,Expenditure,040,Local elections,,,432800,2024 Approved Budget,
2026-budget-Kitwe-City-Council-amended-Final.pdf,Expenditure,044,Legislative Function,,,5427194,2024 Approved Budget,
2026-budget-Kitwe-City-Council-amended-Final.pdf,Expenditure,045,Citizen Engagement,,,50935,2024 Approved Budget,
2026-budget-Kitwe-City-Council-amended-Final.pdf,Expenditure,3,Integrated Development Planning,,,14220275,2024 Approved Budget,
2026-budget-Kitwe-City-Council-amended-Final.pdf,Expenditure,006,Environmental planning,,,3204290,2024 Approved Budget,
2026-budget-Kitwe-City-Council-amended-Final.pdf,Expenditure,021,Spatial Planning,,,5814415,2024 Approved Budget,
2026-budget-Kitwe-City-Council-amended-Final.pdf,Expenditure,033,Socio Economic planning,,,5201570,2024 Approved Budget,
2026-budget-Kitwe-City-Council-amended-Final.pdf,Expenditure,5,Public health and Environmental protection,,,29157117,2024 Approved Budget,
2026-budget-Kitwe-City-Council-amended-Final.pdf,Expenditure,015,Cemetery and funeral services,,,1929778,2024 Approved Budget,
2026-budget-Kitwe-City-Council-amended-Final.pdf,Expenditure,019,Health Inspections,,,8463926,2024 Approved Budget,
2026-budget-Kitwe-City-Council-amended-Final.pdf,Expenditure,023,Pest control,,,1056934,2024 Approved Budget,
2026-budget-Kitwe-City-Council-amended-Final.pdf,Expenditure,024,Pollution control,,,0,2024 Approved Budget,
2026-budget-Kitwe-City-Council-amended-Final.pdf,Expenditure,027,Solid Waste Management,,,17515756,2024 Approved Budget,
2026-budget-Kitwe-City-Council-amended-Final.pdf,Expenditure,030,Stormy water management,,,190723,2024 Approved Budget,
2026-budget-Kitwe-City-Council-amended-Final.pdf,Expenditure,6,Housing and Community Amenities,,,53733798,2024 Approved Budget,
2026-budget-Kitwe-City-Council-amended-Final.pdf,Expenditure,007,Parks and Gardens,,,5897825,2024 Approved Budget,
2026-budget-Kitwe-City-Council-amended-Final.pdf,Expenditure,012,Markets and Bus Stations,,,18233968,2024 Approved Budget,
2026-budget-Kitwe-City-Council-amended-Final.pdf,Expenditure,017,Community Centres,,,6122526,2024 Approved Budget,
2026-budget-Kitwe-City-Council-amended-Final.pdf,Expenditure,026,Public Housing,,,2143395,2024 Approved Budget,
2026-budget-Kitwe-City-Council-amended-Final.pdf,Expenditure,029,Roads and Drainages,,,16781295,2024 Approved Budget,
2026-budget-Kitwe-City-Council-amended-Final.pdf,Expenditure,031,Street Lighting,,,4554789,2024 Approved Budget,
2026-budget-Kitwe-City-Council-amended-Final.pdf,Expenditure,7,Recreation Culture and Religion,,,5962847,2024 Approved Budget,
2026-budget-Kitwe-City-Council-amended-Final.pdf,Expenditure,001,Cultural Affairs,,,279743,2024 Approved Budget,
2026-budget-Kitwe-City-Council-amended-Final.pdf,Expenditure,032,Registration of Marriages,,,313113,2024 Approved Budget,
2026-budget-Kitwe-City-Council-amended-Final.pdf,Expenditure,042,Sports Promotion,,,5369991,2024 Approved Budget,
2026-budget-Kitwe-City-Council-amended-Final.pdf,Expenditure,8,Education and skills development,,,6943941,2024 Approved Budget,
2026-budget-Kitwe-City-Council-amended-Final.pdf,Expenditure,001,District archives,,,19241,2024 Approved Budget,
2026-budget-Kitwe-City-Council-amended-Final.pdf,Expenditure,005,Early Childhood Education,,,496016,2024 Approved Budget,
2026-budget-Kitwe-City-Council-amended-Final.pdf,Expenditure,010,Adult Literacy,,,3517550,2024 Approved Budget,
2026-budget-Kitwe-City-Council-amended-Final.pdf,Expenditure,039,Library Services,,,2911134,2024 Approved Budget,
2026-budget-Kitwe-City-Council-amended-Final.pdf,Expenditure,10,Public order and safety,,,18554508,2024 Approved Budget,
2026-budget-Kitwe-City-Council-amended-Final.pdf,Expenditure,014,Building regulation,,,1669486,2024 Approved Budget,
2026-budget-Kitwe-City-Council-amended-Final.pdf,Expenditure,018,Community policing,,,7751878,2024 Approved Budget,
2026-budget-Kitwe-City-Council-amended-Final.pdf,Expenditure,041,Fire protection services,,,9133144,2024 Approved Budget,
2026-budget-Kitwe-City-Council-amended-Final.pdf,Expenditure,11,Management and support Services,,,58891454,2024 Approved Budget,
2026-budget-Kitwe-City-Council-amended-Final.pdf,Expenditure,001,Executive management,,,2038524,2024 Approved Budget,
2026-budget-Kitwe-City-Council-amended-Final.pdf,Expenditure,002,Human Resource and Administration,,,14250301,2024 Approved Budget,
2026-budget-Kitwe-City-Council-amended-Final.pdf,Expenditure,006,Public Relations,,,768925,2024 Approved Budget 2026-budget-Kitwe-City-Council-amended-,
Final.pdf,Expenditure,016,Procurement,,,2484665,2024 Approved Budget,
2026-budget-Kitwe-City-Council-amended-Final.pdf,Expenditure,024,ICT,,,4383175,2024 Approved Budget,
2026-budget-Kitwe-City-Council-amended-Final.pdf,Expenditure,028,Auditing Management,,,1088430,2024 Approved Budget,
2026-budget-Kitwe-City-Council-amended-Final.pdf,Expenditure,035,Accounting Management,,,29908582,2024 Approved Budget,
2026-budget-Kitwe-City-Council-amended-Final.pdf,Expenditure,036,Legal Services,,,3968852,2024 Approved Budget,
2026-budget-Kitwe-City-Council-amended-Final.pdf,Expenditure,12,Resource Mobilisation and Management,,,23557854,2024 Approved Budget,
2026-budget-Kitwe-City-Council-amended-Final.pdf,Expenditure,067,Revenue Mobilisation and Enhancement,,,23557854,2024 Approved Budget,
2026-budget-Kitwe-City-Council-amended-Final.pdf,Expenditure,13,District Health services,,,6223024,2024 Approved Budget,
2026-budget-Kitwe-City-Council-amended-Final.pdf,Expenditure,001,Primary Health Services,,,5703724,2024 Approved Budget,
2026-budget-Kitwe-City-Council-amended-Final.pdf,Expenditure,002,District Health Coordination,,,41800,2024 Approved Budget,
2026-budget-Kitwe-City-Council-amended-Final.pdf,Expenditure,003,Hospital Services,,,477500,2024 Approved Budget,
2026-budget-Kitwe-City-Council-amended-Final.pdf,Expenditure,15,Transport Services,,,3742847,2024 Approved Budget,
2026-budget-Kitwe-City-Council-amended-Final.pdf,Expenditure,001,Road Transport,,,3742847,2024 Approved Budget,
2026-budget-Kitwe-City-Council-amended-Final.pdf,Expenditure,16,Agricultural Services,,,0,2024 Approved Budget,
2026-budget-Kitwe-City-Council-amended-Final.pdf,Expenditure,071,Agricultural Crop production Advisory and Technical Services,,,0,2024 Approved Budget,
2026-budget-Kitwe-City-Council-amended-Final.pdf,Expenditure,072,Agribusiness Development and Marketing,,,0,2024 Approved Budget,
2026-budget-Kitwe-City-Council-amended-Final.pdf,Expenditure,073,Agriculture Co- ordination,,,0,2024 Approved Budget,
2026-budget-Kitwe-City-Council-amended-Final.pdf,Expenditure,17,Fisheries and Livestock,,,140497,2024 Approved Budget,
2026-budget-Kitwe-City-Council-amended-Final.pdf,Expenditure,074,Fisheries and Livestock Marketing,,,0,2024 Approved Budget,
2026-budget-Kitwe-City-Council-amended-Final.pdf,Expenditure,075,Animal Health Services,,,140497,2024 Approved Budget,
2026-budget-Kitwe-City-Council-amended-Final.pdf,Expenditure,076,Fisheries Production and Productivity Improvement,,,0,2024 Approved Budget,
2026-budget-Kitwe-City-Council-amended-Final.pdf,Expenditure,077,Livestock Production and Productivity Improvement,,,0,2024 Approved Budget,
2026-budget-Kitwe-City-Council-amended-Final.pdf,Expenditure,078,District Fisheries and Livestock Coordination,,,0,2024 Approved Budget,
2026-budget-Kitwe-City-Council-amended-Final.pdf,Expenditure,18,Social Protection and Community Development,,,0,2024 Approved Budget,
2026-budget-Kitwe-City-Council-amended-Final.pdf,Expenditure,079,District Social welfare,,,0,2024 Approved Budget,
2026-budget-Kitwe-City-Council-amended-Final.pdf,Expenditure,080,Community Development,,,0,2024 Approved Budget,
Approved-Budget-2025.pdf,Revenue,001,Residential,,,9833906,2025 Approved Budget,
Approved-Budget-2025.pdf,Revenue,002,Commercial,,,19245358,2025 Approved Budget,
Approved-Budget-2025.pdf,Revenue,003,Industrial,,,11778640,2025 Approved Budget,
Approved-Budget-2025.pdf,Revenue,004,Hospitality,,,678119,2025 Approved Budget,
Approved-Budget-2025.pdf,Revenue,005,Mining/Plant,,,79231834,2025 Approved Budget,
Approved-Budget-2025.pdf,Revenue,006,Power transmission,,,7172753,2025 Approved Budget,
Approved-Budget-2025.pdf,Revenue,007,Plant and Machinery,,,40474705,2025 Approved Budget,
Approved-Budget-2025.pdf,Revenue,001,Personal levy,,,199995,2025 Approved Budget,
Approved-Budget-2025.pdf,Revenue,001,Consent fees,,,75000,2025 Approved Budget,
Approved-Budget-2025.pdf,Revenue,002,Survey fees,,,295000,2025 Approved Budget,
Approved-Budget-2025.pdf,Revenue,003,Building inspection-fees,,,324500,2025 Approved Budget,
Approved-Budget-2025.pdf,Revenue,004,Plan scrutiny fee,,,967500,2025 Approved Budget,
Approved-Budget-2025.pdf,Revenue,005,Change of premise use,,,857500,2025 Approved Budget,
Approved-Budget-2025.pdf,Revenue,006,Container/Ntemba fees,,,300000,2025 Approved Budget,
Approved-Budget-2025.pdf,Revenue,007,Rentals/lease of Council's properties,,,1869060,2025 Approved Budget,
Approved-Budget-2025.pdf,Revenue,008,Non-Land Application forms fees,,,152250,2025 Approved Budget,
Approved-Budget-2025.pdf,Revenue,009,Rentals from houses,,,257400,2025 Approved Budget,
Approved-Budget-2025.pdf,Revenue,010,Sketch plan,,,10000,2025 Approved Budget,
Approved-Budget-2025.pdf,Revenue,011,Search fees,,,208500,2025 Approved Budget,
Approved-Budget-2025.pdf,Revenue,012,Notice board advert fees,,,87000,2025 Approved Budget,
Approved-Budget-2025.pdf,Revenue,013,Market fees,,,4469462,2025 Approved Budget,
Approved-Budget-2025.pdf,Revenue,014,Parking fees,,,890600,2025 Approved Budget,
Approved-Budget-2025.pdf,Revenue,016,Loading fees (buses trucks trains taxies etc.),,,6177608,2025 Approved Budget,
Approved-Budget-2025.pdf,Revenue,020,Hire of halls,,,72600,2025 Approved Budget,
Approved-Budget-2025.pdf,Revenue,025,Grave reservation,,,135200,2025 Approved Budget,
Approved-Budget-2025.pdf,Revenue,030,Education fees,,,3285500,2025 Approved Budget,
Approved-Budget-2025.pdf,Revenue,033,Refuse disposal,,,358200,2025 Approved Budget,
Approved-Budget-2025.pdf,Revenue,034,Home craft registration fee / club membership,,,240000,2025 Approved Budget,
Approved-Budget-2025.pdf,Revenue,038,Library membership fees,,,43872,2025 Approved Budget,
Approved-Budget-2025.pdf,Revenue,039,Franchise fees,,,216000,2025 Approved Budget,
Approved-Budget-2025.pdf,Revenue,045,Notice of marriage fees,,,1197000,2025 Approved Budget,
Approved-Budget-2025.pdf,Revenue,055,Illegal Paring of vehicles,,,240000,2025 Approved Budget,
Approved-Budget-2025.pdf,Revenue,056,Repairs of cars/garage/car wash,,,108000,2025 Approved Budget,
Approved-Budget-2025.pdf,Revenue,063,Billboards and banners,,,1597800,2025 Approved Budget,
Approved-Budget-2025.pdf,Revenue,066,Penalties,,,304035,2025 Approved Budget,
Approved-Budget-2025.pdf,Revenue,067,Ablution Fee,,,3440940,2025 Approved Budget,
Approved-Budget-2025.pdf,Revenue,069,Laboratory charges,,,48000,2025 Approved Budget,
Approved-Budget-2025.pdf,Revenue,078,Erection of Tombstone,,,150000,2025 Approved Budget,
Approved-Budget-2025.pdf,Revenue,084,Consultation Clinic fees,,,540000,2025 Approved Budget,
Approved-Budget-2025.pdf,Revenue,099,Other fees and charges,,,1887200,2025 Approved Budget,
Approved-Budget-2025.pdf,Revenue,001,Occupancy licence,,,600000,2025 Approved Budget,
Approved-Budget-2025.pdf,Revenue,002,Liquor licence,,,129600,2025 Approved Budget,
Approved-Budget-2025.pdf,Revenue,003,Firearm and ammunition licence,,,105000,2025 Approved Budget,
Approved-Budget-2025.pdf,Revenue,004,Petroleum Storage licence,,,758000,2025 Approved Budget,
Approved-Budget-2025.pdf,Revenue,005,Dog licence,,,55500,2025 Approved Budget,
Approved-Budget-2025.pdf,Revenue,099,Other Licences,,,174090,2025 Approved Budget,
Approved-Budget-2025.pdf,Revenue,001,Livestock Movement levy,,,564866,2025 Approved Budget,
Approved-Budget-2025.pdf,Revenue,004,Pole levy,,,10000,2025 Approved Budget,
Approved-Budget-2025.pdf,Revenue,005,Charcoal levy,,,90000,2025 Approved Budget,
Approved-Budget-2025.pdf,Revenue,008,Quarry levy,,,10000,2025 Approved Budget,
Approved-Budget-2025.pdf,Revenue,011,Telecommunication Mast,,,428000,2025 Approved Budget,
Approved-Budget-2025.pdf,Revenue,017,Trading (Wholesale) Business Levy,,,312500,2025 Approved Budget,
Approved-Budget-2025.pdf,Revenue,018,Trading (Retail) Consumable groceries business,,,5466238,2025 Approved Budget,
Approved-Budget-2025.pdf,Revenue,020,Trading (Retail) chain stores and supermarkets,,,250000,2025 Approved Budget,
Approved-Budget-2025.pdf,Revenue,021,Manufacturing,,,125000,2025 Approved Budget,
Approved-Budget-2025.pdf,Revenue,024,Trading (Retail) Automobiles,,,166668,2025 Approved Budget,
Approved-Budget-2025.pdf,Revenue,025,Theatre's and cinematography,,,5000,2025 Approved Budget,
Approved-Budget-2025.pdf,Revenue,028,Filling Station,,,133336,2025 Approved Budget,
Approved-Budget-2025.pdf,Revenue,029,Professional Occupation,,,475038,2025 Approved Budget,
Approved-Budget-2025.pdf,Revenue,030,Scrap Metal Dealers,,,106668,2025 Approved Budget,
Approved-Budget-2025.pdf,Revenue,032,Hospitality,,,292500,2025 Approved Budget,
Approved-Budget-2025.pdf,Revenue,033,Commercial Banks,,,180000,2025 Approved Budget,
Approved-Budget-2025.pdf,Revenue,001,Health permits,,,4040000,2025 Approved Budget,
Approved-Budget-2025.pdf,Revenue,008,Burial permits and grave sites,,,6492508,2025 Approved Budget,
Approved-Budget-2025.pdf,Revenue,009,Fire certificate,,,4260600,2025 Approved Budget,
Approved-Budget-2025.pdf,Revenue,010,Extension of Business hours permits,,,6000,2025 Approved Budget,
Approved-Budget-2025.pdf,Revenue,001,Service Charges Residential plots,,,12195000,2025 Approved Budget,
Approved-Budget-2025.pdf,Revenue,002,Service Charges Industrial plots,,,21450000,2025 Approved Budget,
Approved-Budget-2025.pdf,Revenue,005,Lease Charges,,,30000,2025 Approved Budget,
Approved-Budget-2025.pdf,Revenue,007,Land Application Charges,,,125000,2025 Approved Budget,
Approved-Budget-2025.pdf,Revenue,009,Change of ownership,,,30000,2025 Approved Budget,
Approved-Budget-2025.pdf,Revenue,003,Donations,,,10000,2025 Approved Budget,
Approved-Budget-2025.pdf,Revenue,099,Other Income,,,2220000,2025 Approved Budget,
Approved-Budget-2025.pdf,Revenue,001,Constituency Development Fund,,,180290750,2025 Approved Budget,
Approved-Budget-2025.pdf,Revenue,002,Roads Grant,,,3200857,2025 Approved Budget,
Approved-Budget-2025.pdf,Revenue,003,Health Grant,,,13136429,2025 Approved Budget,
Approved-Budget-2025.pdf,Revenue,004,Local Government Equalisation Fund,,,24000000,2025 Approved Budget,
Approved-Budget-2025.pdf,Revenue,099,Other Grants,,,52707601,2025 Approved Budget,
Approved-Budget-2025.pdf,Expenditure,1,Constituency Development,,,180290751,2025 Budget Estimate,
Approved-Budget-2025.pdf,Expenditure,779,Community Projects,,,109813455,2025 Budget Estimate,
Approved-Budget-2025.pdf,Expenditure,780,Women and Youth Empowerment,,,31141130,2025 Budget Estimate,
Approved-Budget-2025.pdf,Expenditure,781,CDF Administration,,,8195036,2025 Budget Estimate,
Approved-Budget-2025.pdf,Expenditure,782,Secondary School and Skills Development Bursaries,,,31141130,2025 Budget Estimate,
Approved-Budget-2025.pdf,Expenditure,2,Local Governance,,,7373453,2025 Budget Estimate,
Approved-Budget-2025.pdf,Expenditure,040,Local elections,,,111640,2025 Budget Estimate,
Approved-Budget-2025.pdf,Expenditure,044,Legislative Function,,,7208380,2025 Budget Estimate,
Approved-Budget-2025.pdf,Expenditure,045,Citizen Engagement,,,53433,2025 Budget Estimate,
Approved-Budget-2025.pdf,Expenditure,3,Integrated Development Planning,,,18197167,2025 Budget Estimate,
Approved-Budget-2025.pdf,Expenditure,006,Environmental planning,,,1605474,2025 Budget Estimate,
Approved-Budget-2025.pdf,Expenditure,021,Spatial Planning,,,8951079,2025 Budget Estimate,
Approved-Budget-2025.pdf,Expenditure,033,Socio Economic planning,,,7640614,2025 Budget Estimate,
Approved-Budget-2025.pdf,Expenditure,5,Public health and Environmental protection,,,42594754,2025 Budget Estimate,
Approved-Budget-2025.pdf,Expenditure,015,Cemetery and funeral services,,,2140107,2025 Budget Estimate,
Approved-Budget-2025.pdf,Expenditure,019,Health Inspections,,,19854714,2025 Budget Estimate,
Approved-Budget-2025.pdf,Expenditure,023,Pest control,,,2953253,2025 Budget Estimate,
Approved-Budget-2025.pdf,Expenditure,024,Pollution control,,,0,2025 Budget Estimate,
Approved-Budget-2025.pdf,Expenditure,027,Solid Waste Management,,,17403478,2025 Budget Estimate,
Approved-Budget-2025.pdf,Expenditure,030,Stormy water management,,,243202,2025 Budget Estimate,
Approved-Budget-2025.pdf,Expenditure,6,Housing and Community Amenities,,,86335680,2025 Budget Estimate,
Approved-Budget-2025.pdf,Expenditure,007,Parks and Gardens,,,2899135,2025 Budget Estimate,
Approved-Budget-2025.pdf,Expenditure,012,Markets and Bus Stations,,,15220222,2025 Budget Estimate,
Approved-Budget-2025.pdf,Expenditure,017,Community Centres,,,23236386,2025 Budget Estimate,
Approved-Budget-2025.pdf,Expenditure,026,Public Housing,,,359657,2025 Budget Estimate,
Approved-Budget-2025.pdf,Expenditure,029,Roads and Drainages,,,37692911,2025 Budget Estimate,
Approved-Budget-2025.pdf,Expenditure,031,Street Lighting,,,6927369,2025 Budget Estimate,
Approved-Budget-2025.pdf,Expenditure,7,Recreation Culture and Religion,,,5973905,2025 Budget Estimate,
Approved-Budget-2025.pdf,Expenditure,001,Cultural Affairs,,,1724,2025 Budget Estimate,
Approved-Budget-2025.pdf,Expenditure,032,Registration of Marriages,,,567294,2025 Budget Estimate,
Approved-Budget-2025.pdf,Expenditure,042,Sports Promotion,,,5404887,2025 Budget Estimate,
Approved-Budget-2025.pdf,Expenditure,8,Education and skills development,,,7363615,2025 Budget Estimate,
Approved-Budget-2025.pdf,Expenditure,001,District archives,,,19241,2025 Budget Estimate,
Approved-Budget-2025.pdf,Expenditure,005,Early Childhood Education,,,505132,2025 Budget Estimate,
Approved-Budget-2025.pdf,Expenditure,010,Adult Literacy,,,3513875,2025 Budget Estimate,
Approved-Budget-2025.pdf,Expenditure,039,Library Services,,,3325367,2025 Budget Estimate,
Approved-Budget-2025.pdf,Expenditure,10,Public order and safety,,,25097125,2025 Budget Estimate,
Approved-Budget-2025.pdf,Expenditure,014,Building regulation,,,3569825,2025 Budget Estimate,
Approved-Budget-2025.pdf,Expenditure,018,Community policing,,,8532230,2025 Budget Estimate,
Approved-Budget-2025.pdf,Expenditure,041,Fire protection services,,,12995070,2025 Budget Estimate,
Approved-Budget-2025.pdf,Expenditure,11,Management and support Services,,,85208454,2025 Budget Estimate,
Approved-Budget-2025.pdf,Expenditure,001,Executive management,,,7391519,2025 Budget Estimate,
Approved-Budget-2025.pdf,Expenditure,002,Human Resource and Administration,,,25270907,2025 Budget Estimate,
Approved-Budget-2025.pdf,Expenditure,006,Public Relations,,,2359228,2025 Budget Estimate,
Approved-Budget-2025.pdf,Expenditure,016,Procurement,,,3706180,2025 Budget Estimate,
Approved-Budget-2025.pdf,Expenditure,024,ICT,,,4092188,2025 Budget Estimate,
Approved-Budget-2025.pdf,Expenditure,028,Auditing Management,,,2261503,2025 Budget Estimate,
Approved-Budget-2025.pdf,Expenditure,035,Accounting Management,,,34105692,2025 Budget Estimate,
Approved-Budget-2025.pdf,Expenditure,036,Legal Services,,,6021237,2025 Budget Estimate,
Approved-Budget-2025.pdf,Expenditure,12,Resource Mobilisation and Management,,,15249956,2025 Budget Estimate,
Approved-Budget-2025.pdf,Expenditure,067,Revenue Mobilisation and Enhancement,,,15249956,2025 Budget Estimate,
Approved-Budget-2025.pdf,Expenditure,13,District Health services,,,13136429,2025 Budget Estimate,
Approved-Budget-2025.pdf,Expenditure,001,Primary Health Services,,,5730920,2025 Budget Estimate,
Approved-Budget-2025.pdf,Expenditure,002,District Health Coordination,,,1385509,2025 Budget Estimate,
Approved-Budget-2025.pdf,Expenditure,003,Hospital Services,,,6020000,2025 Budget Estimate,
Approved-Budget-2025.pdf,Expenditure,15,Transport Services,,,3200857,2025 Budget Estimate,
Approved-Budget-2025.pdf,Expenditure,001,Road Transport,,,3200857,2025 Budget Estimate,
Approved-Budget-2025.pdf,Expenditure,16,Agricultural Services,,,490000,2025 Budget Estimate,
Approved-Budget-2025.pdf,Expenditure,071,Agricultural Crop production Advisory and Technical Services,,,350000,2025 Budget Estimate,
Approved-Budget-2025.pdf,Expenditure,072,Agribusiness Development and Marketing,,,40000,2025 Budget Estimate,
Approved-Budget-2025.pdf,Expenditure,073,Agriculture Co-ordination,,,100000,2025 Budget Estimate,
Approved-Budget-2025.pdf,Expenditure,17,Fisheries and Livestock,,,486160,2025 Budget Estimate,
Approved-Budget-2025.pdf,Expenditure,074,Fisheries and Livestock Marketing,,,80000,2025 Budget Estimate,
Approved-Budget-2025.pdf,Expenditure,075,Animal Health Services,,,100004,2025 Budget Estimate,
Approved-Budget-2025.pdf,Expenditure,076,Fisheries Production and Productivity Improvement,,,90000,2025 Budget Estimate,
Approved-Budget-2025.pdf,Expenditure,077,Livestock Production and Productivity Improvement,,,50000,2025 Budget Estimate,
Approved-Budget-2025.pdf,Expenditure,078,District Fisheries and Livestock Coordination,,,166156,2025 Budget Estimate,
Approved-Budget-2025.pdf,Expenditure,18,Social Protection and Community Development,,,43055480,2025 Budget Estimate,
Approved-Budget-2025.pdf,Expenditure,079,District Social welfare,,,43050309,2025 Budget Estimate,
Approved-Budget-2025.pdf,Expenditure,080,Community Development,,,5171,2025 Budget Estimate,
CDF-2024-PROPOSED-AND-APPROVED-PROJECTS.pdf,Proposed,1,Completion of police post,,,2024 CDF funding,,
CDF-2024-PROPOSED-AND-APPROVED-PROJECTS.pdf,Proposed,2,Construction of additional Class room blocks at happy Kawama school,,,2024 CDF funding,,
CDF-2024-PROPOSED-AND-APPROVED-PROJECTS.pdf,Proposed,3,Electrification of happy school,,,2024 CDF funding,,
CDF-2024-PROPOSED-AND-APPROVED-PROJECTS.pdf,Proposed,4,Building for drainages/ digging,,,2024 CDF funding,,
CDF-2024-PROPOSED-AND-APPROVED-PROJECTS.pdf,Proposed,5,Construction of ablation block at Comis school,,,2024 CDF funding,,
CDF-2024-PROPOSED-AND-APPROVED-PROJECTS.pdf,Proposed,6,Expansion of Misenga clinic,,,2024 CDF funding,,
CDF-2024-PROPOSED-AND-APPROVED-PROJECTS.pdf,Proposed,7,Electrification of Kamatipa market,,,2024 CDF funding,,
CDF-2024-PROPOSED-AND-APPROVED-PROJECTS.pdf,Proposed,8,Construction of clinic(shelter) at Kawama clinic,,,2024 CDF funding,,
CDF-2024-PROPOSED-AND-APPROVED-PROJECTS.pdf,Proposed,9,Construction of modern toilets at happy Kawama school,,,2024 CDF funding,,
CDF-2024-PROPOSED-AND-APPROVED-PROJECTS.pdf,Proposed,10,Construction of youth friendly space at Kawama clinic,,,2024 CDF funding,,
CDF-2024-PROPOSED-AND-APPROVED-PROJECTS.pdf,Proposed,11,Drilling of solar driven water borehole at Kawama Clinic,,,2024 CDF funding,,
CDF-2024-PROPOSED-AND-APPROVED-PROJECTS.pdf,Proposed,12,Procurement of 450 desks at Comis school,,,2024 CDF funding,,
CDF-2024-PROPOSED-AND-APPROVED-PROJECTS.pdf,Proposed,13,Construction of bridge on Nakayombo stream,,,2024 CDF funding,,
CDF-2024-PROPOSED-AND-APPROVED-PROJECTS.pdf,Proposed,14,Electrification of Misenga school,,,2024 CDF funding,,
CDF-2024-PROPOSED-AND-APPROVED-PROJECTS.pdf,Proposed,15,Construction of modern maternity wine at Kawama clinic,,,2024 CDF funding,,
CDF-2024-PROPOSED-AND-APPROVED-PROJECTS.pdf,Proposed,16,Drilling and installation of solar powered bore holes,,,2024 CDF funding,,
CDF-2024-PROPOSED-AND-APPROVED-PROJECTS.pdf,Proposed,17,Electrification of east of Garneton police post,,,2024 CDF funding,,
CDF-2024-PROPOSED-AND-APPROVED-PROJECTS.pdf,Proposed,18,Construction of wall fence at Happy Kawama school,,,2024 CDF funding,,
CDF-2024-PROPOSED-AND-APPROVED-PROJECTS.pdf,Proposed,19,Drilling of water borehole solar driven at Comis school,,,2024 CDF funding,,
CDF-2024-PROPOSED-AND-APPROVED-PROJECTS.pdf,Proposed,20,Construction of ablution block at Lubuto Center,,,2024 CDF funding,,
CDF-2024-PROPOSED-AND-APPROVED-PROJECTS.pdf,Proposed,21,Construction of a 1x4 classroom block at Lubuto Centre,,,2024 CDF funding,,
CDF-2024-PROPOSED-AND-APPROVED-PROJECTS.pdf,Proposed,22,Construction of a wall fence at Lubuto centre,,,2024 CDF funding,,
CDF-2024-PROPOSED-AND-APPROVED-PROJECTS.pdf,Proposed,23,Construction of Chanda bridge,,,2024 CDF funding,,
CDF-2024-PROPOSED-AND-APPROVED-PROJECTS.pdf,Proposed,24,Roofing of Chimwemwe secondary school Hall,,,2024 CDF funding,,
CDF-2024-PROPOSED-AND-APPROVED-PROJECTS.pdf,Proposed,25,Installation of street lights,,,2024 CDF funding,,
CDF-2024-PROPOSED-AND-APPROVED-PROJECTS.pdf,Proposed,26,Desk procurement,,,2024 CDF funding,,
CDF-2024-PROPOSED-AND-APPROVED-PROJECTS.pdf,Proposed,27,Construction of drainages,,,2024 CDF funding,,
CDF-2024-PROPOSED-AND-APPROVED-PROJECTS.pdf,Proposed,28,Borehole drilling,,,2024 CDF funding,,
CDF-2024-PROPOSED-AND-APPROVED-PROJECTS.pdf,Proposed,29,Footbridge co-sharing between Buchi ward and Chimwemwe wards,,,2024 CDF funding,,
CDF-2024-PROPOSED-AND-APPROVED-PROJECTS.pdf,Proposed,30,Street lighting,,,2024 CDF funding,,
CDF-2024-PROPOSED-AND-APPROVED-PROJECTS.pdf,Proposed,31,Health post,,,2024 CDF funding,,
CDF-2024-PROPOSED-AND-APPROVED-PROJECTS.pdf,Proposed,32,Police post,,,2024 CDF funding,,
CDF-2024-PROPOSED-AND-APPROVED-PROJECTS.pdf,Proposed,33,Desk procurement,,,2024 CDF funding,,
CDF-2024-PROPOSED-AND-APPROVED-PROJECTS.pdf,Proposed,34,Education (wall fence and roof repairing),,,2024 CDF funding,,
CDF-2024-PROPOSED-AND-APPROVED-PROJECTS.pdf,Proposed,35,Street lighting of various tarried roads in Buntungwa ward,,,2024 CDF funding,,
CDF-2024-PROPOSED-AND-APPROVED-PROJECTS.pdf,Proposed,36,Drilling & (water) construction of (5) boreholes,,,2024 CDF funding,,
CDF-2024-PROPOSED-AND-APPROVED-PROJECTS.pdf,Proposed,37,Construction of a placenta pit and fencing off of an incinerator/placenta pit at Chimwemwe clinic,,,2024 CDF funding,,
CDF-2024-PROPOSED-AND-APPROVED-PROJECTS.pdf,Proposed,38,Construction of an ablution block at mama Monty Combined School,,,2024 CDF funding,,
CDF-2024-PROPOSED-AND-APPROVED-PROJECTS.pdf,Proposed,39,Construction of vegetables traders market shelter at old Nakadoli market,,,2024 CDF funding,,
CDF-2024-PROPOSED-AND-APPROVED-PROJECTS.pdf,Proposed,40,Construction of 1*4 classroom block at Natwange combined school,,,2024 CDF funding,,
CDF-2024-PROPOSED-AND-APPROVED-PROJECTS.pdf,Proposed,41,Construction of a laboratory at mama Monty combined school,,,2024 CDF funding,,
CDF-2024-PROPOSED-AND-APPROVED-PROJECTS.pdf,Proposed,42,Desk procurement,,,2024 CDF funding,,
CDF-2024-PROPOSED-AND-APPROVED-PROJECTS.pdf,Proposed,43,Construction and equipping of a Laboratory 1*1 classroom block at Natwange combined school,,,2024 CDF funding,,
CDF-2024-PROPOSED-AND-APPROVED-PROJECTS.pdf,Proposed,44,Completion of a toilet a Sopelo and drilling of a borehole and equipping,,,2024 CDF funding,,
CDF-2024-PROPOSED-AND-APPROVED-PROJECTS.pdf,Proposed,45,Water connection Ituna area near Pried 070 course Primary School,,,2024 CDF funding,,
CDF-2024-PROPOSED-AND-APPROVED-PROJECTS.pdf,Proposed,46,Street lights,,,2024 CDF funding,,
CDF-2024-PROPOSED-AND-APPROVED-PROJECTS.pdf,Proposed,47,Desk procurement,,,2024 CDF funding,,
CDF-2024-PROPOSED-AND-APPROVED-PROJECTS.pdf,Proposed,48,Completion of wall fence at Twatasha combined,,,2024 CDF funding,,
CDF-2024-PROPOSED-AND-APPROVED-PROJECTS.pdf,Proposed,49,Construction of ablution block,,,2024 CDF funding,,
CDF-2024-PROPOSED-AND-APPROVED-PROJECTS.pdf,Proposed,50,Equipping of Twatasha maternity wing,,,2024 CDF funding,,
CDF-2024-PROPOSED-AND-APPROVED-PROJECTS.pdf,Proposed,51,Installation of commercial solar borehole at Ituna near racecourse primary school,,,2024 CDF funding,,
CDF-2024-PROPOSED-AND-APPROVED-PROJECTS.pdf,Proposed,52,Construction of bridge on the ring road connecting Mukuba university Zambia compound Garneton,,,2024 CDF funding,,
CDF-2024-PROPOSED-AND-APPROVED-PROJECTS.pdf,Proposed,53,Construction of modern maternity clinic in Garneton,,,2024 CDF funding,,
CDF-2024-PROPOSED-AND-APPROVED-PROJECTS.pdf,Proposed,54,Construction of a police station at the newly designated site,,,2024 CDF funding,,
CDF-2024-PROPOSED-AND-APPROVED-PROJECTS.pdf,Proposed,55,Construction of wall fence at Garneton secondary school,,,2024 CDF funding,,
CDF-2024-PROPOSED-AND-APPROVED-PROJECTS.pdf,Proposed,56,Construction of a youth community Center in Zambia compound,,,2024 CDF funding,,
CDF-2024-PROPOSED-AND-APPROVED-PROJECTS.pdf,Proposed,57,Construction of ablation block at the Garneton local court,,,2024 CDF funding,,
CDF-2024-PROPOSED-AND-APPROVED-PROJECTS.pdf,Proposed,58,Construction of ablation block Mwabashi basic school,,,2024 CDF funding,,
CDF-2024-PROPOSED-AND-APPROVED-PROJECTS.pdf,Proposed,59,Construction of a 1 block x 4 class rooms at Lwela primary school,,,2024 CDF funding,,
CDF-2024-PROPOSED-AND-APPROVED-PROJECTS.pdf,Proposed,60,Construction of bridge on vanadium road (urgent),,,2024 CDF funding,,
CDF-2024-PROPOSED-AND-APPROVED-PROJECTS.pdf,Proposed,61,Construction of foot bridge of Twatasha stream,,,2024 CDF funding,,
CDF-2024-PROPOSED-AND-APPROVED-PROJECTS.pdf,Proposed,62,Purchasing of 200 desks for Garneton sec. School,,,2024 CDF funding,,
CDF-2024-PROPOSED-AND-APPROVED-PROJECTS.pdf,Proposed,63,Purchasing of 200 desks for Mwambashi basic school,,,2024 CDF funding,,
CDF-2024-PROPOSED-AND-APPROVED-PROJECTS.pdf,Proposed,64,Purchasing of 200 desks for OVC primary school,,,2024 CDF funding,,
CDF-2024-PROPOSED-AND-APPROVED-PROJECTS.pdf,Proposed,65,Purchasing of 200 desks for Kamilulu primary school,,,2024 CDF funding,,
CDF-2024-PROPOSED-AND-APPROVED-PROJECTS.pdf,Proposed,66,Purchasing of 200 desks for Lwela primary school,,,2024 CDF funding,,
CDF-2024-PROPOSED-AND-APPROVED-PROJECTS.pdf,Proposed,67,Purchasing of 200 desks for Bush Fire Primary School,,,2024 CDF funding,,
CDF-2024-PROPOSED-AND-APPROVED-PROJECTS.pdf,Proposed,68,Purchasing of 200 desks for Salamano primary school,,,2024 CDF funding,,
CDF-2024-PROPOSED-AND-APPROVED-PROJECTS.pdf,Proposed,69,Construction 1*4 classroom block at bush fire primary school,,,2024 CDF funding,,
CDF-2024-PROPOSED-AND-APPROVED-PROJECTS.pdf,Proposed,70,Construction of commercial boreholes at forest compound and azurite road,,,2024 CDF funding,,
CDF-2024-PROPOSED-AND-APPROVED-PROJECTS.pdf,Proposed,71,Construction of a market shelter at KCC Kamatipa,,,2024 CDF funding,,
CDF-2024-PROPOSED-AND-APPROVED-PROJECTS.pdf,Proposed,72,Construction of a police post,,,2024 CDF funding,,
CDF-2024-PROPOSED-AND-APPROVED-PROJECTS.pdf,Proposed,73,Construction of a 1x4 classroom block at Kamatipa combined school,,,2024 CDF funding,,
CDF-2024-PROPOSED-AND-APPROVED-PROJECTS.pdf,Proposed,74,Drilling of va borehole at Kamatipa combined school,,,2024 CDF funding,,
CDF-2024-PROPOSED-AND-APPROVED-PROJECTS.pdf,Proposed,75,Roof renovation of 1x6 classroom block at Kamatipa combined school,,,2024 CDF funding,,
CDF-2024-PROPOSED-AND-APPROVED-PROJECTS.pdf,Proposed,76,Construction of a bridge between Kawama ward and Kamatipa ward,,,2024 CDF funding,,
CDF-2024-PROPOSED-AND-APPROVED-PROJECTS.pdf,Proposed,77,Purchasing of land for a clinic,,,2024 CDF funding,,
CDF-2024-PROPOSED-AND-APPROVED-PROJECTS.pdf,Proposed,78,Desk procurement,,,2024 CDF funding,,
CDF-2024-PROPOSED-AND-APPROVED-PROJECTS.pdf,Proposed,1,Purchase of Desks,,,2024 CDF funding,,
CDF-2024-PROPOSED-AND-APPROVED-PROJECTS.pdf,Proposed,2,Construction of Wall Fence,,,2024 CDF funding,,
CDF-2024-PROPOSED-AND-APPROVED-PROJECTS.pdf,Proposed,3,Electrifying the teachers staff houses,,,2024 CDF funding,,
CDF-2024-PROPOSED-AND-APPROVED-PROJECTS.pdf,Proposed,4,Siting drilling and equipping of borehole,,,2024 CDF funding,,
CDF-2024-PROPOSED-AND-APPROVED-PROJECTS.pdf,Proposed,5,Placing of Culverts,,,2024 CDF funding,,
CDF-2024-PROPOSED-AND-APPROVED-PROJECTS.pdf,Proposed,6,Construction of an Ablution Block,,,2024 CDF funding,,
CDF-2024-PROPOSED-AND-APPROVED-PROJECTS.pdf,Proposed,7,Construction of Industrial Arts Workshop,,,2024 CDF funding,,
CDF-2024-PROPOSED-AND-APPROVED-PROJECTS.pdf,Proposed,8,Construction an Ablution Block,,,2024 CDF funding,,
CDF-2024-PROPOSED-AND-APPROVED-PROJECTS.pdf,Proposed,9,Construction of 1x3 Classroom Block,,,2024 CDF funding,,
CDF-2024-PROPOSED-AND-APPROVED-PROJECTS.pdf,Proposed,10,Construction of 1x3 Classroom Block,,,2024 CDF funding,,
CDF-2024-PROPOSED-AND-APPROVED-PROJECTS.pdf,Proposed,11,Rehabilitation of Clinic,,,2024 CDF funding,,
CDF-2024-PROPOSED-AND-APPROVED-PROJECTS.pdf,Proposed,12,Construction an Ablution Block,,,2024 CDF funding,,
CDF-2024-PROPOSED-AND-APPROVED-PROJECTS.pdf,Proposed,13,Construction of Market Shelter,,,2024 CDF funding,,
CDF-2024-PROPOSED-AND-APPROVED-PROJECTS.pdf,Proposed,14,Construction of 1x3 Classroom Block,,,2024 CDF funding,,
CDF-2024-PROPOSED-AND-APPROVED-PROJECTS.pdf,Proposed,15,Construction of Staff House,,,2024 CDF funding,,
CDF-2024-PROPOSED-AND-APPROVED-PROJECTS.pdf,Proposed,16,Construction of Health Post,,,2024 CDF funding,,
CDF-2024-PROPOSED-AND-APPROVED-PROJECTS.pdf,Proposed,17,Construction of an Ablution Block,,,2024 CDF funding,,
CDF-2024-PROPOSED-AND-APPROVED-PROJECTS.pdf,Proposed,18,Construction of 1x2 Classroom Block,,,2024 CDF funding,,
CDF-2024-PROPOSED-AND-APPROVED-PROJECTS.pdf,Proposed,19,Construction of an Ablution Block,,,2024 CDF funding,,
CDF-2024-PROPOSED-AND-APPROVED-PROJECTS.pdf,Proposed,20,Construction of Health Post,,,2024 CDF funding,,
CDF-2024-PROPOSED-AND-APPROVED-PROJECTS.pdf,Proposed,21,Construction of an Ablution Block,,,2024 CDF funding,,
CDF-2024-PROPOSED-AND-APPROVED-PROJECTS.pdf,Proposed,22,Construction of 1x3 Classroom Block,,,2024 CDF funding,,
CDF-2024-PROPOSED-AND-APPROVED-PROJECTS.pdf,Proposed,23,Construction of 1x4 Classroom Block,,,2024 CDF funding,,
CDF-2024-PROPOSED-AND-APPROVED-PROJECTS.pdf,Proposed,24,Completion of Ndeke Mini Hospital,,,2024 CDF funding,,
CDF-2024-PROPOSED-AND-APPROVED-PROJECTS.pdf,Proposed,25,Construction of an Ablution Block,,,2024 CDF funding,,
CDF-2024-PROPOSED-AND-APPROVED-PROJECTS.pdf,Proposed,26,Construction of Police Post,,,2024 CDF funding,,
CDF-2024-PROPOSED-AND-APPROVED-PROJECTS.pdf,Proposed,27,Water Supply - Nkana Water,,,2024 CDF funding,,
CDF-2024-PROPOSED-AND-APPROVED-PROJECTS.pdf,Proposed,28,Installation of 2.8km of Streetlights,,,2024 CDF funding,,
CDF-2024-PROPOSED-AND-APPROVED-PROJECTS.pdf,Proposed,29,Installation of 2km of Streetlights,,,2024 CDF funding,,
CDF-2024-PROPOSED-AND-APPROVED-PROJECTS.pdf,Proposed,30,Installation of 2km of Streetlights,,,2024 CDF funding,,
CDF-2024-PROPOSED-AND-APPROVED-PROJECTS.pdf,Proposed,31,Installation of 0.8km of Streetlights,,,2024 CDF funding,,
CDF-2024-PROPOSED-AND-APPROVED-PROJECTS.pdf,Proposed,32,Water Supply - Nkana Water,,,2024 CDF funding,,
CDF-2024-PROPOSED-AND-APPROVED-PROJECTS.pdf,Proposed,33,Rehabilitation of 1x3 Classroom Block and Wall Fence,,,2024 CDF funding,,
CDF-2024-PROPOSED-AND-APPROVED-PROJECTS.pdf,Proposed,34,Construction of Science and Computer Laboratory,,,2024 CDF funding,,
CDF-2024-PROPOSED-AND-APPROVED-PROJECTS.pdf,Proposed,35,Construction of Admission Wards,,,2024 CDF funding,,
CDF-2024-PROPOSED-AND-APPROVED-PROJECTS.pdf,Proposed,36,Construction of Foot Bridge,,,2024 CDF funding,,
CDF-2024-PROPOSED-AND-APPROVED-PROJECTS.pdf,Proposed,37,Construction of Foot Bridge,,,2024 CDF funding,,
CDF-2024-PROPOSED-AND-APPROVED-PROJECTS.pdf,Proposed,38,Construction of Foot Bridge,,,2024 CDF funding,,
CDF-2024-PROPOSED-AND-APPROVED-PROJECTS.pdf,Proposed,39,Construction of Foot Bridge,,,2024 CDF funding,,
CDF-2024-PROPOSED-AND-APPROVED-PROJECTS.pdf,Proposed,40,Water Supply - Nkana Water,,,2024 CDF funding,,
CDF-2024-PROPOSED-AND-APPROVED-PROJECTS.pdf,Proposed,41,Renovation of Market Shelter,,,2024 CDF funding,,
CDF-2024-PROPOSED-AND-APPROVED-PROJECTS.pdf,Proposed,42,Construction of Police Post,,,2024 CDF funding,,
CDF-2024-PROPOSED-AND-APPROVED-PROJECTS.pdf,Proposed,43,Construction of Wall Fence,,,2024 CDF funding,,
CDF-2024-PROPOSED-AND-APPROVED-PROJECTS.pdf,Proposed,44,Construction of Foot Bridge,,,2024 CDF funding,,
CDF-2024-PROPOSED-AND-APPROVED-PROJECTS.pdf,Proposed,45,Construction of Foot Bridge,,,2024 CDF funding,,
CDF-2024-PROPOSED-AND-APPROVED-PROJECTS.pdf,Proposed,46,Rehabilitation of Foot Bridge,,,2024 CDF funding,,
CDF-2024-PROPOSED-AND-APPROVED-PROJECTS.pdf,Proposed,47,Installation of 1.2km of Streetlights,,,2024 CDF funding,,
CDF-2024-PROPOSED-AND-APPROVED-PROJECTS.pdf,Proposed,48,Installation of 1.6km of Streetlights,,,2024 CDF funding,,
CDF-2024-PROPOSED-AND-APPROVED-PROJECTS.pdf,Proposed,49,Installation of 1.9km of Streetlights,,,2024 CDF funding,,
CDF-2024-PROPOSED-AND-APPROVED-PROJECTS.pdf,Proposed,50,Installation of 3.9km of Streetlights,,,2024 CDF funding,,
CDF-2024-PROPOSED-AND-APPROVED-PROJECTS.pdf,Proposed,51,Construction of Market Shelter,,,2024 CDF funding,,
CDF-2024-PROPOSED-AND-APPROVED-PROJECTS.pdf,Proposed,52,Construction of Market Shelter,,,2024 CDF funding,,
CDF-2024-PROPOSED-AND-APPROVED-PROJECTS.pdf,Proposed,53,Construction of Police Post,,,2024 CDF funding,,
CDF-2024-PROPOSED-AND-APPROVED-PROJECTS.pdf,Proposed,54,Construction of Mothers Shelter,,,2024 CDF funding,,
CDF-2024-PROPOSED-AND-APPROVED-PROJECTS.pdf,Proposed,55,Construction of 1x1 Classroom Block,,,2024 CDF funding,,
CDF-2024-PROPOSED-AND-APPROVED-PROJECTS.pdf,Proposed,56,Buying off houses for expansion of Mulenga Primary School,,,2024 CDF funding,,
CDF-2024-PROPOSED-AND-APPROVED-PROJECTS.pdf,Proposed,57,Construction of Wall Fence,,,2024 CDF funding,,
CDF-2024-PROPOSED-AND-APPROVED-PROJECTS.pdf,Proposed,58,Construction of 1x3 Classroom Block,,,2024 CDF funding,,
CDF-2024-PROPOSED-AND-APPROVED-PROJECTS.pdf,Proposed,59,Rehabilitation of Ablution Block,,,2024 CDF funding,,
CDF-2024-PROPOSED-AND-APPROVED-PROJECTS.pdf,Proposed,60,Construction of Wall Fence,,,2024 CDF funding,,
CDF-2024-PROPOSED-AND-APPROVED-PROJECTS.pdf,Proposed,61,Construction of 1x3 Classroom Block,,,2024 CDF funding,,
CDF-2024-PROPOSED-AND-APPROVED-PROJECTS.pdf,Proposed,62,Construction of 1x3 Classroom Block,,,2024 CDF funding,,
CDF-2024-PROPOSED-AND-APPROVED-PROJECTS.pdf,Proposed,63,Construction of an Ablution Block,,,2024 CDF funding,,
CDF-2024-PROPOSED-AND-APPROVED-PROJECTS.pdf,Proposed,64,Purchase of earth moving Machinery,,,2024 CDF funding,,
CDF-2024-PROPOSED-AND-APPROVED-PROJECTS.pdf,Proposed,65,Siting drilling and equipping of borehole,,,2024 CDF funding,,
CDF-2024-PROPOSED-AND-APPROVED-PROJECTS.pdf,Proposed,66,Construction of a Classroom Block in Misaka,,,2024 CDF funding,,
CDF-2024-PROPOSED-AND-APPROVED-PROJECTS.pdf,Proposed,67,Rehabilitation of Market Shelter,,,2024 CDF funding,,
CDF-2024-PROPOSED-AND-APPROVED-PROJECTS.pdf,Proposed,68,Completion of Toilet at Market Shelter,,,2024 CDF funding,,
CDF-2024-PROPOSED-AND-APPROVED-PROJECTS.pdf,Proposed,69,Grading of Roads,,,2024 CDF funding,,
CDF-2024-PROPOSED-AND-APPROVED-PROJECTS.pdf,Proposed,70,Procurement of 4 Toyota Hiace Ace Mini Bus 14 Seats,,,2024 CDF funding,,
CDF-2024-PROPOSED-AND-APPROVED-PROJECTS.pdf,Proposed,71,Construction of an Ablution Block,,,2024 CDF funding,,
CDF-2024-PROPOSED-AND-APPROVED-PROJECTS.pdf,Proposed,72,Construction of Wall Fence with the inclusion of Desks,,,2024 CDF funding,,
CDF-2024-PROPOSED-AND-APPROVED-PROJECTS.pdf,Proposed,73,Construction of skills Centre,,,2024 CDF funding,,
CDF-2024-PROPOSED-AND-APPROVED-PROJECTS.pdf,Proposed,74,Construction of Wall Fence,,,2024 CDF funding,,
CDF-2024-PROPOSED-AND-APPROVED-PROJECTS.pdf,Proposed,75,Water Pump,,,2024 CDF funding,,
CDF-2024-PROPOSED-AND-APPROVED-PROJECTS.pdf,Proposed,76,Construction of Wall Fence,,,2024 CDF funding,,
CDF-2024-PROPOSED-AND-APPROVED-PROJECTS.pdf,Proposed,77,Construction of Wall Fence,,,2024 CDF funding,,
CDF-2024-PROPOSED-AND-APPROVED-PROJECTS.pdf,Proposed,78,Construction of Wall Fence,,,2024 CDF funding,,
CDF-2024-PROPOSED-AND-APPROVED-PROJECTS.pdf,Proposed,79,Construction of an Ablution Block,,,2024 CDF funding,,
CDF-2024-PROPOSED-AND-APPROVED-PROJECTS.pdf,Proposed,80,Construction of a Health Post,,,2024 CDF funding,,
CDF-2024-PROPOSED-AND-APPROVED-PROJECTS.pdf,Proposed,1,Drilling And Equipping of Borehole at Bulangililo Clinic,,,2024 CDF funding,,
CDF-2024-PROPOSED-AND-APPROVED-PROJECTS.pdf,Proposed,2,Equipping of Borehole - at Mwaiseni overspill Market and Ablution,,,2024 CDF funding,,
CDF-2024-PROPOSED-AND-APPROVED-PROJECTS.pdf,Proposed,3,Equipping of Borehole - at Nyali Community Police Post,,,2024 CDF funding,,
CDF-2024-PROPOSED-AND-APPROVED-PROJECTS.pdf,Proposed,4,Health Clinic,,,2024 CDF funding,,
CDF-2024-PROPOSED-AND-APPROVED-PROJECTS.pdf,Proposed,5,Procurement of 100 Desks for Kafue Park Primary School,,,2024 CDF funding,,
CDF-2024-PROPOSED-AND-APPROVED-PROJECTS.pdf,Proposed,6,Procurement of 110 Desks for the 1x4 Classroom Block at Chantete Primary School,,,2024 CDF funding,,
CDF-2024-PROPOSED-AND-APPROVED-PROJECTS.pdf,Proposed,7,Procurement of 180 Desks for Lulamba Primary School,,,2024 CDF funding,,
CDF-2024-PROPOSED-AND-APPROVED-PROJECTS.pdf,Proposed,8,Procurement of 200 Desks at Bulangililo Combined School A & B,,,2024 CDF funding,,
CDF-2024-PROPOSED-AND-APPROVED-PROJECTS.pdf,Proposed,9,Procurement of 200 Desks for Mitanto School Community Hall,,,2024 CDF funding,,
CDF-2024-PROPOSED-AND-APPROVED-PROJECTS.pdf,Proposed,10,Procurement of 200 School Desks for Riverain School,,,2024 CDF funding,,
CDF-2024-PROPOSED-AND-APPROVED-PROJECTS.pdf,Proposed,11,Procurement of 60 Desks for Mupundu Primary School,,,2024 CDF funding,,
CDF-2024-PROPOSED-AND-APPROVED-PROJECTS.pdf,Proposed,12,Procurement of 750 Desks and 200 Desk Boards at Ipusukilo Primary School,,,2024 CDF funding,,
CDF-2024-PROPOSED-AND-APPROVED-PROJECTS.pdf,Proposed,13,Procurement of a Bull Dozer,,,2024 CDF funding,,
CDF-2024-PROPOSED-AND-APPROVED-PROJECTS.pdf,Proposed,14,Procurement of a Grader & Tipper Truck (Bell),,,2024 CDF funding,,
CDF-2024-PROPOSED-AND-APPROVED-PROJECTS.pdf,Proposed,15,Procurement of School Desks,,,2024 CDF funding,,
CDF-2024-PROPOSED-AND-APPROVED-PROJECTS.pdf,Proposed,16,Purchase of aa Ambulance at Eddeco Clinic and Upgrading the Clinic and Toilets,,,2024 CDF funding,,
CDF-2024-PROPOSED-AND-APPROVED-PROJECTS.pdf,Proposed,17,Purchase of Equipment for the Maternity Wing at Ipusukilo Clinic,,,2024 CDF funding,,
CDF-2024-PROPOSED-AND-APPROVED-PROJECTS.pdf,Proposed,18,Rehabilitation of OPD 1 at Kwacha Clinic,,,2024 CDF funding,,
CDF-2024-PROPOSED-AND-APPROVED-PROJECTS.pdf,Proposed,19,Re-Installation and New Connections - Equipping of Borehole,,,2024 CDF funding,,
CDF-2024-PROPOSED-AND-APPROVED-PROJECTS.pdf,Proposed,20,Re-Installation and New Connections - Equipping of Borehole,,,2024 CDF funding,,
CDF-2024-PROPOSED-AND-APPROVED-PROJECTS.pdf,Proposed,21,Road Paving of CBU Clinic Road,,,2024 CDF funding,,
CDF-2024-PROPOSED-AND-APPROVED-PROJECTS.pdf,Proposed,22,Siting And Drilling of Borehole - at Nyali Community Police Post,,,2024 CDF funding,,
CDF-2024-PROPOSED-AND-APPROVED-PROJECTS.pdf,Proposed,23,Siting And Drilling of Borehole - at Mwaiseni Overspill Market,,,2024 CDF funding,,
CDF-2024-PROPOSED-AND-APPROVED-PROJECTS.pdf,Proposed,24,Stone Pitching of The Drainage in Chimbotela Area,,,2024 CDF funding,,
CDF-2024-PROPOSED-AND-APPROVED-PROJECTS.pdf,Proposed,25,Supply and Delivery of an Ambulance,,,2024 CDF funding,,
CDF-2024-PROPOSED-AND-APPROVED-PROJECTS.pdf,Proposed,26,Supply and Delivery of Motor Grader,,,2024 CDF funding,,
CDF-2024-PROPOSED-AND-APPROVED-PROJECTS.pdf,Proposed,27,Supply and Delivery of Tipper Truck,,,2024 CDF funding,,
CDF-2024-PROPOSED-AND-APPROVED-PROJECTS.pdf,Proposed,28,Supply and Installation of a Sliding Gate at Bulangililo Clinic,,,2024 CDF funding,,
CDF-2024-PROPOSED-AND-APPROVED-PROJECTS.pdf,Proposed,29,Upgrading of Ipusukilo Market/ Borehole Installation,,,2024 CDF funding,,
CDF-2024-PROPOSED-AND-APPROVED-PROJECTS.pdf,Proposed,30,Upgrading of Nkana East Clinic to a Mini Hospital,,,2024 CDF funding,,
CDF-2024-PROPOSED-AND-APPROVED-PROJECTS.pdf,Proposed,31,Upgrading the Road from Ipusukilo Police Post through Eddeco Clinic,,,2024 CDF funding,,
CDF-2024-PROPOSED-AND-APPROVED-PROJECTS.pdf,Proposed,32,Extension of Concrete Base on Entrance and Exits,,,2024 CDF funding,,
CDF-2024-PROPOSED-AND-APPROVED-PROJECTS.pdf,Proposed,33,Construction of an Ablution Block at Bulangililo Market,,,2024 CDF funding,,
CDF-2024-PROPOSED-AND-APPROVED-PROJECTS.pdf,Proposed,34,Construction of Concrete Block Wall Fence at Lulamba Primary School,,,2024 CDF funding,,
CDF-2024-PROPOSED-AND-APPROVED-PROJECTS.pdf,Proposed,35,Construction of Police Post in Kwacha Resettlement (Kr) Area,,,2024 CDF funding,,
CDF-2024-PROPOSED-AND-APPROVED-PROJECTS.pdf,Proposed,36,Construction of Standard Health Post at Kafue,,,2024 CDF funding,,
CDF-2024-PROPOSED-AND-APPROVED-PROJECTS.pdf,Proposed,37,Drilling and equipping,,,2024 CDF funding,,
CDF-2024-PROPOSED-AND-APPROVED-PROJECTS.pdf,Proposed,38,Variation on the Construction of Police Post,,,2024 CDF funding,,
CDF-2024-PROPOSED-AND-APPROVED-PROJECTS.pdf,Proposed,1,Construction of a Mother's shelter at Mugala Clinic,,,2024 CDF funding,,
CDF-2024-PROPOSED-AND-APPROVED-PROJECTS.pdf,Proposed,2,Construction of a Market Electric Borehole and Water Scheme in Mugala Community,,,2024 CDF funding,,
CDF-2024-PROPOSED-AND-APPROVED-PROJECTS.pdf,Proposed,3,Electrification of Mugala Clinic and the entire community using (REA) Funds,,,2024 CDF funding,,
CDF-2024-PROPOSED-AND-APPROVED-PROJECTS.pdf,Proposed,4,Wirefencing Procurement of furniture and painting of a Police Post,,,2024 CDF funding,,
CDF-2024-PROPOSED-AND-APPROVED-PROJECTS.pdf,Proposed,5,Grading and Putting of Laterite on Existing Main Roads,,,2024 CDF funding,,
CDF-2024-PROPOSED-AND-APPROVED-PROJECTS.pdf,Proposed,6,Installation of Solar Street lights in all Major Roads in the ward,,,2024 CDF funding,,
CDF-2024-PROPOSED-AND-APPROVED-PROJECTS.pdf,Proposed,7,Procurement of Security Containers,,,2024 CDF funding,,
CDF-2024-PROPOSED-AND-APPROVED-PROJECTS.pdf,Proposed,8,Construction of Speed Humps,,,2024 CDF funding,,
CDF-2024-PROPOSED-AND-APPROVED-PROJECTS.pdf,Proposed,9,Construction of a Wall fence around Kamakonde Primary School,,,2024 CDF funding,,
CDF-2024-PROPOSED-AND-APPROVED-PROJECTS.pdf,Proposed,10,Water (Drilling of Solar Powered Borehole at Mipaip Section,,,2024 CDF funding,,
CDF-2024-PROPOSED-AND-APPROVED-PROJECTS.pdf,Proposed,11,Construction of a Raod Using Waste Rock and Laterite,,,2024 CDF funding,,
CDF-2024-PROPOSED-AND-APPROVED-PROJECTS.pdf,Proposed,12,Construction of Houses,,,2024 CDF funding,,
CDF-2024-PROPOSED-AND-APPROVED-PROJECTS.pdf,Proposed,13,Martenity wing Construction,,,2024 CDF funding,,
CDF-2024-PROPOSED-AND-APPROVED-PROJECTS.pdf,Proposed,14,Construction of Classroom Blocks,,,2024 CDF funding,,
CDF-2024-PROPOSED-AND-APPROVED-PROJECTS.pdf,Proposed,15,Development of a Road Network,,,2024 CDF funding,,
CDF-2024-PROPOSED-AND-APPROVED-PROJECTS.pdf,Proposed,16,Construction of a Pipped water Supply System,,,2024 CDF funding,,
CDF-2024-PROPOSED-AND-APPROVED-PROJECTS.pdf,Proposed,17,Grading and compacting a 20KM Road,,,2024 CDF funding,,
CDF-2024-PROPOSED-AND-APPROVED-PROJECTS.pdf,Proposed,18,Bridge Construction,,,2024 CDF funding,,
CDF-2024-PROPOSED-AND-APPROVED-PROJECTS.pdf,Proposed,19,Construction of a 1x3 Class Room,,,2024 CDF funding,,
CDF-2024-PROPOSED-AND-APPROVED-PROJECTS.pdf,Proposed,20,Street lights,,,2024 CDF funding,,
CDF-2024-PROPOSED-AND-APPROVED-PROJECTS.pdf,Proposed,21,Renovations of Country Buildings Judiciary,,,2024 CDF funding,,
CDF-2024-PROPOSED-AND-APPROVED-PROJECTS.pdf,Proposed,22,Procurement of School Desks,,,2024 CDF funding,,
CDF-2024-PROPOSED-AND-APPROVED-PROJECTS.pdf,Proposed,23,Construction of Staff Toilets,,,2024 CDF funding,,
CDF-2024-PROPOSED-AND-APPROVED-PROJECTS.pdf,Proposed,24,Procurement of School Desks,,,2024 CDF funding,,
CDF-2024-PROPOSED-AND-APPROVED-PROJECTS.pdf,Proposed,25,Construction of Road,,,2024 CDF funding,,
CDF-2024-PROPOSED-AND-APPROVED-PROJECTS.pdf,Proposed,26,Construction of Police post,,,2024 CDF funding,,
CDF-2024-PROPOSED-AND-APPROVED-PROJECTS.pdf,Proposed,27,Road grading of Street Roads,,,2024 CDF funding,,
CDF-2024-PROPOSED-AND-APPROVED-PROJECTS.pdf,Proposed,28,Procurement of School Desks,,,2024 CDF funding,,
CDF-2024-PROPOSED-AND-APPROVED-PROJECTS.pdf,Proposed,29,Construction of Health facility,,,2024 CDF funding,,
CDF-2024-PROPOSED-AND-APPROVED-PROJECTS.pdf,Proposed,30,Construction and rehabilitation of infrastructure at Kitwe Boys Secondary School,,,2024 CDF funding,,
CDF-2024-PROPOSED-AND-APPROVED-PROJECTS.pdf,Proposed,31,Renovation of Court building at Kitwe II Local Court,,,2024 CDF funding,,
CDF-2024-PROPOSED-AND-APPROVED-PROJECTS.pdf,Proposed,32,Renovation of Court building at Kitwe Sub Court,,,2024 CDF funding,,
CDF-2024-PROPOSED-AND-APPROVED-PROJECTS.pdf,Proposed,33,Construction of Public Ablution block at Kitwe High Court,,,2024 CDF funding,,
CDF-2024-PROPOSED-AND-APPROVED-PROJECTS.pdf,Proposed,34,Paving of Court yard at Kitwe High Court,,,2024 CDF funding,,
CDF-2024-PROPOSED-AND-APPROVED-PROJECTS.pdf,Proposed,35,Construction of a 1 x 4 Classroom block at St. Anthony Primary School,,,2024 CDF funding,,
CDF-2024-PROPOSED-AND-APPROVED-PROJECTS.pdf,Proposed,36,Construction of a wall fence around Kitwe Main Combined School,,,2024 CDF funding,,
CDF-2024-PROPOSED-AND-APPROVED-PROJECTS.pdf,Proposed,37,Installation of solar street lights,,,2024 CDF funding,,
CDF-2024-PROPOSED-AND-APPROVED-PROJECTS.pdf,Proposed,38,Construction of Market shelter in Kandawe,,,2024 CDF funding,,
CDF-2024-PROPOSED-AND-APPROVED-PROJECTS.pdf,Proposed,39,Construction of Charcoal market shelter in St. Anthony,,,2024 CDF funding,,
CDF-2024-PROPOSED-AND-APPROVED-PROJECTS.pdf,Proposed,40,Construction of a Police post in Buyantanshi,,,2024 CDF funding,,
CDF-2024-PROPOSED-AND-APPROVED-PROJECTS.pdf,Proposed,41,Installation of solar street lights along Diamond drive,,,2024 CDF funding,,
CDF-2024-PROPOSED-AND-APPROVED-PROJECTS.pdf,Proposed,42,Street lights,,,2024 CDF funding,,
CDF-2024-PROPOSED-AND-APPROVED-PROJECTS.pdf,Proposed,43,Water Project,,,2024 CDF funding,,
CDF-2024-PROPOSED-AND-APPROVED-PROJECTS.pdf,Proposed,44,Construction of Toilet at Mindolo North Clinic,,,2024 CDF funding,,
CDF-2024-PROPOSED-AND-APPROVED-PROJECTS.pdf,Proposed,45,Wall fence at Salem Primary School,,,2024 CDF funding,,
CDF-2024-PROPOSED-AND-APPROVED-PROJECTS.pdf,Proposed,1,Drilling of borehole at Chamboli primary school,,,2024 CDF funding,,
CDF-2024-PROPOSED-AND-APPROVED-PROJECTS.pdf,Proposed,2,Purchase of an ambulance,,,2024 CDF funding,,
CDF-2024-PROPOSED-AND-APPROVED-PROJECTS.pdf,Proposed,3,Purchase of 3305 desks 100 stools and rehabilitation of 350 desks,,,2024 CDF funding,,
CDF-2024-PROPOSED-AND-APPROVED-PROJECTS.pdf,Proposed,4,Construction of a clinic in Luangwa,,,2024 CDF funding,,
CDF-2024-PROPOSED-AND-APPROVED-PROJECTS.pdf,Proposed,5,Contribution towards hospital road,,,2024 CDF funding,,
CDF-2024-PROPOSED-AND-APPROVED-PROJECTS.pdf,Proposed,6,Additional funds towards the purchase of a bull tractor,,,2024 CDF funding,,
CDF-2024-PROPOSED-AND-APPROVED-PROJECTS.pdf,Proposed,7,Allocation for CDF hour radio show and publicity,,,2024 CDF funding,,
CDF-2024-PROPOSED-AND-APPROVED-PROJECTS.pdf,Proposed,8,Electrification of Lima Primary School,,,2024 CDF funding,,
CDF-2024-PROPOSED-AND-APPROVED-PROJECTS.pdf,Proposed,9,Construction of an ablution block at the Wusakile local court,,,2024 CDF funding,,
CDF-2024-PROPOSED-AND-APPROVED-PROJECTS.pdf,Proposed,10,Completion of 120m wall fence at the Wusakile Skills Training Centre,,,2024 CDF funding,,
CDF-2024-PROPOSED-AND-APPROVED-PROJECTS.pdf,Proposed,11,Fuel for the bull tractor,,,2024 CDF funding,,
CDF-2024-PROPOSED-AND-APPROVED-PROJECTS.pdf,Proposed,12,Drilling of a borehole in Kakolo,,,2024 CDF funding,,
CDF-2024-PROPOSED-AND-APPROVED-PROJECTS.pdf,Proposed,13,Equipping of a borehole in Kakolo,,,2024 CDF funding,,
CDF-2024-PROPOSED-AND-APPROVED-PROJECTS.pdf,Proposed,14,Drilling of a borehole in Luangwa,,,2024 CDF funding,,
CDF-2024-PROPOSED-AND-APPROVED-PROJECTS.pdf,Proposed,15,Equipping of a borehole in Luangwa,,,2024 CDF funding,,
CDF-2024-PROPOSED-AND-APPROVED-PROJECTS.pdf,Proposed,16,Trapezoidal drainage,,,2024 CDF funding,,
CDF-2024-PROPOSED-AND-APPROVED-PROJECTS.pdf,Proposed,17,Additional funds towards Muchele borehole in Luangwa ward,,,2024 CDF funding,,
CDF-2024-PROPOSED-AND-APPROVED-PROJECTS.pdf,Proposed,18,Twatemwa Combined School,,,2024 CDF funding,,
CDF-2024-PROPOSED-AND-APPROVED-PROJECTS.pdf,Proposed,19,Sinking and Equipping 4 Solar Boreholes,,,2024 CDF funding,,
CDF-2024-PROPOSED-AND-APPROVED-PROJECTS.pdf,Proposed,20,Completion of a 1x4 Classroom Block,,,2024 CDF funding,,
CDF-2024-PROPOSED-AND-APPROVED-PROJECTS.pdf,Proposed,21,Construction of a Science Laboratory,,,2024 CDF funding,,
CDF-2024-PROPOSED-AND-APPROVED-PROJECTS.pdf,Proposed,22,Construction of a School Boundary Wall Fence,,,2024 CDF funding,,
CDF-2024-PROPOSED-AND-APPROVED-PROJECTS.pdf,Proposed,23,Construction of a Clinic,,,2024 CDF funding,,
CDF-2024-PROPOSED-AND-APPROVED-PROJECTS.pdf,Proposed,24,Procurement of 800 Desks,,,2024 CDF funding,,
CDF-2024-PROPOSED-AND-APPROVED-PROJECTS.pdf,Proposed,25,Construction of a School Hall,,,2024 CDF funding,,
CDF-2024-PROPOSED-AND-APPROVED-PROJECTS.pdf,Proposed,26,Completion of a 1x4 Classroom Block,,,2024 CDF funding,,
CDF-2024-PROPOSED-AND-APPROVED-PROJECTS.pdf,Proposed,27,Construction of a School Boundary Wall Fence,,,2024 CDF funding,,
CDF-2024-PROPOSED-AND-APPROVED-PROJECTS.pdf,Proposed,28,Replacement of Water Pipes,,,2024 CDF funding,,
CDF-2024-PROPOSED-AND-APPROVED-PROJECTS.pdf,Proposed,29,Construction of a Police Post,,,2024 CDF funding,,
CDF-2024-PROPOSED-AND-APPROVED-PROJECTS.pdf,Proposed,30,Provision of West Lock material on Mpundu Road,,,2024 CDF funding,,
CDF-2024-PROPOSED-AND-APPROVED-PROJECTS.pdf,Proposed,31,Construction of a Foot Bridge at Huimanism Road,,,2024 CDF funding,,
CDF-2024-PROPOSED-AND-APPROVED-PROJECTS.pdf,Proposed,32,Procurement of 500 Desks,,,2024 CDF funding,,
CDF-2024-PROPOSED-AND-APPROVED-PROJECTS.pdf,Proposed,33,Construction of a School Boundary Wall Fence,,,2024 CDF funding,,
CDF-2024-PROPOSED-AND-APPROVED-PROJECTS.pdf,Proposed,34,Construction of Kamana Mainsa Road,,,2024 CDF funding,,
CDF-2024-PROPOSED-AND-APPROVED-PROJECTS.pdf,Proposed,35,Construction of Namyra Road,,,2024 CDF funding,,
CDF-2024-PROPOSED-AND-APPROVED-PROJECTS.pdf,Proposed,36,Construction of a Health Post,,,2024 CDF funding,,
CDF-2024-PROPOSED-AND-APPROVED-PROJECTS.pdf,Proposed,37,Grading of roads,,,2024 CDF funding,,
CDF-2024-PROPOSED-AND-APPROVED-PROJECTS.pdf,Proposed,38,Sinking of 5 boreholes,,,2024 CDF funding,,
CDF-2024-PROPOSED-AND-APPROVED-PROJECTS.pdf,Proposed,39,Grading of road,,,2024 CDF funding,,
CDF-2024-PROPOSED-AND-APPROVED-PROJECTS.pdf,Proposed,40,Construction of a community School,,,2024 CDF funding,,
CDF-2024-PROPOSED-AND-APPROVED-PROJECTS.pdf,Proposed,41,Grading of road,,,2024 CDF funding,,
CDF-2024-PROPOSED-AND-APPROVED-PROJECTS.pdf,Proposed,42,Sinking of 5 boreholes,,,2024 CDF funding,,
CDF-2024-PROPOSED-AND-APPROVED-PROJECTS.pdf,Proposed,43,Construction of a bridge and road,,,2024 CDF funding,,
CDF-2024-PROPOSED-AND-APPROVED-PROJECTS.pdf,Proposed,44,Plastering of Lupili School,,,2024 CDF funding,,
CDF-2024-PROPOSED-AND-APPROVED-PROJECTS.pdf,Proposed,45,Sinking of 6 boreholes,,,2024 CDF funding,,
CDF-2024-PROPOSED-AND-APPROVED-PROJECTS.pdf,Proposed,46,Road grading and bridge construction,,,2024 CDF funding,,
CDF-2024-PROPOSED-AND-APPROVED-PROJECTS.pdf,Proposed,47,Road construction,,,2024 CDF funding,,
CDF-2024-PROPOSED-AND-APPROVED-PROJECTS.pdf,Proposed,48,Construction of a community School,,,2024 CDF funding,,
CDF-2024-PROPOSED-AND-APPROVED-PROJECTS.pdf,Proposed,49,Construction of a police post,,,2024 CDF funding,,
CDF-2024-PROPOSED-AND-APPROVED-PROJECTS.pdf,Proposed,50,Construction of 1*4 classroom block,,,2024 CDF funding,,
CDF-2024-PROPOSED-AND-APPROVED-PROJECTS.pdf,Proposed,51,Sinking of 5 boreholes,,,2024 CDF funding,,
CDF-2024-PROPOSED-AND-APPROVED-PROJECTS.pdf,Proposed,52,Construction of a Health Post,,,2024 CDF funding,,
CDF-2024-PROPOSED-AND-APPROVED-PROJECTS.pdf,Proposed,53,Sinking of 5 boreholes,,,2024 CDF funding,,
CDF-2024-PROPOSED-AND-APPROVED-PROJECTS.pdf,Proposed,54,Construction of two teachers houses,,,2024 CDF funding,,
CDF-2024-PROPOSED-AND-APPROVED-PROJECTS.pdf,Proposed,55,Procurement of a 7 in 1 bull tractor,,,2024 CDF funding,,
CDF-2024-PROPOSED-AND-APPROVED-PROJECTS.pdf,Proposed,56,Construction of a vehicle bridge,,,2024 CDF funding,,
CDF-2024-PROPOSED-AND-APPROVED-PROJECTS.pdf,Proposed,57,Construction of a vehicle bridge,,,2024 CDF funding,,
CDF-2024-PROPOSED-AND-APPROVED-PROJECTS.pdf,Proposed,58,Rerouting of main water pipe,,,2024 CDF funding,,
CDF-2024-PROPOSED-AND-APPROVED-PROJECTS.pdf,Proposed,59,Installation of street lights,,,2024 CDF funding,,
CDF-2024-PROPOSED-AND-APPROVED-PROJECTS.pdf,Proposed,60,Rehabilitation of two ablution blocks,,,2024 CDF funding,,
CDF-2024-PROPOSED-AND-APPROVED-PROJECTS.pdf,Proposed,61,Construction of a washing bay,,,2024 CDF funding,,
CDF-2024-PROPOSED-AND-APPROVED-PROJECTS.pdf,Proposed,62,Refurbishing of Nkana Primary School house and turn it into a police post,,,2024 CDF funding,,
CDF-2024-PROPOSED-AND-APPROVED-PROJECTS.pdf,Proposed,63,Buying 350 desks,,,2024 CDF funding,,
CDF-2024-PROPOSED-AND-APPROVED-PROJECTS.pdf,Proposed,64,Refurbishing of Former F market and turn it into a community centre,,,2024 CDF funding,,
CDF-2024-PROPOSED-AND-APPROVED-PROJECTS.pdf,Proposed,65,Changing of old sewer line,,,2024 CDF funding,,
CDF-2024-PROPOSED-AND-APPROVED-PROJECTS.pdf,Proposed,66,Construction of a sports playing ground and fencing with a wall fence,,,2024 CDF funding,,
CDF-2024-PROPOSED-AND-APPROVED-PROJECTS.pdf,Proposed,67,Completion of wall fence,,,2024 CDF funding,,
CDF-2024-PROPOSED-AND-APPROVED-PROJECTS.pdf,Proposed,68,Extension and construction of a drainage,,,2024 CDF funding,,
CDF-2024-PROPOSED-AND-APPROVED-PROJECTS.pdf,Proposed,69,Drainage construction,,,2024 CDF funding,,
CDF-2024-PROPOSED-AND-APPROVED-PROJECTS.pdf,Proposed,70,Drainage construction,,,2024 CDF funding,,
CDF-2024-PROPOSED-AND-APPROVED-PROJECTS.pdf,Proposed,71,Drainage construction,,,2023 CDF funding,,
CDF-2024-PROPOSED-AND-APPROVED-PROJECTS.pdf,Proposed,72,Drainage construction,,,2024 CDF funding,,
CDF-2024-PROPOSED-AND-APPROVED-PROJECTS.pdf,Proposed,73,Drainage construction,,,2024 CDF funding,,
CDF-2024-PROPOSED-AND-APPROVED-PROJECTS.pdf,Proposed,74,Procurement of a 7 in 1 bull tractor,,,2024 CDF funding,,
CDF-2024-PROPOSED-AND-APPROVED-PROJECTS.pdf,Proposed,75,Installation of street lights,,,2024 CDF funding,,
CDF-2024-PROPOSED-AND-APPROVED-PROJECTS.pdf,Proposed,76,Installation of street lights,,,2024 CDF funding,,
CDF-2024-PROPOSED-AND-APPROVED-PROJECTS.pdf,Proposed,77,Procurement of 450 desks,,,2024 CDF funding,,
CDF-2024-PROPOSED-AND-APPROVED-PROJECTS.pdf,Proposed,78,Procurement of 450 desks,,,2024 CDF funding,,
CDF-2024-PROPOSED-AND-APPROVED-PROJECTS.pdf,Proposed,79,Borehole drilling,,,2024 CDF funding,,
CDF-2024-PROPOSED-AND-APPROVED-PROJECTS.pdf,Proposed,80,Drainage Rehabilitation,,,2024 CDF funding,,
CDF-2024-PROPOSED-AND-APPROVED-PROJECTS.pdf,Proposed,81,Road rehabilitation,,,2024 CDF funding,,
CDF-2024-PROPOSED-AND-APPROVED-PROJECTS.pdf,Proposed,82,Rehabilitation of access roads and bridges,,,2024 CDF funding,,
CDF-2024-PROPOSED-AND-APPROVED-PROJECTS.pdf,Proposed,83,Water reticulation,,,2024 CDF funding,,
CDF-2024-PROPOSED-AND-APPROVED-PROJECTS.pdf,Proposed,84,Installation of street lights,,,2024 CDF funding,,
CDF-2024-PROPOSED-AND-APPROVED-PROJECTS.pdf,Proposed,85,Construction of 1*3 classroom block,,,2024 CDF funding,,
CDF-2024-PROPOSED-AND-APPROVED-PROJECTS.pdf,Proposed,86,Construction of Community Police Post,,,2024 CDF funding,,
CDF-2024-PROPOSED-AND-APPROVED-PROJECTS.pdf,Proposed,87,Construction of a road and bridge,,,2024 CDF funding,,
CDF-2024-PROPOSED-AND-APPROVED-PROJECTS.pdf,Proposed,88,Road network,,,2024 CDF funding,,
CDF-2024-PROPOSED-AND-APPROVED-PROJECTS.pdf,Proposed,89,Construction of Labour ward and mothers shelter,,,2024 CDF funding,,
CDF-2024-PROPOSED-AND-APPROVED-PROJECTS.pdf,Proposed,90,Procurement of desks,,,2024 CDF funding,,
CDF-2024-PROPOSED-AND-APPROVED-PROJECTS.pdf,Proposed,91,Sinking of 2 boreholes,,,2024 CDF funding,,
CDF-2024-PROPOSED-AND-APPROVED-PROJECTS.pdf,Approved,1,Procurement of desks - zmw2800000,,,Approved project,,
CDF-2024-PROPOSED-AND-APPROVED-PROJECTS.pdf,Approved,1.1,Chibote Girls Secondary School - 100 ds desks,,,Approved project,,
CDF-2024-PROPOSED-AND-APPROVED-PROJECTS.pdf,Approved,1.2,Kamatipa Combined School - 100 ds desks & 25 ss desks,,,Approved project,,
CDF-2024-PROPOSED-AND-APPROVED-PROJECTS.pdf,Approved,1.3,Racecourse Primary School - 100 ds desks,,,Approved project,,
CDF-2024-PROPOSED-AND-APPROVED-PROJECTS.pdf,Approved,1.4,Minsenga School - 100 ds desks,,,Approved project,,
CDF-2024-PROPOSED-AND-APPROVED-PROJECTS.pdf,Approved,1.5,Comis Combined School - 400 ds desks,,,Approved project,,
CDF-2024-PROPOSED-AND-APPROVED-PROJECTS.pdf,Approved,1.6,Chimwemwe School - 50 ds desks,,,Approved project,,
CDF-2024-PROPOSED-AND-APPROVED-PROJECTS.pdf,Approved,1.7,Twatasha School - 100 ds desks,,,Approved project,,
CDF-2024-PROPOSED-AND-APPROVED-PROJECTS.pdf,Approved,1.8,Ishuko School - 100 ds desks,,,Approved project,,
CDF-2024-PROPOSED-AND-APPROVED-PROJECTS.pdf,Approved,1.9,Kamilulu School - 100 ds desks,,,Approved project,,
CDF-2024-PROPOSED-AND-APPROVED-PROJECTS.pdf,Approved,2,Mwambashi Primary School - 100 ds desks,,,Approved project,,
CDF-2024-PROPOSED-AND-APPROVED-PROJECTS.pdf,Approved,2.1,Garneton combined School - 150 ds desks,,,Approved project,,
CDF-2024-PROPOSED-AND-APPROVED-PROJECTS.pdf,Approved,2.2,Bushfire school - 100 ds desks,,,Approved project,,
CDF-2024-PROPOSED-AND-APPROVED-PROJECTS.pdf,Approved,2.3,Natwang school - 75 ds desks,,,Approved project,,
CDF-2024-PROPOSED-AND-APPROVED-PROJECTS.pdf,Approved,3,Allocation of funds towards the rehabilitation of Hospital Road,,,Approved project,,
CDF-2024-PROPOSED-AND-APPROVED-PROJECTS.pdf,Approved,4,Procurement of an Ambulance,,,Approved project,,
CDF-2024-PROPOSED-AND-APPROVED-PROJECTS.pdf,Approved,5,Additional funds of 1800000 for the construction of drainages in various wards,,,Approved project,,
CDF-2024-PROPOSED-AND-APPROVED-PROJECTS.pdf,Approved,5.1,Construction of drainages along Lubuto Kanwe and Katilungu roads,,,Approved project,,
CDF-2024-PROPOSED-AND-APPROVED-PROJECTS.pdf,Approved,5.2,Construction of drainages along happy Kawama road,,,Approved project,,
CDF-2024-PROPOSED-AND-APPROVED-PROJECTS.pdf,Approved,6,Siting drilling and equipping of electricity powered borehole at Kawama clinic,,,Approved project,,
CDF-2024-PROPOSED-AND-APPROVED-PROJECTS.pdf,Approved,7,Siting drilling and equipping of electricity powered borehole at Kamatipa combined school,,,Approved project,,
CDF-2024-PROPOSED-AND-APPROVED-PROJECTS.pdf,Approved,8,Siting drilling and equipping of electricity powered borehole at Sopelo,,,Approved project,,
CDF-2024-PROPOSED-AND-APPROVED-PROJECTS.pdf,Approved,9,Siting drilling and equipping of solar borehole at Kaluba,,,Approved project,,
CDF-2024-PROPOSED-AND-APPROVED-PROJECTS.pdf,Approved,10,Siting drilling and equipping of solar borehole at Kutuba,,,Approved project,,
CDF-2024-PROPOSED-AND-APPROVED-PROJECTS.pdf,Approved,11,Siting drilling and equipping of solar borehole at Ituna,,,Approved project,,
CDF-2024-PROPOSED-AND-APPROVED-PROJECTS.pdf,Approved,12,Siting drilling and equipping of solar borehole at Kampemba Zone,,,Approved project,,
CDF-2024-PROPOSED-AND-APPROVED-PROJECTS.pdf,Approved,13,Siting drilling and equipping of solar borehole at Riverside Zone,,,Approved project,,
CDF-2024-PROPOSED-AND-APPROVED-PROJECTS.pdf,Approved,14,Siting drilling and equipping of solar borehole at zulu close,,,Approved project,,
CDF-2024-PROPOSED-AND-APPROVED-PROJECTS.pdf,Approved,15,Construction of an ablation block at Lubuto Centre Primary school,,,Approved project,,
CDF-2024-PROPOSED-AND-APPROVED-PROJECTS.pdf,Approved,16,Roofing of Chimwemwe School Hall,,,Approved project,,
CDF-2024-PROPOSED-AND-APPROVED-PROJECTS.pdf,Approved,17,Equipping of maternity wing at Twatasha clinic,,,Approved project,,
CDF-2024-PROPOSED-AND-APPROVED-PROJECTS.pdf,Approved,18,Construction of maternity wing at Garneton clinic,,,Approved project,,
CDF-2024-PROPOSED-AND-APPROVED-PROJECTS.pdf,Approved,1,Delivery of Desk at Temwani school 25 Desk,,,Approved project,,
CDF-2024-PROPOSED-AND-APPROVED-PROJECTS.pdf,Approved,2,,,,,,
