dataset_source,Source Document,Category / Type,Reference / Code,Subject / Description,Key Resolution / Outcome / Value,Proposer,Seconder,Amount (K),Notes,record_id,record_type,council_name,province,fiscal_year,period,category,line_item,budget_zmw,actual_zmw,variance_zmw,performance_pct,outstanding_2025_01_01_zmw,outstanding_2025_06_30_zmw,change_zmw,record_note,description,source_document,source_table,source_page,scope,date_scraped
council_minutes_budgets_cdf,3RD-OCTOBER-2023-COUNCIL-MINUTES.docx,Resolution,,Confirmation of Minutes (30th June 2023),Minutes confirmed as a true and correct record of proceedings,Councillor Davies Kasengele,Councillor Felix Mwalimuna,,,,,,,,,,,,,,,,,,,,,,,,
council_minutes_budgets_cdf,3RD-OCTOBER-2023-COUNCIL-MINUTES.docx,Resolution,,Matters Arising (Marriage Certificates),Management informed that the process of procuring a typewriter had started but was slow due to scarcity,,,,,,,,,,,,,,,,,,,,,,,,,,
council_minutes_budgets_cdf,3RD-OCTOBER-2023-COUNCIL-MINUTES.docx,Resolution,,Adoption of Minutes (Planning & Info Mgmt Systems - 27th July 2023),Minutes adopted as part of Council proceedings,Councillor Hachita S. Makani,Councillor Fred Chansa,,,,,,,,,,,,,,,,,,,,,,,,
council_minutes_budgets_cdf,3RD-OCTOBER-2023-COUNCIL-MINUTES.docx,Resolution,C/05/10/23,Adoption of Minutes (Agriculture - 28th July 2023),Minutes adopted as part of Council proceedings,Councillor Mbao Macmillan,Councillor Simon Kakoma,,,,,,,,,,,,,,,,,,,,,,,,
council_minutes_budgets_cdf,3RD-OCTOBER-2023-COUNCIL-MINUTES.docx,Resolution,C/06/10/23,Adoption of Minutes (Health Services - 3rd August 2023),Minutes adopted subject to inserting a resolution that AMREF Health Africa should not be allowed in the district as they were unconstitutional,Councillor Joseph Katongo,Councillor Luckson Filongwe,,,,,,,,,,,,,,,,,,,,,,,,
council_minutes_budgets_cdf,3RD-OCTOBER-2023-COUNCIL-MINUTES.docx,Resolution,,Adoption of Minutes (Engineering & Infrastructure - 9th August 2023),Minutes adopted as part of Council proceedings,Councillor Manda Masoka,Councillor Silomba Charles,,,,,,,,,,,,,,,,,,,,,,,,
council_minutes_budgets_cdf,3RD-OCTOBER-2023-COUNCIL-MINUTES.docx,Resolution,C/08/10/23,Adoption of Minutes (Education Services - 17th August 2023),Minutes adopted as part of Council proceedings,Councillor Christopher Chileshe,Councillor Fewdays Kapembwa,,,,,,,,,,,,,,,,,,,,,,,,
council_minutes_budgets_cdf,3RD-OCTOBER-2023-COUNCIL-MINUTES.docx,Resolution,C/10/10/23,Adoption of Minutes (Community Development - 22nd August 2023),Minutes adopted as part of Council proceedings,Councillor Kante Hogart,Councillor Saddock Banda,,,,,,,,,,,,,,,,,,,,,,,,
council_minutes_budgets_cdf,3RD-OCTOBER-2023-COUNCIL-MINUTES.docx,Resolution,C/11/10/23,Adoption of Minutes (Planning & Info Mgmt Systems - 6th September 2023),Minutes adopted as part of Council proceedings,Councillor Hachita S. Makani,Councillor Kaputo Chibwe,,,,,,,,,,,,,,,,,,,,,,,,
council_minutes_budgets_cdf,3RD-OCTOBER-2023-COUNCIL-MINUTES.docx,Resolution,C/12/10/23,Adoption of Minutes (Audit Committee - 7th September 2023),Minutes adopted as part of Council proceedings,Councillor Evans Swaba,Councillor Francis Kabuseni,,,,,,,,,,,,,,,,,,,,,,,,
council_minutes_budgets_cdf,3RD-OCTOBER-2023-COUNCIL-MINUTES.docx,Resolution,C/13/06/23,Adoption of Minutes (Legal Services - 12th September 2023),Minutes adopted as part of Council proceedings,Councillor Bwembya Charles,Councillor Patela Clement,,,,,,,,,,,,,,,,,,,,,,,,
council_minutes_budgets_cdf,3RD-OCTOBER-2023-COUNCIL-MINUTES.docx,Resolution,C/14/10/23,Adoption of Minutes (Finance Committee - 15th September 2022),Minutes adopted as part of Council proceedings,Councillor Davies Kasengele,Councillor Felix Mwalumuna,,,,,,,,,,,,,,,,,,,,,,,,
council_minutes_budgets_cdf,3RD-OCTOBER-2023-COUNCIL-MINUTES.docx,Resolution,,Upward Adjustment of Fees at Buchi Youth Vocational Training Centre,Upward adjustment of course fees effective January 2024 approved,Councillor Francis Kabuseni,Councillor Hogart Kante,,,,,,,,,,,,,,,,,,,,,,,,
council_minutes_budgets_cdf,3RD-OCTOBER-2023-COUNCIL-MINUTES.docx,Resolution,C/15/10/23,Application for Land to Set Up PV Solar Panels,Applications for land across Kafue River and off 17th Avenue approved; application for land in Garneton rejected. Nkana Water encouraged to interact with Civic leaders quarterly,Councillor Francis Chileshe,Councillor Evans Swaba,,,,,,,,,,,,,,,,,,,,,,,,
council_minutes_budgets_cdf,3RD-OCTOBER-2023-COUNCIL-MINUTES.docx,Resolution,,Service Charges for Squatters/Settlers,"Proposed service charge and plot premium approved. Service charges for residential low, medium, and high cost squatters adjusted to K3000, K5000, and K7000 respectively. Small Holding charged at K10,000 per Hectare",,,,,,,,,,,,,,,,,,,,,,,,,,
council_minutes_budgets_cdf,3RD-OCTOBER-2023-COUNCIL-MINUTES.docx,Resolution,C/17/10/12,Composition of Council Standing Committees,Proposed composition of Council Standing Committees for the third year Civic Calendar approved,Councillor Mwango M. Alex,Councillor Davies Kasengele,,,,,,,,,,,,,,,,,,,,,,,,
council_minutes_budgets_cdf,3RD-OCTOBER-2023-COUNCIL-MINUTES.docx,Resolution,,Replanning of the Zamtan Cemetery,Replanning approved. 38 plots created between 2018-2019 cancelled. Cemetery restored to 66 Hectares. Illegal occupants to vacate,Councillor Charles Bwambya,Councillor Mathews Chiyaka,,,,,,,,,,,,,,,,,,,,,,,,
council_minutes_budgets_cdf,3RD-OCTOBER-2023-COUNCIL-MINUTES.docx,Resolution,C/19/10/23,Variation of the 20% Local Government Equalisation Fund for Capital Projects,Variation of the 20% Local Government Equalization fund for capital projects for 2023 approved,Councillor Alex Mwango,Councillor Felix Mwalumuna,,,,,,,,,,,,,,,,,,,,,,,,
council_minutes_budgets_cdf,3RD-OCTOBER-2023-COUNCIL-MINUTES.docx,Resolution,,Revocation of Regularisation of Market Stalls at Kitwe Teaching Hospital,Regularisation reversed. Applicants to be refunded K3000.00 application fees,Councillor Charles Bwambya,Councillor Mathews Chiyaka,,,,,,,,,,,,,,,,,,,,,,,,
council_minutes_budgets_cdf,3RD-OCTOBER-2023-COUNCIL-MINUTES.docx,Motion,,Submission of Notice of Motion by Councillor Rodgers Chanda (Luto Ward),Motion to split Lima Zone into two zones referred to Planning and Information Management System Committee,Councillor Rodgers Chanda,Councillor Luckson Filongwe,,,,,,,,,,,,,,,,,,,,,,,,
council_minutes_budgets_cdf,3RD-OCTOBER-2023-COUNCIL-MINUTES.docx,Motion,,Submission of Notice of Motion by Councillor Mathews Chiyaka (Bulangililo Ward),Motion on revenue collection from car parks and agents referred to Finance Committee,Councillor Mathews Chiyaka,Councillor Stephen Chingalika,,,,,,,,,,,,,,,,,,,,,,,,
council_minutes_budgets_cdf,3RD-OCTOBER-2023-COUNCIL-MINUTES.docx,Motion,,Submission of Notice of Motion by Councillor Mathews Chiyaka (Bulangililo Ward),Motion on modernising Mayor/Deputy Mayor parking slots referred to Engineering Committee,Councillor Mathews Chiyaka,Councillor Stephen Chingalika,,,,,,,,,,,,,,,,,,,,,,,,
council_minutes_budgets_cdf,3RD-OCTOBER-2023-COUNCIL-MINUTES.docx,Motion,,Submission of Notice of Motion by Councillor Mathews Chiyaka (Bulangililo Ward),Motion on awarding staff and councillors quarterly referred to Management,Councillor Mathews Chiyaka,Councillor Stephen Chingalika,,,,,,,,,,,,,,,,,,,,,,,,
council_minutes_budgets_cdf,3RD-OCTOBER-2023-COUNCIL-MINUTES.docx,Motion,,Submission of Notice of Motion by Councillor Mathews Chiyaka (Bulangililo Ward),Motion on employing casual workers for Keep Zambia Clean campaign referred to Health Services Committee,Councillor Mathews Chiyaka,Councillor Stephen Chingalika,,,,,,,,,,,,,,,,,,,,,,,,
council_minutes_budgets_cdf,3RD-OCTOBER-2023-COUNCIL-MINUTES.docx,Motion,,Submission of Notice of Motion by Councillor Mathews Chiyaka (Bulangililo Ward),Motion on sensitisation about garbage on local radio referred to Health Services Committee,Councillor Mathews Chiyaka,Councillor Alex M Mwango,,,,,,,,,,,,,,,,,,,,,,,,
council_minutes_budgets_cdf,3RD-OCTOBER-2023-COUNCIL-MINUTES.docx,Motion,,Submission of Notice of Motion by Councillor Manda Masoka (Buchi Ward),Motion to dissolve Kitwe United Football Club executive referred to Finance Committee,Councillor Manda Masoka,Councillor Hogart Kante,,,,,,,,,,,,,,,,,,,,,,,,
council_minutes_budgets_cdf,3RD-OCTOBER-2023-COUNCIL-MINUTES.docx,Motion,C/28/10/22,Submission of Notice of Motion by Councillor Damani Malama (Mindolo Ward),Motion to dissolve Ward Development Committee referred to Planning and Information Management Committee,Councillor Damani Malama,Councillor Mathews Chiyaka,,,,,,,,,,,,,,,,,,,,,,,,
council_minutes_budgets_cdf,3RD-OCTOBER-2023-COUNCIL-MINUTES.docx,Motion,,Submission of Notice of Motion by Councillor Charles Silomba (Wusakile Ward),Motion to confer Alderman title on Christopher Pikiti Kang'ombe and Evaristo Chilufya referred to Management,Councillor Charles Silomba,Councillor David Phiri,,,,,,,,,,,,,,,,,,,,,,,,
council_minutes_budgets_cdf,3RD-OCTOBER-2023-COUNCIL-MINUTES.docx,Motion,,Submission of Notice of Motion by Councillor Felix Malasha (Parklands Ward),Motion to relocate bus stop at Micmar rejected,Councillor Felix Malasha,Councillor Davies Kasengele,,,,,,,,,,,,,,,,,,,,,,,,
council_minutes_budgets_cdf,3RD-OCTOBER-2023-COUNCIL-MINUTES.docx,Motion,,Submission of Notice of Motion by Councillor Felix Malasha (Parklands Ward),Motion for intervention on Plot 720 in Chimwemwe North referred to Planning and Information Management Committee,Councillor Felix Malasha,Councillor Davies Kasengele,,,,,,,,,,,,,,,,,,,,,,,,
council_minutes_budgets_cdf,3RD-OCTOBER-2023-COUNCIL-MINUTES.docx,Motion,,Submission of Notice of Motion by Councillor Felix Malasha (Parklands Ward),Motion to equip Councillors with mobile tablets referred to Finance Committee,Councillor Felix Malasha,Councillor Davies Kasengele,,,,,,,,,,,,,,,,,,,,,,,,
council_minutes_budgets_cdf,3RD-OCTOBER-2023-COUNCIL-MINUTES.docx,Motion,,Submission of Notice of Motion by Councillor Davies Kasengele (Ndeke Ward),Motion to introduce WIFI services at Civic Centre and other public places rejected,Councillor Davies Kasengele,Councillor Luckson Filongwe,,,,,,,,,,,,,,,,,,,,,,,,
council_minutes_budgets_cdf,3RD-OCTOBER-2023-COUNCIL-MINUTES.docx,Motion,,Submission of Notice of Motion by Councillor Davies Kasengele (Ndeke Ward),Motion to recognise Mr Nayee Shareed with Freeman of the City Status referred to Management,Councillor Davies Kasengele,Councillor Luckson Filongwe,,,,,,,,,,,,,,,,,,,,,,,,
council_minutes_budgets_cdf,3RD-OCTOBER-2023-COUNCIL-MINUTES.docx,Motion,,Submission of Notice of Motion by Councillor Davies Kasengele (Ndeke Ward),Motion to look for land for a mental hospital referred to Planning and Information Management System,Councillor Davies Kasengele,Councillor Luckson Filongwe,,,,,,,,,,,,,,,,,,,,,,,,
council_minutes_budgets_cdf,3RD-OCTOBER-2023-COUNCIL-MINUTES.docx,Motion,,Submission of Notice of Motion by Councillor Davies Kasengele (Ndeke Ward),Motion for a Chamber of Commerce member on Finance Committee referred to Finance Committee,Councillor Davies Kasengele,Councillor Luckson Filongwe,,,,,,,,,,,,,,,,,,,,,,,,
council_minutes_budgets_cdf,30TH-JUNE-2023-COUNCIL-MINUTES-copy.docx,Resolution,,Confirmation of Minutes (4th April 2023),Minutes confirmed as a true and correct record of proceedings,Councillor Mwango M Alex,Councillor Chileshe Francis,,,,,,,,,,,,,,,,,,,,,,,,
council_minutes_budgets_cdf,30TH-JUNE-2023-COUNCIL-MINUTES-copy.docx,Resolution,C/523/06/23,Adoption of Minutes (Health Services - 5th May 2023),Minutes adopted as part of Council proceedings,Councillor Mwango M. Alex,Councillor Katongo Joseph,,,,,,,,,,,,,,,,,,,,,,,,
council_minutes_budgets_cdf,30TH-JUNE-2023-COUNCIL-MINUTES-copy.docx,Resolution,C/524/06/23,Adoption of Minutes (Education Services - 9th May 2023),Minutes adopted as part of Council proceedings,Councillor Chileshe Christoper,Councillor Chiyaka Mathews,,,,,,,,,,,,,,,,,,,,,,,,
council_minutes_budgets_cdf,30TH-JUNE-2023-COUNCIL-MINUTES-copy.docx,Resolution,C/525/06/23,Adoption of Minutes (Agriculture - 9th May 2023),Minutes adopted as part of Council proceedings,Councillor Mbao Macmillan,Councillor Mary Zimba,,,,,,,,,,,,,,,,,,,,,,,,
council_minutes_budgets_cdf,30TH-JUNE-2023-COUNCIL-MINUTES-copy.docx,Resolution,C/526/06/23,Adoption of Minutes (Planning & Info Mgmt Systems - 11th May 2023),Minutes adopted as part of Council proceedings,Councillor Makani S. Hachita,Councillor Chansa Fred,,,,,,,,,,,,,,,,,,,,,,,,
council_minutes_budgets_cdf,30TH-JUNE-2023-COUNCIL-MINUTES-copy.docx,Resolution,C/527/06/23,Adoption of Minutes (Engineering & Infrastructure - 16th May 2023),Minutes adopted as part of Council proceedings,Councillor Manda Masoka,Councillor Silomba Charles,,,,,,,,,,,,,,,,,,,,,,,,
council_minutes_budgets_cdf,30TH-JUNE-2023-COUNCIL-MINUTES-copy.docx,Resolution,,Adoption of Minutes (Community Development - 23rd May 2023),Minutes adopted as part of Council proceedings,Councillor Kante Hogart,Councillor Muwowo Kelly,,,,,,,,,,,,,,,,,,,,,,,,
council_minutes_budgets_cdf,30TH-JUNE-2023-COUNCIL-MINUTES-copy.docx,Resolution,,Adoption of Minutes (Legal Services - 13th June 2023),Minutes adopted subject to correcting CEC wayleave S12 to read as CEC wayleave S129,Councillor Bwembya Charles,Councillor Patela Clement,,,,,,,,,,,,,,,,,,,,,,,,
council_minutes_budgets_cdf,30TH-JUNE-2023-COUNCIL-MINUTES-copy.docx,Resolution,,Adoption of Minutes (Planning & Info Mgmt Systems - 13th June 2023),Minutes adopted subject to disapproving an application in Ndeke Sub A and referring replanning of land in Itimpi back to committee,Councillor Makani S Hachita,Councillor Fred Chansa,,,,,,,,,,,,,,,,,,,,,,,,
council_minutes_budgets_cdf,30TH-JUNE-2023-COUNCIL-MINUTES-copy.docx,Resolution,C/531/06/23,Adoption of Minutes (Auditing Committee - 15th June 2023),Minutes adopted as part of Council proceedings,Councillor Swaba Evans,Councillor Rodgers Chanda,,,,,,,,,,,,,,,,,,,,,,,,
council_minutes_budgets_cdf,30TH-JUNE-2023-COUNCIL-MINUTES-copy.docx,Resolution,C/532/06/23,Adoption of Minutes (Finance Committee - 20th June 2022),Minutes adopted as part of Council proceedings,Councillor Mwalumuna Felix,Councillor Muposhi Katai,,,,,,,,,,,,,,,,,,,,,,,,
council_minutes_budgets_cdf,30TH-JUNE-2023-COUNCIL-MINUTES-copy.docx,Resolution,,Matters Arising (Mapili and Buchi Stadiums),Town Clerk submitted action taken: letter of authority was written to the Ministry of Local Government and Rural Development,,,,,,,,,,,,,,,,,,,,,,,,,,
council_minutes_budgets_cdf,30TH-JUNE-2023-COUNCIL-MINUTES-copy.docx,Resolution,C/534/06/23,Resolution of Council into Committee,Council resolved itself into a Committee of the whole Council,Councillor Kabuseni Francis,Councillor Kante Hogart,,,,,,,,,,,,,,,,,,,,,,,,
council_minutes_budgets_cdf,30TH-JUNE-2023-COUNCIL-MINUTES-copy.docx,Resolution,C/535/06/23,Replanning of 100 Hectares of Land in Kafue Park,"Replanning approved: 75% large scale commercial/industrial, 25% high-cost residential. Process to be expedited",Councillor Mwango M Alex,Councillor Bwembya Charles,,,,,,,,,,,,,,,,,,,,,,,,
council_minutes_budgets_cdf,30TH-JUNE-2023-COUNCIL-MINUTES-copy.docx,Resolution,,Cancellation of Plots Created in Ndeke Presidential Area,Cancellation of 85 plots approved,Councillor Kabuseni Francis,Councillor Felix Malasha,,,,,,,,,,,,,,,,,,,,,,,,
council_minutes_budgets_cdf,30TH-JUNE-2023-COUNCIL-MINUTES-copy.docx,Resolution,,Application for Subdivision of Sub H21 of Farm 840,Application approved,Councillor Damani Malama,Councillor Mwewa Brian,,,,,,,,,,,,,,,,,,,,,,,,
council_minutes_budgets_cdf,30TH-JUNE-2023-COUNCIL-MINUTES-copy.docx,Resolution,,Reversion to Open Session,Council reverted to open session and adopted proceedings of the Council in Committee,Councillor Mbao Macmillan,Councillor Bwembya Charles,,,,,,,,,,,,,,,,,,,,,,,,
council_minutes_budgets_cdf,COUNCIL-MINUTES-4TH-APRIL-2023.docx,Resolution,C/339/04/23,Confirmation of Minutes (23rd December 2022),Minutes confirmed as a true and correct record of proceedings,Councillor Mwango M Alex,Councillor Fred Chansa,,,,,,,,,,,,,,,,,,,,,,,,
council_minutes_budgets_cdf,COUNCIL-MINUTES-4TH-APRIL-2023.docx,Resolution,C/341/04/23,Adoption of Minutes (Education Services - 18th January 2023),Minutes adopted as part of Council proceedings,Councillor Chileshe Christoper,Councillor Chiyaka Mathews,,,,,,,,,,,,,,,,,,,,,,,,
council_minutes_budgets_cdf,COUNCIL-MINUTES-4TH-APRIL-2023.docx,Resolution,C/342/04/23,Adoption of Minutes (Planning & Info Mgmt Systems - 25th January 2023),Minutes adopted as part of Council proceedings,Councillor Makani S. Hachita,Councillor Chansa Fred,,,,,,,,,,,,,,,,,,,,,,,,
council_minutes_budgets_cdf,COUNCIL-MINUTES-4TH-APRIL-2023.docx,Resolution,C/343/04/23,Adoption of Minutes (Agriculture - 26th January 2023),Minutes adopted as part of Council proceedings,Councillor Mbao Macmillan,Councillor Mary Zimba,,,,,,,,,,,,,,,,,,,,,,,,
council_minutes_budgets_cdf,COUNCIL-MINUTES-4TH-APRIL-2023.docx,Resolution,C/344/04/23,Adoption of Minutes (Health Services - 31st January 2023),Minutes adopted as part of Council proceedings,Councillor Mwango M. Alex,Councillor Chingalika Stephen,,,,,,,,,,,,,,,,,,,,,,,,
council_minutes_budgets_cdf,COUNCIL-MINUTES-4TH-APRIL-2023.docx,Resolution,C/345/04/23,Adoption of Minutes (Engineering & Infrastructure - 9th February 2023),Minutes adopted as part of Council proceedings,Councillor Manda Masoka,Councillor Silomba Charles,,,,,,,,,,,,,,,,,,,,,,,,
council_minutes_budgets_cdf,COUNCIL-MINUTES-4TH-APRIL-2023.docx,Resolution,C/346/04/23,Adoption of Minutes (Community Development - 21st February 2023),Minutes adopted as part of Council proceedings,Councillor Kante Hogart,Councillor Banda Saddock,,,,,,,,,,,,,,,,,,,,,,,,
council_minutes_budgets_cdf,COUNCIL-MINUTES-4TH-APRIL-2023.docx,Resolution,C/347/04/23,Adoption of Minutes (Human Resource & Admin - 24th February 2023),Minutes adopted as part of Council proceedings,Councillor Kakoma Simon,Councillor Filongwe Luckson,,,,,,,,,,,,,,,,,,,,,,,,
council_minutes_budgets_cdf,COUNCIL-MINUTES-4TH-APRIL-2023.docx,Resolution,C/348/04/23,Adoption of Minutes (Planning & Info Mgmt Systems - 16th March 2023),Minutes adopted subject to deferring planning permission for Stand No 721 and approving revocation of planning permission for Ms Theresa Bupe,Councillor Makani S Hachita,Councillor Kaputo Chibwe,,,,,,,,,,,,,,,,,,,,,,,,
council_minutes_budgets_cdf,COUNCIL-MINUTES-4TH-APRIL-2023.docx,Resolution,,Adoption of Minutes (Auditing Committee - 9th March 2023),Minutes adopted as part of Council proceedings,Councillor Swaba Evans,Councillor Kabuseni Francis,,,,,,,,,,,,,,,,,,,,,,,,
council_minutes_budgets_cdf,COUNCIL-MINUTES-4TH-APRIL-2023.docx,Resolution,,Adoption of Minutes (Legal Services - 17th March 2023),Minutes adopted subject to amending names under the Ndeke Presidential allocation list,Councillor Bwembya Charles,Her Worship the Mayor Ms Mwaya Mpasa,,,,,,,,,,,,,,,,,,,,,,,,
council_minutes_budgets_cdf,COUNCIL-MINUTES-4TH-APRIL-2023.docx,Resolution,,Adoption of Minutes (Finance Committee - 20th March 2022),Minutes adopted subject to deferring the application by Mr Prince Munyati,Councillor Chileshe Francis,Councillor Muposhi Katai,,,,,,,,,,,,,,,,,,,,,,,,
council_minutes_budgets_cdf,COUNCIL-MINUTES-4TH-APRIL-2023.docx,Resolution,,Adoption of the Kitwe District Integrated Development Plan,IDP adopted for 10 years. A workshop to be conducted for Civic Leaders to preview it,Councillor Kabuseni Francis,Councillor Chileshe Francis,,,,,,,,,,,,,,,,,,,,,,,,
council_minutes_budgets_cdf,COUNCIL-MINUTES-4TH-APRIL-2023.docx,Resolution,,Revocation of Planning Permission for Jamamu Zambia Limited on Stand 212 in Buchi,Revocation of planning permission approved,Councillor Bwembya Charles,Councillor Francis Chileshe,,,,,,,,,,,,,,,,,,,,,,,,
council_minutes_budgets_cdf,COUNCIL-MINUTES-4TH-APRIL-2023.docx,Resolution,,"Application for Land Development Fund in Excess of K3,607,000",Application ratified,Councillor Kasengele Davies,Councillor Kante Hogart,,,,,,,,,,,,,,,,,,,,,,,,
council_minutes_budgets_cdf,COUNCIL-MINUTES-4TH-APRIL-2023.docx,Resolution,,Expansion and Modernisation of Kitwe Main Bus Station,Expansion approved. Council tenants and occupants of makeshift structures given 3 months notice. Mr David Chibamba to be given alternative plot,Councillor Kante Hogart,Councillor Mwalumuna Felix,,,,,,,,,,,,,,,,,,,,,,,,
council_minutes_budgets_cdf,COUNCIL-MINUTES-4TH-APRIL-2023.docx,Resolution,C/357/04/23,Incorporation of Human Resource Committee Members into Other Standing Committees,Incorporation of members approved as indicated in the table,Councillor Mwango M. Alex,Councillor Muposhi Katai,,,,,,,,,,,,,,,,,,,,,,,,
council_minutes_budgets_cdf,COUNCIL-MINUTES-4TH-APRIL-2023.docx,Resolution,C/358/04/23,Normalization of Role of Kitwe City Council in the Development of the Kitwe Industrial Yard,Normalization of role approved,Councillor Kasengele Davies,Councillor Filongwe Luckson,,,,,,,,,,,,,,,,,,,,,,,,
council_minutes_budgets_cdf,COUNCIL-MINUTES-4TH-APRIL-2023.docx,Resolution,C/359/04/23,Design Construct Finance Operate and Lease Model for Mapili and Buchi Stadiums Cardet Hostels and Buchi Hotel,EOI approved for Mapili Stadium Buchi Stadium Cardet Hostels for 13 years. Matter for Buchi Hotel deferred to Finance Committee,Councillor Kabuseni Francis,Councillor Swaba Evans,,,,,,,,,,,,,,,,,,,,,,,,
council_minutes_budgets_cdf,COUNCIL-MINUTES-4TH-APRIL-2023.docx,Resolution,,Proposal by Copperfield Mining Services Ltd to Rehabilitate Freedom Park,Copperfield to make full payment of ZMK 3.4 million within 3 months. Building permissions revoked until payment is made,Councillor Mwando M. Alex,Councillor Kante Hogart,,,,,,,,,,,,,,,,,,,,,,,,
council_minutes_budgets_cdf,COUNCIL-MINUTES-4TH-APRIL-2023.docx,Resolution,,Review of Proposed Extension of the NAPSA Complex Land,Land proposed for extension to be reserved for other investments,Councillor Kasengele Davies,Councillor Muposhi Katai,,,,,,,,,,,,,,,,,,,,,,,,
council_minutes_budgets_cdf,COUNCIL-MINUTES-4TH-APRIL-2023.docx,Motion,,Submission of Notice of Motion by Councillor Simon Kakoma (Itimpi Ward),Motion for more General Workers referred to appropriate Committee,Councillor Chiyaka Mathews,Councillor Kapembwa Fewdays,,,,,,,,,,,,,,,,,,,,,,,,
council_minutes_budgets_cdf,COUNCIL-MINUTES-4TH-APRIL-2023.docx,Motion,,Submission of Notice of Motion by Councillor Kapembwa Fewdays (Kamatipa Ward),Motion to expel Mr George Kasakula from WDC referred to appropriate Committee,Councillor Mwalumuna Felix,Councillor Francis Kabuseni,,,,,,,,,,,,,,,,,,,,,,,,
council_minutes_budgets_cdf,COUNCIL-MINUTES-4TH-APRIL-2023.docx,Motion,,Submission of Notice of Motion by Councillor Filongwe Luckson (Limaposa Ward),Motion to expel WDC Treasurer and Vice Chairman referred to appropriate Committee,Councillor Kante Hogart,Councillor Swaba Evans,,,,,,,,,,,,,,,,,,,,,,,,
council_minutes_budgets_cdf,COUNCIL-MINUTES-4TH-APRIL-2023.docx,Motion,,Submission of Notice of Motion by Councillor Kasengele Daves (Ndeke Ward),Motion for quarterly assessment of departments referred to appropriate Committee,Councillor Kabuseni Francis,Councillor Kaputo Chibwe,,,,,,,,,,,,,,,,,,,,,,,,
council_minutes_budgets_cdf,COUNCIL-MINUTES-4TH-APRIL-2023.docx,Motion,,Submission of Notice of Motion by Councillor Malasha Felix (Parklands Ward),Motion for each Ward to purchase a Tractor and Trailer referred to appropriate Committee,Councillor Chanda Rodgers,Councillor Muposhi Katai,,,,,,,,,,,,,,,,,,,,,,,,
council_minutes_budgets_cdf,COUNCIL-MINUTES-4TH-APRIL-2023.docx,Motion,,Submission of Notice of Motion by Councillor Malasha Felix (Parklands Ward),Motion to engage recycling companies on dump site land referred to appropriate Committee,Councillor Mwalumuna Felix,Councillor Muposhi Katai,,,,,,,,,,,,,,,,,,,,,,,,
council_minutes_budgets_cdf,COUNCIL-MINUTES-4TH-APRIL-2023.docx,Motion,C/368/04/23,Submission of Notice of Motion by Councillor Manda Masoka (Buchi Ward),Motion to repossess land from Jamamu Company was withdrawn by the mover,,,,,,,,,,,,,,,,,,,,,,,,,,
council_minutes_budgets_cdf,COUNCIL-MINUTES-4TH-APRIL-2023.docx,Motion,,Submission of Notice of Motion by Councillor Malasha Felix (Parklands Ward),Motion for a specific design for shops along Kwacha Road referred to appropriate Committee,Councillor Malasha Felix,Councillor Chingalika Stephen,,,,,,,,,,,,,,,,,,,,,,,,
council_minutes_budgets_cdf,COUNCIL-MINUTES-4TH-APRIL-2023.docx,Motion,,Submission of Notice of Motion by Councillor Malasha Felix (Parklands Ward),Motion to secure land for an ablution block along Kwacha Road referred to appropriate Committee,Councillor Manda Masoka,Councillor Kante Horgart,,,,,,,,,,,,,,,,,,,,,,,,
council_minutes_budgets_cdf,COUNCIL-MINUTES-4TH-APRIL-2023.docx,Motion,,Submission of Notice of Motion by Councillor Chiyaka Mathews (Bulangililo Ward),Motion for institutions to subscribe to Solid Waste Management Companies referred to appropriate Committee,Councillor Kaputo Chibwe,Councillor Muposhi Katai,,,,,,,,,,,,,,,,,,,,,,,,
council_minutes_budgets_cdf,COUNCIL-MINUTES-4TH-APRIL-2023.docx,Motion,,Submission of Notice of Motion by Councillor Chiyaka Mathews (Bulangililo Ward),Motion to co-opt officials from Nkana Water ZESCO and Churches to committees referred to appropriate Committee,Councillor Mwalumuna Felix,Councillor Muposhi Katai,, STAKEHOLDERS-MEETING-MINUTUES-PERSON-WITH-,,,,,,,,,,,,,,,,,,,,,,
council_minutes_budgets_cdf,DISABILITIES.pdf,Submission,BPM/02/05/25,Submissions by the Department of Development Planning,Department spearheads CDF and CFW initiatives. CFW currently suspended. KCC aligning IDPs to 8NDP for inclusivity,,,, STAKEHOLDERS-MEETING-MINUTUES-PERSON-WITH-,,,,,,,,,,,,,,,,,,,,,,
council_minutes_budgets_cdf,DISABILITIES.pdf,Discussion,BPM/03/05/25,Plenary Discussions and Key Issues Raised - Accessibility Challenges,Participants raised concerns about lack of accessibility features in new infrastructure including for hearing visual and physical impairments,,,,,,,,,,,,,,,,,,,,,,,,,,
council_minutes_budgets_cdf,STAKEHOLDERS-MEETING-MINUTUES-PERSON-WITH-DISABILITIES.pdf,Recommendation,,Key Requests and Recommendations,Requests include: multipurpose hall 5-10% of council works reserved for PWDs trading spaces affirmative action in land allocation CDF quotas braille forms and accessible public information,,,, STAKEHOLDERS-MEETING-MINUTUES-PERSON-WITH-,,,,,,,,,,,,,,,,,,,,,,
council_minutes_budgets_cdf,DISABILITIES.pdf,Closing,BPM/05/05/25,Conclusion and Closing Remarks,Assistant Director thanked participants and noted the deliberations would be reported to management,,,,,,,,,,,,,,,,,,,,,,,,,,
council_minutes_budgets_cdf,Budget-Estimates-2023.pdf,Revenue,01,Local taxes/rates - Residential,,,6940151,2023 Approved Budget,,,,,,,,,,,,,,,,,,,,,,,
council_minutes_budgets_cdf,Budget-Estimates-2023.pdf,Revenue,002,Industrial/Commercial,,,23729094,2023 Approved Budget,,,,,,,,,,,,,,,,,,,,,,,
council_minutes_budgets_cdf,Budget-Estimates-2023.pdf,Revenue,003,Mining/Plant,,,64402980,2023 Approved Budget,,,,,,,,,,,,,,,,,,,,,,,
council_minutes_budgets_cdf,Budget-Estimates-2023.pdf,Revenue,001,Personal levy,,,150000,2023 Approved Budget,,,,,,,,,,,,,,,,,,,,,,,
council_minutes_budgets_cdf,Budget-Estimates-2023.pdf,Revenue,02,Fees and Charges - Consent fees,,,100000,2023 Approved Budget,,,,,,,,,,,,,,,,,,,,,,,
council_minutes_budgets_cdf,Budget-Estimates-2023.pdf,Revenue,002,Survey fees,,,816000,2023 Approved Budget,,,,,,,,,,,,,,,,,,,,,,,
council_minutes_budgets_cdf,Budget-Estimates-2023.pdf,Revenue,003,Building inspection-fees,,,986000,2023 Approved Budget,,,,,,,,,,,,,,,,,,,,,,,
council_minutes_budgets_cdf,Budget-Estimates-2023.pdf,Revenue,004,Plan scrutiny fee,,,1545000,2023 Approved Budget,,,,,,,,,,,,,,,,,,,,,,,
council_minutes_budgets_cdf,Budget-Estimates-2023.pdf,Revenue,005,Change of premise use,,,155000,2023 Approved Budget,,,,,,,,,,,,,,,,,,,,,,,
council_minutes_budgets_cdf,Budget-Estimates-2023.pdf,Revenue,006,Container/Ntemba fees,,,696000,2023 Approved Budget,,,,,,,,,,,,,,,,,,,,,,,
council_minutes_budgets_cdf,Budget-Estimates-2023.pdf,Revenue,007,Rentals/lease of Council's properties,,,1700000,2023 Approved Budget,,,,,,,,,,,,,,,,,,,,,,,
council_minutes_budgets_cdf,Budget-Estimates-2023.pdf,Revenue,008,Application forms fees,,,335740,2023 Approved Budget,,,,,,,,,,,,,,,,,,,,,,,
council_minutes_budgets_cdf,Budget-Estimates-2023.pdf,Revenue,009,Rentals from houses,,,153000,2023 Approved Budget,,,,,,,,,,,,,,,,,,,,,,,
council_minutes_budgets_cdf,Budget-Estimates-2023.pdf,Revenue,010,Sketch plan,,,9900,2023 Approved Budget,,,,,,,,,,,,,,,,,,,,,,,
council_minutes_budgets_cdf,Budget-Estimates-2023.pdf,Revenue,011,Search fees,,,94800,2023 Approved Budget,,,,,,,,,,,,,,,,,,,,,,,
council_minutes_budgets_cdf,Budget-Estimates-2023.pdf,Revenue,013,Market fees,,,5713548,2023 Approved Budget,,,,,,,,,,,,,,,,,,,,,,,
council_minutes_budgets_cdf,Budget-Estimates-2023.pdf,Revenue,014,Parking fees,,,896440,2023 Approved Budget,,,,,,,,,,,,,,,,,,,,,,,
council_minutes_budgets_cdf,Budget-Estimates-2023.pdf,Revenue,016,Bus station fees,,,5218495,2023 Approved Budget,,,,,,,,,,,,,,,,,,,,,,,
council_minutes_budgets_cdf,Budget-Estimates-2023.pdf,Revenue,020,Hire of halls,,,66600,2023 Approved Budget,,,,,,,,,,,,,,,,,,,,,,,
council_minutes_budgets_cdf,Budget-Estimates-2023.pdf,Revenue,025,Grave reservation,,,4537235,2023 Approved Budget,,,,,,,,,,,,,,,,,,,,,,,
council_minutes_budgets_cdf,Budget-Estimates-2023.pdf,Revenue,030,Course fees,,,1384503,2023 Approved Budget,,,,,,,,,,,,,,,,,,,,,,,
council_minutes_budgets_cdf,Budget-Estimates-2023.pdf,Revenue,033,Refuse disposal,,,1143400,2023 Approved Budget,,,,,,,,,,,,,,,,,,,,,,,
council_minutes_budgets_cdf,Budget-Estimates-2023.pdf,Revenue,038,Library membership fees,,,43416,2023 Approved Budget,,,,,,,,,,,,,,,,,,,,,,,
council_minutes_budgets_cdf,Budget-Estimates-2023.pdf,Revenue,045,Notice of marriage fees,,,873000,2023 Approved Budget,,,,,,,,,,,,,,,,,,,,,,,
council_minutes_budgets_cdf,Budget-Estimates-2023.pdf,Revenue,049,Vendor Fees,,,105000,2023 Approved Budget,,,,,,,,,,,,,,,,,,,,,,,
council_minutes_budgets_cdf,Budget-Estimates-2023.pdf,Revenue,053,Communication mast levy,,,400000,2023 Approved Budget,,,,,,,,,,,,,,,,,,,,,,,
council_minutes_budgets_cdf,Budget-Estimates-2023.pdf,Revenue,054,Illegal Parking of vehicles,,,144000,2023 Approved Budget,,,,,,,,,,,,,,,,,,,,,,,
council_minutes_budgets_cdf,Budget-Estimates-2023.pdf,Revenue,055,Repairs of cars/garage/car wash levies,,,115000,2023 Approved Budget,,,,,,,,,,,,,,,,,,,,,,,
council_minutes_budgets_cdf,Budget-Estimates-2023.pdf,Revenue,061,Billboards and banners,,,2547800,2023 Approved Budget,,,,,,,,,,,,,,,,,,,,,,,
council_minutes_budgets_cdf,Budget-Estimates-2023.pdf,Revenue,064,Penalties,,,261000,2023 Approved Budget,,,,,,,,,,,,,,,,,,,,,,,
council_minutes_budgets_cdf,Budget-Estimates-2023.pdf,Revenue,067,Medical fees,,,120000,2023 Approved Budget,,,,,,,,,,,,,,,,,,,,,,,
council_minutes_budgets_cdf,Budget-Estimates-2023.pdf,Revenue,099,Other fees and charges,,,5934152,2023 Approved Budget,,,,,,,,,,,,,,,,,,,,,,,
council_minutes_budgets_cdf,Budget-Estimates-2023.pdf,Revenue,03,Licenses - Liquor licence,,,259200,2023 Approved Budget,,,,,,,,,,,,,,,,,,,,,,,
council_minutes_budgets_cdf,Budget-Estimates-2023.pdf,Revenue,002,Firearm and ammunition licence,,,90000,2023 Approved Budget,,,,,,,,,,,,,,,,,,,,,,,
council_minutes_budgets_cdf,Budget-Estimates-2023.pdf,Revenue,055,Occupancy licence,,,259200,2023 Approved Budget,,,,,,,,,,,,,,,,,,,,,,,
council_minutes_budgets_cdf,Budget-Estimates-2023.pdf,Revenue,099,Other licences,,,200000,2023 Approved Budget,,,,,,,,,,,,,,,,,,,,,,,
council_minutes_budgets_cdf,Budget-Estimates-2023.pdf,Revenue,04,Levies - Pole levy,,,10000,2023 Approved Budget,,,,,,,,,,,,,,,,,,,,,,,
council_minutes_budgets_cdf,Budget-Estimates-2023.pdf,Revenue,008,Quarry levy,,,10000,2023 Approved Budget,,,,,,,,,,,,,,,,,,,,,,,
council_minutes_budgets_cdf,Budget-Estimates-2023.pdf,Revenue,010,Business Levy,,,5777006,2023 Approved Budget,,,,,,,,,,,,,,,,,,,,,,,
council_minutes_budgets_cdf,Budget-Estimates-2023.pdf,Revenue,05,Permits - Health permits,,,4826500,2023 Approved Budget,,,,,,,,,,,,,,,,,,,,,,,
council_minutes_budgets_cdf,Budget-Estimates-2023.pdf,Revenue,009,Fire certificate,,,4159750,2023 Approved Budget,,,,,,,,,,,,,,,,,,,,,,,
council_minutes_budgets_cdf,Budget-Estimates-2023.pdf,Revenue,010,Extension of business hours permits,,,54000,2023 Approved Budget,,,,,,,,,,,,,,,,,,,,,,,
council_minutes_budgets_cdf,Budget-Estimates-2023.pdf,Revenue,099,Other permits,,,2100000,2023 Approved Budget,,,,,,,,,,,,,,,,,,,,,,,
council_minutes_budgets_cdf,Budget-Estimates-2023.pdf,Revenue,06,Charges - Service Charges – Residential plots,,,6875000,2023 Approved Budget,,,,,,,,,,,,,,,,,,,,,,,
council_minutes_budgets_cdf,Budget-Estimates-2023.pdf,Revenue,006,Lease Charges,,,45000,2023 Approved Budget,,,,,,,,,,,,,,,,,,,,,,,
council_minutes_budgets_cdf,Budget-Estimates-2023.pdf,Revenue,08,National Support (Grants) - Special Grants,,,28283035,2023 Approved Budget,,,,,,,,,,,,,,,,,,,,,,,
council_minutes_budgets_cdf,Budget-Estimates-2023.pdf,Revenue,09,Local Development Fund - Constituency Development Fund,,,141569510,2023 Approved Budget,,,,,,,,,,,,,,,,,,,,,,,
council_minutes_budgets_cdf,Budget-Estimates-2023.pdf,Expenditure,1,Constituency Development,,,128500000,2022 Approved Budget,,,,,,,,,,,,,,,,,,,,,,,
council_minutes_budgets_cdf,Budget-Estimates-2023.pdf,Expenditure,779,Community Based Projects,,,77100000,2022 Approved Budget,,,,,,,,,,,,,,,,,,,,,,,
council_minutes_budgets_cdf,Budget-Estimates-2023.pdf,Expenditure,780,Youth Empowerment,,,12850000,2022 Approved Budget,,,,,,,,,,,,,,,,,,,,,,,
council_minutes_budgets_cdf,Budget-Estimates-2023.pdf,Expenditure,781,Women Empowerment,,,12850000,2022 Approved Budget,,,,,,,,,,,,,,,,,,,,,,,
council_minutes_budgets_cdf,Budget-Estimates-2023.pdf,Expenditure,782,Secondary School Boarding and Skills Development Bursaries,,,25700000,2022 Approved Budget,,,,,,,,,,,,,,,,,,,,,,,
council_minutes_budgets_cdf,Budget-Estimates-2023.pdf,Expenditure,2,Local Governance,,,4022706,2022 Approved Budget,,,,,,,,,,,,,,,,,,,,,,,
council_minutes_budgets_cdf,Budget-Estimates-2023.pdf,Expenditure,040,Local elections,,,48533,2022 Approved Budget,,,,,,,,,,,,,,,,,,,,,,,
council_minutes_budgets_cdf,Budget-Estimates-2023.pdf,Expenditure,044,Legislative Function,,,3967243,2022 Approved Budget,,,,,,,,,,,,,,,,,,,,,,,
council_minutes_budgets_cdf,Budget-Estimates-2023.pdf,Expenditure,045,Citizen Engagement,,,6930,2022 Approved Budget,,,,,,,,,,,,,,,,,,,,,,,
council_minutes_budgets_cdf,Budget-Estimates-2023.pdf,Expenditure,3,Integrated Development Planning,,,21025994,2022 Approved Budget,,,,,,,,,,,,,,,,,,,,,,,
council_minutes_budgets_cdf,Budget-Estimates-2023.pdf,Expenditure,006,Environmental planning,,,915026,2022 Approved Budget,,,,,,,,,,,,,,,,,,,,,,,
council_minutes_budgets_cdf,Budget-Estimates-2023.pdf,Expenditure,021,Spatial Planning,,,1438256,2022 Approved Budget,,,,,,,,,,,,,,,,,,,,,,,
council_minutes_budgets_cdf,Budget-Estimates-2023.pdf,Expenditure,033,Socio Economic planning,,,18672712,2022 Approved Budget,,,,,,,,,,,,,,,,,,,,,,,
council_minutes_budgets_cdf,Budget-Estimates-2023.pdf,Expenditure,5,Public health and Environmental protection,,,25080477,2022 Approved Budget,,,,,,,,,,,,,,,,,,,,,,,
council_minutes_budgets_cdf,Budget-Estimates-2023.pdf,Expenditure,015,Cemetery and funeral services,,,1492792,2022 Approved Budget,,,,,,,,,,,,,,,,,,,,,,,
council_minutes_budgets_cdf,Budget-Estimates-2023.pdf,Expenditure,019,Health Inspections,,,9538267,2022 Approved Budget,,,,,,,,,,,,,,,,,,,,,,,
council_minutes_budgets_cdf,Budget-Estimates-2023.pdf,Expenditure,023,Pest control,,,1724533,2022 Approved Budget,,,,,,,,,,,,,,,,,,,,,,,
council_minutes_budgets_cdf,Budget-Estimates-2023.pdf,Expenditure,024,Pollution control,,,559020,2022 Approved Budget,,,,,,,,,,,,,,,,,,,,,,,
council_minutes_budgets_cdf,Budget-Estimates-2023.pdf,Expenditure,027,Solid Waste Management,,,11357880,2022 Approved Budget,,,,,,,,,,,,,,,,,,,,,,,
council_minutes_budgets_cdf,Budget-Estimates-2023.pdf,Expenditure,034,Water supply and Sanitation Services,,,407985,2022 Approved Budget,,,,,,,,,,,,,,,,,,,,,,,
council_minutes_budgets_cdf,Budget-Estimates-2023.pdf,Expenditure,6,Housing and Community Amenities,,,37789409,2022 Approved Budget,,,,,,,,,,,,,,,,,,,,,,,
council_minutes_budgets_cdf,Budget-Estimates-2023.pdf,Expenditure,007,Parks and Gardens,,,4244508,2022 Approved Budget,,,,,,,,,,,,,,,,,,,,,,,
council_minutes_budgets_cdf,Budget-Estimates-2023.pdf,Expenditure,012,Markets and Bus Stations,,,5050456,2022 Approved Budget,,,,,,,,,,,,,,,,,,,,,,,
council_minutes_budgets_cdf,Budget-Estimates-2023.pdf,Expenditure,017,Community Centres,,,10306810,2022 Approved Budget,,,,,,,,,,,,,,,,,,,,,,,
council_minutes_budgets_cdf,Budget-Estimates-2023.pdf,Expenditure,026,Public Housing,,,1486882,2022 Approved Budget,,,,,,,,,,,,,,,,,,,,,,,
council_minutes_budgets_cdf,Budget-Estimates-2023.pdf,Expenditure,029,Roads and Drainages,,,14713409,2022 Approved Budget,,,,,,,,,,,,,,,,,,,,,,,
council_minutes_budgets_cdf,Budget-Estimates-2023.pdf,Expenditure,031,Street Lighting,,,1987344,2022 Approved Budget,,,,,,,,,,,,,,,,,,,,,,,
council_minutes_budgets_cdf,Budget-Estimates-2023.pdf,Expenditure,7,Recreation Culture and Religion,,,5615223,2022 Approved Budget,,,,,,,,,,,,,,,,,,,,,,,
council_minutes_budgets_cdf,Budget-Estimates-2023.pdf,Expenditure,032,Registration of Marriages,,,106739,2022 Approved Budget,,,,,,,,,,,,,,,,,,,,,,,
council_minutes_budgets_cdf,Budget-Estimates-2023.pdf,Expenditure,039,Library Services,,,2210826,2022 Approved Budget,,,,,,,,,,,,,,,,,,,,,,,
council_minutes_budgets_cdf,Budget-Estimates-2023.pdf,Expenditure,042,Sports Promotion,,,3297658,2022 Approved Budget,,,,,,,,,,,,,,,,,,,,,,,
council_minutes_budgets_cdf,Budget-Estimates-2023.pdf,Expenditure,8,Education and skills development,,,1020539,2022 Approved Budget,,,,,,,,,,,,,,,,,,,,,,,
council_minutes_budgets_cdf,Budget-Estimates-2023.pdf,Expenditure,005,Early Childhood Education,,,303321,2022 Approved Budget,,,,,,,,,,,,,,,,,,,,,,,
council_minutes_budgets_cdf,Budget-Estimates-2023.pdf,Expenditure,010,Adult Literacy,,,717218,2022 Approved Budget,,,,,,,,,,,,,,,,,,,,,,,
council_minutes_budgets_cdf,Budget-Estimates-2023.pdf,Expenditure,10,Public order and safety,,,16826367,2022 Approved Budget,,,,,,,,,,,,,,,,,,,,,,,
council_minutes_budgets_cdf,Budget-Estimates-2023.pdf,Expenditure,014,Building regulation,,,1564053,2022 Approved Budget,,,,,,,,,,,,,,,,,,,,,,,
council_minutes_budgets_cdf,Budget-Estimates-2023.pdf,Expenditure,018,Community policing,,,6476556,2022 Approved Budget,,,,,,,,,,,,,,,,,,,,,,,
council_minutes_budgets_cdf,Budget-Estimates-2023.pdf,Expenditure,041,Fire protection services,,,8785758,2022 Approved Budget,,,,,,,,,,,,,,,,,,,,,,,
council_minutes_budgets_cdf,Budget-Estimates-2023.pdf,Expenditure,11,Management and support Services,,,72759997,2022 Approved Budget,,,,,,,,,,,,,,,,,,,,,,,
council_minutes_budgets_cdf,Budget-Estimates-2023.pdf,Expenditure,001,Executive management,,,2102345,2022 Approved Budget,,,,,,,,,,,,,,,,,,,,,,,
council_minutes_budgets_cdf,Budget-Estimates-2023.pdf,Expenditure,006,Public Relations,,,1198733,2022 Approved Budget,,,,,,,,,,,,,,,,,,,,,,,
council_minutes_budgets_cdf,Budget-Estimates-2023.pdf,Expenditure,009,Human Resource management and administration,,,11754112,2022 Approved Budget,,,,,,,,,,,,,,,,,,,,,,,
council_minutes_budgets_cdf,Budget-Estimates-2023.pdf,Expenditure,016,Procurement,,,2806164,2022 Approved Budget,,,,,,,,,,,,,,,,,,,,,,,
council_minutes_budgets_cdf,Budget-Estimates-2023.pdf,Expenditure,024,ICT,,,2738366,2022 Approved Budget,,,,,,,,,,,,,,,,,,,,,,,
council_minutes_budgets_cdf,Budget-Estimates-2023.pdf,Expenditure,028,Auditing,,,1095786,2022 Approved Budget,,,,,,,,,,,,,,,,,,,,,,,
council_minutes_budgets_cdf,Budget-Estimates-2023.pdf,Expenditure,035,Accounting,,,44997456,2022 Approved Budget,,,,,,,,,,,,,,,,,,,,,,,
council_minutes_budgets_cdf,Budget-Estimates-2023.pdf,Expenditure,036,Legal Services,,,6067035,2022 Approved Budget,,,,,,,,,,,,,,,,,,,,,,,
council_minutes_budgets_cdf,Budget-Estimates-2023.pdf,Expenditure,12,Resource Mobilisation and Management,,,11029089,2022 Approved Budget,,,,,,,,,,,,,,,,,,,,,,,
council_minutes_budgets_cdf,Budget-Estimates-2023.pdf,Expenditure,067,Revenue Mobilisation,,,11029089,2022 Approved Budget,,,,,,,,,,,,,,,,,,,,,,,
council_minutes_budgets_cdf,2026-budget-Kitwe-City-Council-amended-Final.pdf,Revenue,001,Occupancy licence,,,750000,2026 Approved Budget,,,,,,,,,,,,,,,,,,,,,,,
council_minutes_budgets_cdf,2026-budget-Kitwe-City-Council-amended-Final.pdf,Revenue,002,Liquor licence,,,329600,2026 Approved Budget,,,,,,,,,,,,,,,,,,,,,,,
council_minutes_budgets_cdf,2026-budget-Kitwe-City-Council-amended-Final.pdf,Revenue,003,Firearm and ammunition licence,,,105000,2026 Approved Budget,,,,,,,,,,,,,,,,,,,,,,,
council_minutes_budgets_cdf,2026-budget-Kitwe-City-Council-amended-Final.pdf,Revenue,004,Petroleum Storage licence,,,646200,2026 Approved Budget,,,,,,,,,,,,,,,,,,,,,,,
council_minutes_budgets_cdf,2026-budget-Kitwe-City-Council-amended-Final.pdf,Revenue,005,Dog licence,,,30500,2026 Approved Budget,,,,,,,,,,,,,,,,,,,,,,,
council_minutes_budgets_cdf,2026-budget-Kitwe-City-Council-amended-Final.pdf,Revenue,099,Other Licences,,,166665,2026 Approved Budget,,,,,,,,,,,,,,,,,,,,,,,
council_minutes_budgets_cdf,2026-budget-Kitwe-City-Council-amended-Final.pdf,Revenue,001,Livestock Movement levy,,,542442,2026 Approved Budget,,,,,,,,,,,,,,,,,,,,,,,
council_minutes_budgets_cdf,2026-budget-Kitwe-City-Council-amended-Final.pdf,Revenue,004,Pole levy,,,6600,2026 Approved Budget,,,,,,,,,,,,,,,,,,,,,,,
council_minutes_budgets_cdf,2026-budget-Kitwe-City-Council-amended-Final.pdf,Revenue,005,Charcoal levy,,,90000,2026 Approved Budget,,,,,,,,,,,,,,,,,,,,,,,
council_minutes_budgets_cdf,2026-budget-Kitwe-City-Council-amended-Final.pdf,Revenue,008,Quarry levy,,,10000,2026 Approved Budget,,,,,,,,,,,,,,,,,,,,,,,
council_minutes_budgets_cdf,2026-budget-Kitwe-City-Council-amended-Final.pdf,Revenue,011,Telecommunication Mast,,,518000,2026 Approved Budget,,,,,,,,,,,,,,,,,,,,,,,
council_minutes_budgets_cdf,2026-budget-Kitwe-City-Council-amended-Final.pdf,Revenue,017,Trading (Wholesale) Business Levy,,,339996,2026 Approved Budget,,,,,,,,,,,,,,,,,,,,,,,
council_minutes_budgets_cdf,2026-budget-Kitwe-City-Council-amended-Final.pdf,Revenue,018,Trading (Retail) Consumable groceries business,,,6722300,2026 Approved Budget,,,,,,,,,,,,,,,,,,,,,,,
council_minutes_budgets_cdf,2026-budget-Kitwe-City-Council-amended-Final.pdf,Revenue,019,Retail Merchants non- consumable business,,,444448,2026 Approved Budget,,,,,,,,,,,,,,,,,,,,,,,
council_minutes_budgets_cdf,2026-budget-Kitwe-City-Council-amended-Final.pdf,Revenue,020,Trading (Retail) chain stores and supermarkets,,,66668,2026 Approved Budget,,,,,,,,,,,,,,,,,,,,,,,
council_minutes_budgets_cdf,2026-budget-Kitwe-City-Council-amended-Final.pdf,Revenue,021,Manufacturing,,,666600,2026 Approved Budget,,,,,,,,,,,,,,,,,,,,,,,
council_minutes_budgets_cdf,2026-budget-Kitwe-City-Council-amended-Final.pdf,Revenue,024,Trading (Retail) Automobiles,,,222224,2026 Approved Budget,,,,,,,,,,,,,,,,,,,,,,,
council_minutes_budgets_cdf,2026-budget-Kitwe-City-Council-amended-Final.pdf,Revenue,025,Theatre's and cinematography,,,6666,2026 Approved Budget,,,,,,,,,,,,,,,,,,,,,,,
council_minutes_budgets_cdf,2026-budget-Kitwe-City-Council-amended-Final.pdf,Revenue,028,Filling Station,,,846200,2026 Approved Budget,,,,,,,,,,,,,,,,,,,,,,,
council_minutes_budgets_cdf,2026-budget-Kitwe-City-Council-amended-Final.pdf,Revenue,029,Professional Occupation,,,549810,2026 Approved Budget,,,,,,,,,,,,,,,,,,,,,,,
council_minutes_budgets_cdf,2026-budget-Kitwe-City-Council-amended-Final.pdf,Revenue,031,Car Wash,,,222500,2026 Approved Budget,,,,,,,,,,,,,,,,,,,,,,,
council_minutes_budgets_cdf,2026-budget-Kitwe-City-Council-amended-Final.pdf,Revenue,032,Hospitality,,,366663,2026 Approved Budget,,,,,,,,,,,,,,,,,,,,,,,
council_minutes_budgets_cdf,2026-budget-Kitwe-City-Council-amended-Final.pdf,Revenue,033,Commercial Banks,,,180000,2026 Approved Budget,,,,,,,,,,,,,,,,,,,,,,,
council_minutes_budgets_cdf,2026-budget-Kitwe-City-Council-amended-Final.pdf,Revenue,034,Micro-Finance and Money- Lenders,,,453332,2026 Approved Budget,,,,,,,,,,,,,,,,,,,,,,,
council_minutes_budgets_cdf,2026-budget-Kitwe-City-Council-amended-Final.pdf,Revenue,001,Health permits,,,4512000,2026 Approved Budget,,,,,,,,,,,,,,,,,,,,,,,
council_minutes_budgets_cdf,2026-budget-Kitwe-City-Council-amended-Final.pdf,Revenue,008,Burial permits and grave sites,,,6360685,2026 Approved Budget,,,,,,,,,,,,,,,,,,,,,,,
council_minutes_budgets_cdf,2026-budget-Kitwe-City-Council-amended-Final.pdf,Revenue,009,Fire certificate,,,6899000,2026 Approved Budget,,,,,,,,,,,,,,,,,,,,,,,
council_minutes_budgets_cdf,2026-budget-Kitwe-City-Council-amended-Final.pdf,Revenue,010,Extension of Business hours permits,,,240000,2026 Approved Budget,,,,,,,,,,,,,,,,,,,,,,,
council_minutes_budgets_cdf,2026-budget-Kitwe-City-Council-amended-Final.pdf,Revenue,001,Service Charges Residential plots,,,5955000,2026 Approved Budget,,,,,,,,,,,,,,,,,,,,,,,
council_minutes_budgets_cdf,2026-budget-Kitwe-City-Council-amended-Final.pdf,Revenue,005,Lease Charges,,,30000,2026 Approved Budget,,,,,,,,,,,,,,,,,,,,,,,
council_minutes_budgets_cdf,2026-budget-Kitwe-City-Council-amended-Final.pdf,Revenue,007,Land Application Charges,,,250000,2026 Approved Budget,,,,,,,,,,,,,,,,,,,,,,,
council_minutes_budgets_cdf,2026-budget-Kitwe-City-Council-amended-Final.pdf,Revenue,030,,,,242223,2026 Approved Budget,,,,,,,,,,,,,,,,,,,,,,,
council_minutes_budgets_cdf,2026-budget-Kitwe-City-Council-amended-Final.pdf,Revenue,003,Donations,,,10000,2026 Approved Budget,,,,,,,,,,,,,,,,,,,,,,,
council_minutes_budgets_cdf,2026-budget-Kitwe-City-Council-amended-Final.pdf,Revenue,099,Other Income,,,1000000,2026 Approved Budget,,,,,,,,,,,,,,,,,,,,,,,
council_minutes_budgets_cdf,2026-budget-Kitwe-City-Council-amended-Final.pdf,Revenue,001,Constituency Development Fund,,,200162749,2026 Approved Budget,,,,,,,,,,,,,,,,,,,,,,,
council_minutes_budgets_cdf,2026-budget-Kitwe-City-Council-amended-Final.pdf,Revenue,002,Roads Grant,,,3200857,2026 Approved Budget,,,,,,,,,,,,,,,,,,,,,,,
council_minutes_budgets_cdf,2026-budget-Kitwe-City-Council-amended-Final.pdf,Revenue,003,Health Grant,,,13136429,2026 Approved Budget,,,,,,,,,,,,,,,,,,,,,,,
council_minutes_budgets_cdf,2026-budget-Kitwe-City-Council-amended-Final.pdf,Revenue,004,Local Government Equalisation Fund,,,28133931,2026 Approved Budget,,,,,,,,,,,,,,,,,,,,,,,
council_minutes_budgets_cdf,2026-budget-Kitwe-City-Council-amended-Final.pdf,Revenue,099,Other Grants,,,27988737,2026 Approved Budget,,,,,,,,,,,,,,,,,,,,,,,
council_minutes_budgets_cdf,2026-budget-Kitwe-City-Council-amended-Final.pdf,Expenditure,1,Constituency Development,,,153178210,2024 Approved Budget,,,,,,,,,,,,,,,,,,,,,,,
council_minutes_budgets_cdf,2026-budget-Kitwe-City-Council-amended-Final.pdf,Expenditure,779,Community Projects,,,87311579,2024 Approved Budget,,,,,,,,,,,,,,,,,,,,,,,
council_minutes_budgets_cdf,2026-budget-Kitwe-City-Council-amended-Final.pdf,Expenditure,780,Women and Youth Empowerment,,,29103860,2024 Approved Budget,,,,,,,,,,,,,,,,,,,,,,,
council_minutes_budgets_cdf,2026-budget-Kitwe-City-Council-amended-Final.pdf,Expenditure,781,CDF Administration,,,7658911,2024 Approved Budget,,,,,,,,,,,,,,,,,,,,,,,
council_minutes_budgets_cdf,2026-budget-Kitwe-City-Council-amended-Final.pdf,Expenditure,782,Secondary School and Skills Development Bursaries,,,29103860,2024 Approved Budget,,,,,,,,,,,,,,,,,,,,,,,
council_minutes_budgets_cdf,2026-budget-Kitwe-City-Council-amended-Final.pdf,Expenditure,2,Local Governance,,,5910929,2024 Approved Budget,,,,,,,,,,,,,,,,,,,,,,,
council_minutes_budgets_cdf,2026-budget-Kitwe-City-Council-amended-Final.pdf,Expenditure,040,Local elections,,,432800,2024 Approved Budget,,,,,,,,,,,,,,,,,,,,,,,
council_minutes_budgets_cdf,2026-budget-Kitwe-City-Council-amended-Final.pdf,Expenditure,044,Legislative Function,,,5427194,2024 Approved Budget,,,,,,,,,,,,,,,,,,,,,,,
council_minutes_budgets_cdf,2026-budget-Kitwe-City-Council-amended-Final.pdf,Expenditure,045,Citizen Engagement,,,50935,2024 Approved Budget,,,,,,,,,,,,,,,,,,,,,,,
council_minutes_budgets_cdf,2026-budget-Kitwe-City-Council-amended-Final.pdf,Expenditure,3,Integrated Development Planning,,,14220275,2024 Approved Budget,,,,,,,,,,,,,,,,,,,,,,,
council_minutes_budgets_cdf,2026-budget-Kitwe-City-Council-amended-Final.pdf,Expenditure,006,Environmental planning,,,3204290,2024 Approved Budget,,,,,,,,,,,,,,,,,,,,,,,
council_minutes_budgets_cdf,2026-budget-Kitwe-City-Council-amended-Final.pdf,Expenditure,021,Spatial Planning,,,5814415,2024 Approved Budget,,,,,,,,,,,,,,,,,,,,,,,
council_minutes_budgets_cdf,2026-budget-Kitwe-City-Council-amended-Final.pdf,Expenditure,033,Socio Economic planning,,,5201570,2024 Approved Budget,,,,,,,,,,,,,,,,,,,,,,,
council_minutes_budgets_cdf,2026-budget-Kitwe-City-Council-amended-Final.pdf,Expenditure,5,Public health and Environmental protection,,,29157117,2024 Approved Budget,,,,,,,,,,,,,,,,,,,,,,,
council_minutes_budgets_cdf,2026-budget-Kitwe-City-Council-amended-Final.pdf,Expenditure,015,Cemetery and funeral services,,,1929778,2024 Approved Budget,,,,,,,,,,,,,,,,,,,,,,,
council_minutes_budgets_cdf,2026-budget-Kitwe-City-Council-amended-Final.pdf,Expenditure,019,Health Inspections,,,8463926,2024 Approved Budget,,,,,,,,,,,,,,,,,,,,,,,
council_minutes_budgets_cdf,2026-budget-Kitwe-City-Council-amended-Final.pdf,Expenditure,023,Pest control,,,1056934,2024 Approved Budget,,,,,,,,,,,,,,,,,,,,,,,
council_minutes_budgets_cdf,2026-budget-Kitwe-City-Council-amended-Final.pdf,Expenditure,024,Pollution control,,,0,2024 Approved Budget,,,,,,,,,,,,,,,,,,,,,,,
council_minutes_budgets_cdf,2026-budget-Kitwe-City-Council-amended-Final.pdf,Expenditure,027,Solid Waste Management,,,17515756,2024 Approved Budget,,,,,,,,,,,,,,,,,,,,,,,
council_minutes_budgets_cdf,2026-budget-Kitwe-City-Council-amended-Final.pdf,Expenditure,030,Stormy water management,,,190723,2024 Approved Budget,,,,,,,,,,,,,,,,,,,,,,,
council_minutes_budgets_cdf,2026-budget-Kitwe-City-Council-amended-Final.pdf,Expenditure,6,Housing and Community Amenities,,,53733798,2024 Approved Budget,,,,,,,,,,,,,,,,,,,,,,,
council_minutes_budgets_cdf,2026-budget-Kitwe-City-Council-amended-Final.pdf,Expenditure,007,Parks and Gardens,,,5897825,2024 Approved Budget,,,,,,,,,,,,,,,,,,,,,,,
council_minutes_budgets_cdf,2026-budget-Kitwe-City-Council-amended-Final.pdf,Expenditure,012,Markets and Bus Stations,,,18233968,2024 Approved Budget,,,,,,,,,,,,,,,,,,,,,,,
council_minutes_budgets_cdf,2026-budget-Kitwe-City-Council-amended-Final.pdf,Expenditure,017,Community Centres,,,6122526,2024 Approved Budget,,,,,,,,,,,,,,,,,,,,,,,
council_minutes_budgets_cdf,2026-budget-Kitwe-City-Council-amended-Final.pdf,Expenditure,026,Public Housing,,,2143395,2024 Approved Budget,,,,,,,,,,,,,,,,,,,,,,,
council_minutes_budgets_cdf,2026-budget-Kitwe-City-Council-amended-Final.pdf,Expenditure,029,Roads and Drainages,,,16781295,2024 Approved Budget,,,,,,,,,,,,,,,,,,,,,,,
council_minutes_budgets_cdf,2026-budget-Kitwe-City-Council-amended-Final.pdf,Expenditure,031,Street Lighting,,,4554789,2024 Approved Budget,,,,,,,,,,,,,,,,,,,,,,,
council_minutes_budgets_cdf,2026-budget-Kitwe-City-Council-amended-Final.pdf,Expenditure,7,Recreation Culture and Religion,,,5962847,2024 Approved Budget,,,,,,,,,,,,,,,,,,,,,,,
council_minutes_budgets_cdf,2026-budget-Kitwe-City-Council-amended-Final.pdf,Expenditure,001,Cultural Affairs,,,279743,2024 Approved Budget,,,,,,,,,,,,,,,,,,,,,,,
council_minutes_budgets_cdf,2026-budget-Kitwe-City-Council-amended-Final.pdf,Expenditure,032,Registration of Marriages,,,313113,2024 Approved Budget,,,,,,,,,,,,,,,,,,,,,,,
council_minutes_budgets_cdf,2026-budget-Kitwe-City-Council-amended-Final.pdf,Expenditure,042,Sports Promotion,,,5369991,2024 Approved Budget,,,,,,,,,,,,,,,,,,,,,,,
council_minutes_budgets_cdf,2026-budget-Kitwe-City-Council-amended-Final.pdf,Expenditure,8,Education and skills development,,,6943941,2024 Approved Budget,,,,,,,,,,,,,,,,,,,,,,,
council_minutes_budgets_cdf,2026-budget-Kitwe-City-Council-amended-Final.pdf,Expenditure,001,District archives,,,19241,2024 Approved Budget,,,,,,,,,,,,,,,,,,,,,,,
council_minutes_budgets_cdf,2026-budget-Kitwe-City-Council-amended-Final.pdf,Expenditure,005,Early Childhood Education,,,496016,2024 Approved Budget,,,,,,,,,,,,,,,,,,,,,,,
council_minutes_budgets_cdf,2026-budget-Kitwe-City-Council-amended-Final.pdf,Expenditure,010,Adult Literacy,,,3517550,2024 Approved Budget,,,,,,,,,,,,,,,,,,,,,,,
council_minutes_budgets_cdf,2026-budget-Kitwe-City-Council-amended-Final.pdf,Expenditure,039,Library Services,,,2911134,2024 Approved Budget,,,,,,,,,,,,,,,,,,,,,,,
council_minutes_budgets_cdf,2026-budget-Kitwe-City-Council-amended-Final.pdf,Expenditure,10,Public order and safety,,,18554508,2024 Approved Budget,,,,,,,,,,,,,,,,,,,,,,,
council_minutes_budgets_cdf,2026-budget-Kitwe-City-Council-amended-Final.pdf,Expenditure,014,Building regulation,,,1669486,2024 Approved Budget,,,,,,,,,,,,,,,,,,,,,,,
council_minutes_budgets_cdf,2026-budget-Kitwe-City-Council-amended-Final.pdf,Expenditure,018,Community policing,,,7751878,2024 Approved Budget,,,,,,,,,,,,,,,,,,,,,,,
council_minutes_budgets_cdf,2026-budget-Kitwe-City-Council-amended-Final.pdf,Expenditure,041,Fire protection services,,,9133144,2024 Approved Budget,,,,,,,,,,,,,,,,,,,,,,,
council_minutes_budgets_cdf,2026-budget-Kitwe-City-Council-amended-Final.pdf,Expenditure,11,Management and support Services,,,58891454,2024 Approved Budget,,,,,,,,,,,,,,,,,,,,,,,
council_minutes_budgets_cdf,2026-budget-Kitwe-City-Council-amended-Final.pdf,Expenditure,001,Executive management,,,2038524,2024 Approved Budget,,,,,,,,,,,,,,,,,,,,,,,
council_minutes_budgets_cdf,2026-budget-Kitwe-City-Council-amended-Final.pdf,Expenditure,002,Human Resource and Administration,,,14250301,2024 Approved Budget,,,,,,,,,,,,,,,,,,,,,,,
council_minutes_budgets_cdf,2026-budget-Kitwe-City-Council-amended-Final.pdf,Expenditure,006,Public Relations,,,768925,2024 Approved Budget 2026-budget-Kitwe-City-Council-amended-,,,,,,,,,,,,,,,,,,,,,,,
council_minutes_budgets_cdf,Final.pdf,Expenditure,016,Procurement,,,2484665,2024 Approved Budget,,,,,,,,,,,,,,,,,,,,,,,
council_minutes_budgets_cdf,2026-budget-Kitwe-City-Council-amended-Final.pdf,Expenditure,024,ICT,,,4383175,2024 Approved Budget,,,,,,,,,,,,,,,,,,,,,,,
council_minutes_budgets_cdf,2026-budget-Kitwe-City-Council-amended-Final.pdf,Expenditure,028,Auditing Management,,,1088430,2024 Approved Budget,,,,,,,,,,,,,,,,,,,,,,,
council_minutes_budgets_cdf,2026-budget-Kitwe-City-Council-amended-Final.pdf,Expenditure,035,Accounting Management,,,29908582,2024 Approved Budget,,,,,,,,,,,,,,,,,,,,,,,
council_minutes_budgets_cdf,2026-budget-Kitwe-City-Council-amended-Final.pdf,Expenditure,036,Legal Services,,,3968852,2024 Approved Budget,,,,,,,,,,,,,,,,,,,,,,,
council_minutes_budgets_cdf,2026-budget-Kitwe-City-Council-amended-Final.pdf,Expenditure,12,Resource Mobilisation and Management,,,23557854,2024 Approved Budget,,,,,,,,,,,,,,,,,,,,,,,
council_minutes_budgets_cdf,2026-budget-Kitwe-City-Council-amended-Final.pdf,Expenditure,067,Revenue Mobilisation and Enhancement,,,23557854,2024 Approved Budget,,,,,,,,,,,,,,,,,,,,,,,
council_minutes_budgets_cdf,2026-budget-Kitwe-City-Council-amended-Final.pdf,Expenditure,13,District Health services,,,6223024,2024 Approved Budget,,,,,,,,,,,,,,,,,,,,,,,
council_minutes_budgets_cdf,2026-budget-Kitwe-City-Council-amended-Final.pdf,Expenditure,001,Primary Health Services,,,5703724,2024 Approved Budget,,,,,,,,,,,,,,,,,,,,,,,
council_minutes_budgets_cdf,2026-budget-Kitwe-City-Council-amended-Final.pdf,Expenditure,002,District Health Coordination,,,41800,2024 Approved Budget,,,,,,,,,,,,,,,,,,,,,,,
council_minutes_budgets_cdf,2026-budget-Kitwe-City-Council-amended-Final.pdf,Expenditure,003,Hospital Services,,,477500,2024 Approved Budget,,,,,,,,,,,,,,,,,,,,,,,
council_minutes_budgets_cdf,2026-budget-Kitwe-City-Council-amended-Final.pdf,Expenditure,15,Transport Services,,,3742847,2024 Approved Budget,,,,,,,,,,,,,,,,,,,,,,,
council_minutes_budgets_cdf,2026-budget-Kitwe-City-Council-amended-Final.pdf,Expenditure,001,Road Transport,,,3742847,2024 Approved Budget,,,,,,,,,,,,,,,,,,,,,,,
council_minutes_budgets_cdf,2026-budget-Kitwe-City-Council-amended-Final.pdf,Expenditure,16,Agricultural Services,,,0,2024 Approved Budget,,,,,,,,,,,,,,,,,,,,,,,
council_minutes_budgets_cdf,2026-budget-Kitwe-City-Council-amended-Final.pdf,Expenditure,071,Agricultural Crop production Advisory and Technical Services,,,0,2024 Approved Budget,,,,,,,,,,,,,,,,,,,,,,,
council_minutes_budgets_cdf,2026-budget-Kitwe-City-Council-amended-Final.pdf,Expenditure,072,Agribusiness Development and Marketing,,,0,2024 Approved Budget,,,,,,,,,,,,,,,,,,,,,,,
council_minutes_budgets_cdf,2026-budget-Kitwe-City-Council-amended-Final.pdf,Expenditure,073,Agriculture Co- ordination,,,0,2024 Approved Budget,,,,,,,,,,,,,,,,,,,,,,,
council_minutes_budgets_cdf,2026-budget-Kitwe-City-Council-amended-Final.pdf,Expenditure,17,Fisheries and Livestock,,,140497,2024 Approved Budget,,,,,,,,,,,,,,,,,,,,,,,
council_minutes_budgets_cdf,2026-budget-Kitwe-City-Council-amended-Final.pdf,Expenditure,074,Fisheries and Livestock Marketing,,,0,2024 Approved Budget,,,,,,,,,,,,,,,,,,,,,,,
council_minutes_budgets_cdf,2026-budget-Kitwe-City-Council-amended-Final.pdf,Expenditure,075,Animal Health Services,,,140497,2024 Approved Budget,,,,,,,,,,,,,,,,,,,,,,,
council_minutes_budgets_cdf,2026-budget-Kitwe-City-Council-amended-Final.pdf,Expenditure,076,Fisheries Production and Productivity Improvement,,,0,2024 Approved Budget,,,,,,,,,,,,,,,,,,,,,,,
council_minutes_budgets_cdf,2026-budget-Kitwe-City-Council-amended-Final.pdf,Expenditure,077,Livestock Production and Productivity Improvement,,,0,2024 Approved Budget,,,,,,,,,,,,,,,,,,,,,,,
council_minutes_budgets_cdf,2026-budget-Kitwe-City-Council-amended-Final.pdf,Expenditure,078,District Fisheries and Livestock Coordination,,,0,2024 Approved Budget,,,,,,,,,,,,,,,,,,,,,,,
council_minutes_budgets_cdf,2026-budget-Kitwe-City-Council-amended-Final.pdf,Expenditure,18,Social Protection and Community Development,,,0,2024 Approved Budget,,,,,,,,,,,,,,,,,,,,,,,
council_minutes_budgets_cdf,2026-budget-Kitwe-City-Council-amended-Final.pdf,Expenditure,079,District Social welfare,,,0,2024 Approved Budget,,,,,,,,,,,,,,,,,,,,,,,
council_minutes_budgets_cdf,2026-budget-Kitwe-City-Council-amended-Final.pdf,Expenditure,080,Community Development,,,0,2024 Approved Budget,,,,,,,,,,,,,,,,,,,,,,,
council_minutes_budgets_cdf,Approved-Budget-2025.pdf,Revenue,001,Residential,,,9833906,2025 Approved Budget,,,,,,,,,,,,,,,,,,,,,,,
council_minutes_budgets_cdf,Approved-Budget-2025.pdf,Revenue,002,Commercial,,,19245358,2025 Approved Budget,,,,,,,,,,,,,,,,,,,,,,,
council_minutes_budgets_cdf,Approved-Budget-2025.pdf,Revenue,003,Industrial,,,11778640,2025 Approved Budget,,,,,,,,,,,,,,,,,,,,,,,
council_minutes_budgets_cdf,Approved-Budget-2025.pdf,Revenue,004,Hospitality,,,678119,2025 Approved Budget,,,,,,,,,,,,,,,,,,,,,,,
council_minutes_budgets_cdf,Approved-Budget-2025.pdf,Revenue,005,Mining/Plant,,,79231834,2025 Approved Budget,,,,,,,,,,,,,,,,,,,,,,,
council_minutes_budgets_cdf,Approved-Budget-2025.pdf,Revenue,006,Power transmission,,,7172753,2025 Approved Budget,,,,,,,,,,,,,,,,,,,,,,,
council_minutes_budgets_cdf,Approved-Budget-2025.pdf,Revenue,007,Plant and Machinery,,,40474705,2025 Approved Budget,,,,,,,,,,,,,,,,,,,,,,,
council_minutes_budgets_cdf,Approved-Budget-2025.pdf,Revenue,001,Personal levy,,,199995,2025 Approved Budget,,,,,,,,,,,,,,,,,,,,,,,
council_minutes_budgets_cdf,Approved-Budget-2025.pdf,Revenue,001,Consent fees,,,75000,2025 Approved Budget,,,,,,,,,,,,,,,,,,,,,,,
council_minutes_budgets_cdf,Approved-Budget-2025.pdf,Revenue,002,Survey fees,,,295000,2025 Approved Budget,,,,,,,,,,,,,,,,,,,,,,,
council_minutes_budgets_cdf,Approved-Budget-2025.pdf,Revenue,003,Building inspection-fees,,,324500,2025 Approved Budget,,,,,,,,,,,,,,,,,,,,,,,
council_minutes_budgets_cdf,Approved-Budget-2025.pdf,Revenue,004,Plan scrutiny fee,,,967500,2025 Approved Budget,,,,,,,,,,,,,,,,,,,,,,,
council_minutes_budgets_cdf,Approved-Budget-2025.pdf,Revenue,005,Change of premise use,,,857500,2025 Approved Budget,,,,,,,,,,,,,,,,,,,,,,,
council_minutes_budgets_cdf,Approved-Budget-2025.pdf,Revenue,006,Container/Ntemba fees,,,300000,2025 Approved Budget,,,,,,,,,,,,,,,,,,,,,,,
council_minutes_budgets_cdf,Approved-Budget-2025.pdf,Revenue,007,Rentals/lease of Council's properties,,,1869060,2025 Approved Budget,,,,,,,,,,,,,,,,,,,,,,,
council_minutes_budgets_cdf,Approved-Budget-2025.pdf,Revenue,008,Non-Land Application forms fees,,,152250,2025 Approved Budget,,,,,,,,,,,,,,,,,,,,,,,
council_minutes_budgets_cdf,Approved-Budget-2025.pdf,Revenue,009,Rentals from houses,,,257400,2025 Approved Budget,,,,,,,,,,,,,,,,,,,,,,,
council_minutes_budgets_cdf,Approved-Budget-2025.pdf,Revenue,010,Sketch plan,,,10000,2025 Approved Budget,,,,,,,,,,,,,,,,,,,,,,,
council_minutes_budgets_cdf,Approved-Budget-2025.pdf,Revenue,011,Search fees,,,208500,2025 Approved Budget,,,,,,,,,,,,,,,,,,,,,,,
council_minutes_budgets_cdf,Approved-Budget-2025.pdf,Revenue,012,Notice board advert fees,,,87000,2025 Approved Budget,,,,,,,,,,,,,,,,,,,,,,,
council_minutes_budgets_cdf,Approved-Budget-2025.pdf,Revenue,013,Market fees,,,4469462,2025 Approved Budget,,,,,,,,,,,,,,,,,,,,,,,
council_minutes_budgets_cdf,Approved-Budget-2025.pdf,Revenue,014,Parking fees,,,890600,2025 Approved Budget,,,,,,,,,,,,,,,,,,,,,,,
council_minutes_budgets_cdf,Approved-Budget-2025.pdf,Revenue,016,Loading fees (buses trucks trains taxies etc.),,,6177608,2025 Approved Budget,,,,,,,,,,,,,,,,,,,,,,,
council_minutes_budgets_cdf,Approved-Budget-2025.pdf,Revenue,020,Hire of halls,,,72600,2025 Approved Budget,,,,,,,,,,,,,,,,,,,,,,,
council_minutes_budgets_cdf,Approved-Budget-2025.pdf,Revenue,025,Grave reservation,,,135200,2025 Approved Budget,,,,,,,,,,,,,,,,,,,,,,,
council_minutes_budgets_cdf,Approved-Budget-2025.pdf,Revenue,030,Education fees,,,3285500,2025 Approved Budget,,,,,,,,,,,,,,,,,,,,,,,
council_minutes_budgets_cdf,Approved-Budget-2025.pdf,Revenue,033,Refuse disposal,,,358200,2025 Approved Budget,,,,,,,,,,,,,,,,,,,,,,,
council_minutes_budgets_cdf,Approved-Budget-2025.pdf,Revenue,034,Home craft registration fee / club membership,,,240000,2025 Approved Budget,,,,,,,,,,,,,,,,,,,,,,,
council_minutes_budgets_cdf,Approved-Budget-2025.pdf,Revenue,038,Library membership fees,,,43872,2025 Approved Budget,,,,,,,,,,,,,,,,,,,,,,,
council_minutes_budgets_cdf,Approved-Budget-2025.pdf,Revenue,039,Franchise fees,,,216000,2025 Approved Budget,,,,,,,,,,,,,,,,,,,,,,,
council_minutes_budgets_cdf,Approved-Budget-2025.pdf,Revenue,045,Notice of marriage fees,,,1197000,2025 Approved Budget,,,,,,,,,,,,,,,,,,,,,,,
council_minutes_budgets_cdf,Approved-Budget-2025.pdf,Revenue,055,Illegal Paring of vehicles,,,240000,2025 Approved Budget,,,,,,,,,,,,,,,,,,,,,,,
council_minutes_budgets_cdf,Approved-Budget-2025.pdf,Revenue,056,Repairs of cars/garage/car wash,,,108000,2025 Approved Budget,,,,,,,,,,,,,,,,,,,,,,,
council_minutes_budgets_cdf,Approved-Budget-2025.pdf,Revenue,063,Billboards and banners,,,1597800,2025 Approved Budget,,,,,,,,,,,,,,,,,,,,,,,
council_minutes_budgets_cdf,Approved-Budget-2025.pdf,Revenue,066,Penalties,,,304035,2025 Approved Budget,,,,,,,,,,,,,,,,,,,,,,,
council_minutes_budgets_cdf,Approved-Budget-2025.pdf,Revenue,067,Ablution Fee,,,3440940,2025 Approved Budget,,,,,,,,,,,,,,,,,,,,,,,
council_minutes_budgets_cdf,Approved-Budget-2025.pdf,Revenue,069,Laboratory charges,,,48000,2025 Approved Budget,,,,,,,,,,,,,,,,,,,,,,,
council_minutes_budgets_cdf,Approved-Budget-2025.pdf,Revenue,078,Erection of Tombstone,,,150000,2025 Approved Budget,,,,,,,,,,,,,,,,,,,,,,,
council_minutes_budgets_cdf,Approved-Budget-2025.pdf,Revenue,084,Consultation Clinic fees,,,540000,2025 Approved Budget,,,,,,,,,,,,,,,,,,,,,,,
council_minutes_budgets_cdf,Approved-Budget-2025.pdf,Revenue,099,Other fees and charges,,,1887200,2025 Approved Budget,,,,,,,,,,,,,,,,,,,,,,,
council_minutes_budgets_cdf,Approved-Budget-2025.pdf,Revenue,001,Occupancy licence,,,600000,2025 Approved Budget,,,,,,,,,,,,,,,,,,,,,,,
council_minutes_budgets_cdf,Approved-Budget-2025.pdf,Revenue,002,Liquor licence,,,129600,2025 Approved Budget,,,,,,,,,,,,,,,,,,,,,,,
council_minutes_budgets_cdf,Approved-Budget-2025.pdf,Revenue,003,Firearm and ammunition licence,,,105000,2025 Approved Budget,,,,,,,,,,,,,,,,,,,,,,,
council_minutes_budgets_cdf,Approved-Budget-2025.pdf,Revenue,004,Petroleum Storage licence,,,758000,2025 Approved Budget,,,,,,,,,,,,,,,,,,,,,,,
council_minutes_budgets_cdf,Approved-Budget-2025.pdf,Revenue,005,Dog licence,,,55500,2025 Approved Budget,,,,,,,,,,,,,,,,,,,,,,,
council_minutes_budgets_cdf,Approved-Budget-2025.pdf,Revenue,099,Other Licences,,,174090,2025 Approved Budget,,,,,,,,,,,,,,,,,,,,,,,
council_minutes_budgets_cdf,Approved-Budget-2025.pdf,Revenue,001,Livestock Movement levy,,,564866,2025 Approved Budget,,,,,,,,,,,,,,,,,,,,,,,
council_minutes_budgets_cdf,Approved-Budget-2025.pdf,Revenue,004,Pole levy,,,10000,2025 Approved Budget,,,,,,,,,,,,,,,,,,,,,,,
council_minutes_budgets_cdf,Approved-Budget-2025.pdf,Revenue,005,Charcoal levy,,,90000,2025 Approved Budget,,,,,,,,,,,,,,,,,,,,,,,
council_minutes_budgets_cdf,Approved-Budget-2025.pdf,Revenue,008,Quarry levy,,,10000,2025 Approved Budget,,,,,,,,,,,,,,,,,,,,,,,
council_minutes_budgets_cdf,Approved-Budget-2025.pdf,Revenue,011,Telecommunication Mast,,,428000,2025 Approved Budget,,,,,,,,,,,,,,,,,,,,,,,
council_minutes_budgets_cdf,Approved-Budget-2025.pdf,Revenue,017,Trading (Wholesale) Business Levy,,,312500,2025 Approved Budget,,,,,,,,,,,,,,,,,,,,,,,
council_minutes_budgets_cdf,Approved-Budget-2025.pdf,Revenue,018,Trading (Retail) Consumable groceries business,,,5466238,2025 Approved Budget,,,,,,,,,,,,,,,,,,,,,,,
council_minutes_budgets_cdf,Approved-Budget-2025.pdf,Revenue,020,Trading (Retail) chain stores and supermarkets,,,250000,2025 Approved Budget,,,,,,,,,,,,,,,,,,,,,,,
council_minutes_budgets_cdf,Approved-Budget-2025.pdf,Revenue,021,Manufacturing,,,125000,2025 Approved Budget,,,,,,,,,,,,,,,,,,,,,,,
council_minutes_budgets_cdf,Approved-Budget-2025.pdf,Revenue,024,Trading (Retail) Automobiles,,,166668,2025 Approved Budget,,,,,,,,,,,,,,,,,,,,,,,
council_minutes_budgets_cdf,Approved-Budget-2025.pdf,Revenue,025,Theatre's and cinematography,,,5000,2025 Approved Budget,,,,,,,,,,,,,,,,,,,,,,,
council_minutes_budgets_cdf,Approved-Budget-2025.pdf,Revenue,028,Filling Station,,,133336,2025 Approved Budget,,,,,,,,,,,,,,,,,,,,,,,
council_minutes_budgets_cdf,Approved-Budget-2025.pdf,Revenue,029,Professional Occupation,,,475038,2025 Approved Budget,,,,,,,,,,,,,,,,,,,,,,,
council_minutes_budgets_cdf,Approved-Budget-2025.pdf,Revenue,030,Scrap Metal Dealers,,,106668,2025 Approved Budget,,,,,,,,,,,,,,,,,,,,,,,
council_minutes_budgets_cdf,Approved-Budget-2025.pdf,Revenue,032,Hospitality,,,292500,2025 Approved Budget,,,,,,,,,,,,,,,,,,,,,,,
council_minutes_budgets_cdf,Approved-Budget-2025.pdf,Revenue,033,Commercial Banks,,,180000,2025 Approved Budget,,,,,,,,,,,,,,,,,,,,,,,
council_minutes_budgets_cdf,Approved-Budget-2025.pdf,Revenue,001,Health permits,,,4040000,2025 Approved Budget,,,,,,,,,,,,,,,,,,,,,,,
council_minutes_budgets_cdf,Approved-Budget-2025.pdf,Revenue,008,Burial permits and grave sites,,,6492508,2025 Approved Budget,,,,,,,,,,,,,,,,,,,,,,,
council_minutes_budgets_cdf,Approved-Budget-2025.pdf,Revenue,009,Fire certificate,,,4260600,2025 Approved Budget,,,,,,,,,,,,,,,,,,,,,,,
council_minutes_budgets_cdf,Approved-Budget-2025.pdf,Revenue,010,Extension of Business hours permits,,,6000,2025 Approved Budget,,,,,,,,,,,,,,,,,,,,,,,
council_minutes_budgets_cdf,Approved-Budget-2025.pdf,Revenue,001,Service Charges Residential plots,,,12195000,2025 Approved Budget,,,,,,,,,,,,,,,,,,,,,,,
council_minutes_budgets_cdf,Approved-Budget-2025.pdf,Revenue,002,Service Charges Industrial plots,,,21450000,2025 Approved Budget,,,,,,,,,,,,,,,,,,,,,,,
council_minutes_budgets_cdf,Approved-Budget-2025.pdf,Revenue,005,Lease Charges,,,30000,2025 Approved Budget,,,,,,,,,,,,,,,,,,,,,,,
council_minutes_budgets_cdf,Approved-Budget-2025.pdf,Revenue,007,Land Application Charges,,,125000,2025 Approved Budget,,,,,,,,,,,,,,,,,,,,,,,
council_minutes_budgets_cdf,Approved-Budget-2025.pdf,Revenue,009,Change of ownership,,,30000,2025 Approved Budget,,,,,,,,,,,,,,,,,,,,,,,
council_minutes_budgets_cdf,Approved-Budget-2025.pdf,Revenue,003,Donations,,,10000,2025 Approved Budget,,,,,,,,,,,,,,,,,,,,,,,
council_minutes_budgets_cdf,Approved-Budget-2025.pdf,Revenue,099,Other Income,,,2220000,2025 Approved Budget,,,,,,,,,,,,,,,,,,,,,,,
council_minutes_budgets_cdf,Approved-Budget-2025.pdf,Revenue,001,Constituency Development Fund,,,180290750,2025 Approved Budget,,,,,,,,,,,,,,,,,,,,,,,
council_minutes_budgets_cdf,Approved-Budget-2025.pdf,Revenue,002,Roads Grant,,,3200857,2025 Approved Budget,,,,,,,,,,,,,,,,,,,,,,,
council_minutes_budgets_cdf,Approved-Budget-2025.pdf,Revenue,003,Health Grant,,,13136429,2025 Approved Budget,,,,,,,,,,,,,,,,,,,,,,,
council_minutes_budgets_cdf,Approved-Budget-2025.pdf,Revenue,004,Local Government Equalisation Fund,,,24000000,2025 Approved Budget,,,,,,,,,,,,,,,,,,,,,,,
council_minutes_budgets_cdf,Approved-Budget-2025.pdf,Revenue,099,Other Grants,,,52707601,2025 Approved Budget,,,,,,,,,,,,,,,,,,,,,,,
council_minutes_budgets_cdf,Approved-Budget-2025.pdf,Expenditure,1,Constituency Development,,,180290751,2025 Budget Estimate,,,,,,,,,,,,,,,,,,,,,,,
council_minutes_budgets_cdf,Approved-Budget-2025.pdf,Expenditure,779,Community Projects,,,109813455,2025 Budget Estimate,,,,,,,,,,,,,,,,,,,,,,,
council_minutes_budgets_cdf,Approved-Budget-2025.pdf,Expenditure,780,Women and Youth Empowerment,,,31141130,2025 Budget Estimate,,,,,,,,,,,,,,,,,,,,,,,
council_minutes_budgets_cdf,Approved-Budget-2025.pdf,Expenditure,781,CDF Administration,,,8195036,2025 Budget Estimate,,,,,,,,,,,,,,,,,,,,,,,
council_minutes_budgets_cdf,Approved-Budget-2025.pdf,Expenditure,782,Secondary School and Skills Development Bursaries,,,31141130,2025 Budget Estimate,,,,,,,,,,,,,,,,,,,,,,,
council_minutes_budgets_cdf,Approved-Budget-2025.pdf,Expenditure,2,Local Governance,,,7373453,2025 Budget Estimate,,,,,,,,,,,,,,,,,,,,,,,
council_minutes_budgets_cdf,Approved-Budget-2025.pdf,Expenditure,040,Local elections,,,111640,2025 Budget Estimate,,,,,,,,,,,,,,,,,,,,,,,
council_minutes_budgets_cdf,Approved-Budget-2025.pdf,Expenditure,044,Legislative Function,,,7208380,2025 Budget Estimate,,,,,,,,,,,,,,,,,,,,,,,
council_minutes_budgets_cdf,Approved-Budget-2025.pdf,Expenditure,045,Citizen Engagement,,,53433,2025 Budget Estimate,,,,,,,,,,,,,,,,,,,,,,,
council_minutes_budgets_cdf,Approved-Budget-2025.pdf,Expenditure,3,Integrated Development Planning,,,18197167,2025 Budget Estimate,,,,,,,,,,,,,,,,,,,,,,,
council_minutes_budgets_cdf,Approved-Budget-2025.pdf,Expenditure,006,Environmental planning,,,1605474,2025 Budget Estimate,,,,,,,,,,,,,,,,,,,,,,,
council_minutes_budgets_cdf,Approved-Budget-2025.pdf,Expenditure,021,Spatial Planning,,,8951079,2025 Budget Estimate,,,,,,,,,,,,,,,,,,,,,,,
council_minutes_budgets_cdf,Approved-Budget-2025.pdf,Expenditure,033,Socio Economic planning,,,7640614,2025 Budget Estimate,,,,,,,,,,,,,,,,,,,,,,,
council_minutes_budgets_cdf,Approved-Budget-2025.pdf,Expenditure,5,Public health and Environmental protection,,,42594754,2025 Budget Estimate,,,,,,,,,,,,,,,,,,,,,,,
council_minutes_budgets_cdf,Approved-Budget-2025.pdf,Expenditure,015,Cemetery and funeral services,,,2140107,2025 Budget Estimate,,,,,,,,,,,,,,,,,,,,,,,
council_minutes_budgets_cdf,Approved-Budget-2025.pdf,Expenditure,019,Health Inspections,,,19854714,2025 Budget Estimate,,,,,,,,,,,,,,,,,,,,,,,
council_minutes_budgets_cdf,Approved-Budget-2025.pdf,Expenditure,023,Pest control,,,2953253,2025 Budget Estimate,,,,,,,,,,,,,,,,,,,,,,,
council_minutes_budgets_cdf,Approved-Budget-2025.pdf,Expenditure,024,Pollution control,,,0,2025 Budget Estimate,,,,,,,,,,,,,,,,,,,,,,,
council_minutes_budgets_cdf,Approved-Budget-2025.pdf,Expenditure,027,Solid Waste Management,,,17403478,2025 Budget Estimate,,,,,,,,,,,,,,,,,,,,,,,
council_minutes_budgets_cdf,Approved-Budget-2025.pdf,Expenditure,030,Stormy water management,,,243202,2025 Budget Estimate,,,,,,,,,,,,,,,,,,,,,,,
council_minutes_budgets_cdf,Approved-Budget-2025.pdf,Expenditure,6,Housing and Community Amenities,,,86335680,2025 Budget Estimate,,,,,,,,,,,,,,,,,,,,,,,
council_minutes_budgets_cdf,Approved-Budget-2025.pdf,Expenditure,007,Parks and Gardens,,,2899135,2025 Budget Estimate,,,,,,,,,,,,,,,,,,,,,,,
council_minutes_budgets_cdf,Approved-Budget-2025.pdf,Expenditure,012,Markets and Bus Stations,,,15220222,2025 Budget Estimate,,,,,,,,,,,,,,,,,,,,,,,
council_minutes_budgets_cdf,Approved-Budget-2025.pdf,Expenditure,017,Community Centres,,,23236386,2025 Budget Estimate,,,,,,,,,,,,,,,,,,,,,,,
council_minutes_budgets_cdf,Approved-Budget-2025.pdf,Expenditure,026,Public Housing,,,359657,2025 Budget Estimate,,,,,,,,,,,,,,,,,,,,,,,
council_minutes_budgets_cdf,Approved-Budget-2025.pdf,Expenditure,029,Roads and Drainages,,,37692911,2025 Budget Estimate,,,,,,,,,,,,,,,,,,,,,,,
council_minutes_budgets_cdf,Approved-Budget-2025.pdf,Expenditure,031,Street Lighting,,,6927369,2025 Budget Estimate,,,,,,,,,,,,,,,,,,,,,,,
council_minutes_budgets_cdf,Approved-Budget-2025.pdf,Expenditure,7,Recreation Culture and Religion,,,5973905,2025 Budget Estimate,,,,,,,,,,,,,,,,,,,,,,,
council_minutes_budgets_cdf,Approved-Budget-2025.pdf,Expenditure,001,Cultural Affairs,,,1724,2025 Budget Estimate,,,,,,,,,,,,,,,,,,,,,,,
council_minutes_budgets_cdf,Approved-Budget-2025.pdf,Expenditure,032,Registration of Marriages,,,567294,2025 Budget Estimate,,,,,,,,,,,,,,,,,,,,,,,
council_minutes_budgets_cdf,Approved-Budget-2025.pdf,Expenditure,042,Sports Promotion,,,5404887,2025 Budget Estimate,,,,,,,,,,,,,,,,,,,,,,,
council_minutes_budgets_cdf,Approved-Budget-2025.pdf,Expenditure,8,Education and skills development,,,7363615,2025 Budget Estimate,,,,,,,,,,,,,,,,,,,,,,,
council_minutes_budgets_cdf,Approved-Budget-2025.pdf,Expenditure,001,District archives,,,19241,2025 Budget Estimate,,,,,,,,,,,,,,,,,,,,,,,
council_minutes_budgets_cdf,Approved-Budget-2025.pdf,Expenditure,005,Early Childhood Education,,,505132,2025 Budget Estimate,,,,,,,,,,,,,,,,,,,,,,,
council_minutes_budgets_cdf,Approved-Budget-2025.pdf,Expenditure,010,Adult Literacy,,,3513875,2025 Budget Estimate,,,,,,,,,,,,,,,,,,,,,,,
council_minutes_budgets_cdf,Approved-Budget-2025.pdf,Expenditure,039,Library Services,,,3325367,2025 Budget Estimate,,,,,,,,,,,,,,,,,,,,,,,
council_minutes_budgets_cdf,Approved-Budget-2025.pdf,Expenditure,10,Public order and safety,,,25097125,2025 Budget Estimate,,,,,,,,,,,,,,,,,,,,,,,
council_minutes_budgets_cdf,Approved-Budget-2025.pdf,Expenditure,014,Building regulation,,,3569825,2025 Budget Estimate,,,,,,,,,,,,,,,,,,,,,,,
council_minutes_budgets_cdf,Approved-Budget-2025.pdf,Expenditure,018,Community policing,,,8532230,2025 Budget Estimate,,,,,,,,,,,,,,,,,,,,,,,
council_minutes_budgets_cdf,Approved-Budget-2025.pdf,Expenditure,041,Fire protection services,,,12995070,2025 Budget Estimate,,,,,,,,,,,,,,,,,,,,,,,
council_minutes_budgets_cdf,Approved-Budget-2025.pdf,Expenditure,11,Management and support Services,,,85208454,2025 Budget Estimate,,,,,,,,,,,,,,,,,,,,,,,
council_minutes_budgets_cdf,Approved-Budget-2025.pdf,Expenditure,001,Executive management,,,7391519,2025 Budget Estimate,,,,,,,,,,,,,,,,,,,,,,,
council_minutes_budgets_cdf,Approved-Budget-2025.pdf,Expenditure,002,Human Resource and Administration,,,25270907,2025 Budget Estimate,,,,,,,,,,,,,,,,,,,,,,,
council_minutes_budgets_cdf,Approved-Budget-2025.pdf,Expenditure,006,Public Relations,,,2359228,2025 Budget Estimate,,,,,,,,,,,,,,,,,,,,,,,
council_minutes_budgets_cdf,Approved-Budget-2025.pdf,Expenditure,016,Procurement,,,3706180,2025 Budget Estimate,,,,,,,,,,,,,,,,,,,,,,,
council_minutes_budgets_cdf,Approved-Budget-2025.pdf,Expenditure,024,ICT,,,4092188,2025 Budget Estimate,,,,,,,,,,,,,,,,,,,,,,,
council_minutes_budgets_cdf,Approved-Budget-2025.pdf,Expenditure,028,Auditing Management,,,2261503,2025 Budget Estimate,,,,,,,,,,,,,,,,,,,,,,,
council_minutes_budgets_cdf,Approved-Budget-2025.pdf,Expenditure,035,Accounting Management,,,34105692,2025 Budget Estimate,,,,,,,,,,,,,,,,,,,,,,,
council_minutes_budgets_cdf,Approved-Budget-2025.pdf,Expenditure,036,Legal Services,,,6021237,2025 Budget Estimate,,,,,,,,,,,,,,,,,,,,,,,
council_minutes_budgets_cdf,Approved-Budget-2025.pdf,Expenditure,12,Resource Mobilisation and Management,,,15249956,2025 Budget Estimate,,,,,,,,,,,,,,,,,,,,,,,
council_minutes_budgets_cdf,Approved-Budget-2025.pdf,Expenditure,067,Revenue Mobilisation and Enhancement,,,15249956,2025 Budget Estimate,,,,,,,,,,,,,,,,,,,,,,,
council_minutes_budgets_cdf,Approved-Budget-2025.pdf,Expenditure,13,District Health services,,,13136429,2025 Budget Estimate,,,,,,,,,,,,,,,,,,,,,,,
council_minutes_budgets_cdf,Approved-Budget-2025.pdf,Expenditure,001,Primary Health Services,,,5730920,2025 Budget Estimate,,,,,,,,,,,,,,,,,,,,,,,
council_minutes_budgets_cdf,Approved-Budget-2025.pdf,Expenditure,002,District Health Coordination,,,1385509,2025 Budget Estimate,,,,,,,,,,,,,,,,,,,,,,,
council_minutes_budgets_cdf,Approved-Budget-2025.pdf,Expenditure,003,Hospital Services,,,6020000,2025 Budget Estimate,,,,,,,,,,,,,,,,,,,,,,,
council_minutes_budgets_cdf,Approved-Budget-2025.pdf,Expenditure,15,Transport Services,,,3200857,2025 Budget Estimate,,,,,,,,,,,,,,,,,,,,,,,
council_minutes_budgets_cdf,Approved-Budget-2025.pdf,Expenditure,001,Road Transport,,,3200857,2025 Budget Estimate,,,,,,,,,,,,,,,,,,,,,,,
council_minutes_budgets_cdf,Approved-Budget-2025.pdf,Expenditure,16,Agricultural Services,,,490000,2025 Budget Estimate,,,,,,,,,,,,,,,,,,,,,,,
council_minutes_budgets_cdf,Approved-Budget-2025.pdf,Expenditure,071,Agricultural Crop production Advisory and Technical Services,,,350000,2025 Budget Estimate,,,,,,,,,,,,,,,,,,,,,,,
council_minutes_budgets_cdf,Approved-Budget-2025.pdf,Expenditure,072,Agribusiness Development and Marketing,,,40000,2025 Budget Estimate,,,,,,,,,,,,,,,,,,,,,,,
council_minutes_budgets_cdf,Approved-Budget-2025.pdf,Expenditure,073,Agriculture Co-ordination,,,100000,2025 Budget Estimate,,,,,,,,,,,,,,,,,,,,,,,
council_minutes_budgets_cdf,Approved-Budget-2025.pdf,Expenditure,17,Fisheries and Livestock,,,486160,2025 Budget Estimate,,,,,,,,,,,,,,,,,,,,,,,
council_minutes_budgets_cdf,Approved-Budget-2025.pdf,Expenditure,074,Fisheries and Livestock Marketing,,,80000,2025 Budget Estimate,,,,,,,,,,,,,,,,,,,,,,,
council_minutes_budgets_cdf,Approved-Budget-2025.pdf,Expenditure,075,Animal Health Services,,,100004,2025 Budget Estimate,,,,,,,,,,,,,,,,,,,,,,,
council_minutes_budgets_cdf,Approved-Budget-2025.pdf,Expenditure,076,Fisheries Production and Productivity Improvement,,,90000,2025 Budget Estimate,,,,,,,,,,,,,,,,,,,,,,,
council_minutes_budgets_cdf,Approved-Budget-2025.pdf,Expenditure,077,Livestock Production and Productivity Improvement,,,50000,2025 Budget Estimate,,,,,,,,,,,,,,,,,,,,,,,
council_minutes_budgets_cdf,Approved-Budget-2025.pdf,Expenditure,078,District Fisheries and Livestock Coordination,,,166156,2025 Budget Estimate,,,,,,,,,,,,,,,,,,,,,,,
council_minutes_budgets_cdf,Approved-Budget-2025.pdf,Expenditure,18,Social Protection and Community Development,,,43055480,2025 Budget Estimate,,,,,,,,,,,,,,,,,,,,,,,
council_minutes_budgets_cdf,Approved-Budget-2025.pdf,Expenditure,079,District Social welfare,,,43050309,2025 Budget Estimate,,,,,,,,,,,,,,,,,,,,,,,
council_minutes_budgets_cdf,Approved-Budget-2025.pdf,Expenditure,080,Community Development,,,5171,2025 Budget Estimate,,,,,,,,,,,,,,,,,,,,,,,
council_minutes_budgets_cdf,CDF-2024-PROPOSED-AND-APPROVED-PROJECTS.pdf,Proposed,1,Completion of police post,,,2024 CDF funding,,,,,,,,,,,,,,,,,,,,,,,,
council_minutes_budgets_cdf,CDF-2024-PROPOSED-AND-APPROVED-PROJECTS.pdf,Proposed,2,Construction of additional Class room blocks at happy Kawama school,,,2024 CDF funding,,,,,,,,,,,,,,,,,,,,,,,,
council_minutes_budgets_cdf,CDF-2024-PROPOSED-AND-APPROVED-PROJECTS.pdf,Proposed,3,Electrification of happy school,,,2024 CDF funding,,,,,,,,,,,,,,,,,,,,,,,,
council_minutes_budgets_cdf,CDF-2024-PROPOSED-AND-APPROVED-PROJECTS.pdf,Proposed,4,Building for drainages/ digging,,,2024 CDF funding,,,,,,,,,,,,,,,,,,,,,,,,
council_minutes_budgets_cdf,CDF-2024-PROPOSED-AND-APPROVED-PROJECTS.pdf,Proposed,5,Construction of ablation block at Comis school,,,2024 CDF funding,,,,,,,,,,,,,,,,,,,,,,,,
council_minutes_budgets_cdf,CDF-2024-PROPOSED-AND-APPROVED-PROJECTS.pdf,Proposed,6,Expansion of Misenga clinic,,,2024 CDF funding,,,,,,,,,,,,,,,,,,,,,,,,
council_minutes_budgets_cdf,CDF-2024-PROPOSED-AND-APPROVED-PROJECTS.pdf,Proposed,7,Electrification of Kamatipa market,,,2024 CDF funding,,,,,,,,,,,,,,,,,,,,,,,,
council_minutes_budgets_cdf,CDF-2024-PROPOSED-AND-APPROVED-PROJECTS.pdf,Proposed,8,Construction of clinic(shelter) at Kawama clinic,,,2024 CDF funding,,,,,,,,,,,,,,,,,,,,,,,,
council_minutes_budgets_cdf,CDF-2024-PROPOSED-AND-APPROVED-PROJECTS.pdf,Proposed,9,Construction of modern toilets at happy Kawama school,,,2024 CDF funding,,,,,,,,,,,,,,,,,,,,,,,,
council_minutes_budgets_cdf,CDF-2024-PROPOSED-AND-APPROVED-PROJECTS.pdf,Proposed,10,Construction of youth friendly space at Kawama clinic,,,2024 CDF funding,,,,,,,,,,,,,,,,,,,,,,,,
council_minutes_budgets_cdf,CDF-2024-PROPOSED-AND-APPROVED-PROJECTS.pdf,Proposed,11,Drilling of solar driven water borehole at Kawama Clinic,,,2024 CDF funding,,,,,,,,,,,,,,,,,,,,,,,,
council_minutes_budgets_cdf,CDF-2024-PROPOSED-AND-APPROVED-PROJECTS.pdf,Proposed,12,Procurement of 450 desks at Comis school,,,2024 CDF funding,,,,,,,,,,,,,,,,,,,,,,,,
council_minutes_budgets_cdf,CDF-2024-PROPOSED-AND-APPROVED-PROJECTS.pdf,Proposed,13,Construction of bridge on Nakayombo stream,,,2024 CDF funding,,,,,,,,,,,,,,,,,,,,,,,,
council_minutes_budgets_cdf,CDF-2024-PROPOSED-AND-APPROVED-PROJECTS.pdf,Proposed,14,Electrification of Misenga school,,,2024 CDF funding,,,,,,,,,,,,,,,,,,,,,,,,
council_minutes_budgets_cdf,CDF-2024-PROPOSED-AND-APPROVED-PROJECTS.pdf,Proposed,15,Construction of modern maternity wine at Kawama clinic,,,2024 CDF funding,,,,,,,,,,,,,,,,,,,,,,,,
council_minutes_budgets_cdf,CDF-2024-PROPOSED-AND-APPROVED-PROJECTS.pdf,Proposed,16,Drilling and installation of solar powered bore holes,,,2024 CDF funding,,,,,,,,,,,,,,,,,,,,,,,,
council_minutes_budgets_cdf,CDF-2024-PROPOSED-AND-APPROVED-PROJECTS.pdf,Proposed,17,Electrification of east of Garneton police post,,,2024 CDF funding,,,,,,,,,,,,,,,,,,,,,,,,
council_minutes_budgets_cdf,CDF-2024-PROPOSED-AND-APPROVED-PROJECTS.pdf,Proposed,18,Construction of wall fence at Happy Kawama school,,,2024 CDF funding,,,,,,,,,,,,,,,,,,,,,,,,
council_minutes_budgets_cdf,CDF-2024-PROPOSED-AND-APPROVED-PROJECTS.pdf,Proposed,19,Drilling of water borehole solar driven at Comis school,,,2024 CDF funding,,,,,,,,,,,,,,,,,,,,,,,,
council_minutes_budgets_cdf,CDF-2024-PROPOSED-AND-APPROVED-PROJECTS.pdf,Proposed,20,Construction of ablution block at Lubuto Center,,,2024 CDF funding,,,,,,,,,,,,,,,,,,,,,,,,
council_minutes_budgets_cdf,CDF-2024-PROPOSED-AND-APPROVED-PROJECTS.pdf,Proposed,21,Construction of a 1x4 classroom block at Lubuto Centre,,,2024 CDF funding,,,,,,,,,,,,,,,,,,,,,,,,
council_minutes_budgets_cdf,CDF-2024-PROPOSED-AND-APPROVED-PROJECTS.pdf,Proposed,22,Construction of a wall fence at Lubuto centre,,,2024 CDF funding,,,,,,,,,,,,,,,,,,,,,,,,
council_minutes_budgets_cdf,CDF-2024-PROPOSED-AND-APPROVED-PROJECTS.pdf,Proposed,23,Construction of Chanda bridge,,,2024 CDF funding,,,,,,,,,,,,,,,,,,,,,,,,
council_minutes_budgets_cdf,CDF-2024-PROPOSED-AND-APPROVED-PROJECTS.pdf,Proposed,24,Roofing of Chimwemwe secondary school Hall,,,2024 CDF funding,,,,,,,,,,,,,,,,,,,,,,,,
council_minutes_budgets_cdf,CDF-2024-PROPOSED-AND-APPROVED-PROJECTS.pdf,Proposed,25,Installation of street lights,,,2024 CDF funding,,,,,,,,,,,,,,,,,,,,,,,,
council_minutes_budgets_cdf,CDF-2024-PROPOSED-AND-APPROVED-PROJECTS.pdf,Proposed,26,Desk procurement,,,2024 CDF funding,,,,,,,,,,,,,,,,,,,,,,,,
council_minutes_budgets_cdf,CDF-2024-PROPOSED-AND-APPROVED-PROJECTS.pdf,Proposed,27,Construction of drainages,,,2024 CDF funding,,,,,,,,,,,,,,,,,,,,,,,,
council_minutes_budgets_cdf,CDF-2024-PROPOSED-AND-APPROVED-PROJECTS.pdf,Proposed,28,Borehole drilling,,,2024 CDF funding,,,,,,,,,,,,,,,,,,,,,,,,
council_minutes_budgets_cdf,CDF-2024-PROPOSED-AND-APPROVED-PROJECTS.pdf,Proposed,29,Footbridge co-sharing between Buchi ward and Chimwemwe wards,,,2024 CDF funding,,,,,,,,,,,,,,,,,,,,,,,,
council_minutes_budgets_cdf,CDF-2024-PROPOSED-AND-APPROVED-PROJECTS.pdf,Proposed,30,Street lighting,,,2024 CDF funding,,,,,,,,,,,,,,,,,,,,,,,,
council_minutes_budgets_cdf,CDF-2024-PROPOSED-AND-APPROVED-PROJECTS.pdf,Proposed,31,Health post,,,2024 CDF funding,,,,,,,,,,,,,,,,,,,,,,,,
council_minutes_budgets_cdf,CDF-2024-PROPOSED-AND-APPROVED-PROJECTS.pdf,Proposed,32,Police post,,,2024 CDF funding,,,,,,,,,,,,,,,,,,,,,,,,
council_minutes_budgets_cdf,CDF-2024-PROPOSED-AND-APPROVED-PROJECTS.pdf,Proposed,33,Desk procurement,,,2024 CDF funding,,,,,,,,,,,,,,,,,,,,,,,,
council_minutes_budgets_cdf,CDF-2024-PROPOSED-AND-APPROVED-PROJECTS.pdf,Proposed,34,Education (wall fence and roof repairing),,,2024 CDF funding,,,,,,,,,,,,,,,,,,,,,,,,
council_minutes_budgets_cdf,CDF-2024-PROPOSED-AND-APPROVED-PROJECTS.pdf,Proposed,35,Street lighting of various tarried roads in Buntungwa ward,,,2024 CDF funding,,,,,,,,,,,,,,,,,,,,,,,,
council_minutes_budgets_cdf,CDF-2024-PROPOSED-AND-APPROVED-PROJECTS.pdf,Proposed,36,Drilling & (water) construction of (5) boreholes,,,2024 CDF funding,,,,,,,,,,,,,,,,,,,,,,,,
council_minutes_budgets_cdf,CDF-2024-PROPOSED-AND-APPROVED-PROJECTS.pdf,Proposed,37,Construction of a placenta pit and fencing off of an incinerator/placenta pit at Chimwemwe clinic,,,2024 CDF funding,,,,,,,,,,,,,,,,,,,,,,,,
council_minutes_budgets_cdf,CDF-2024-PROPOSED-AND-APPROVED-PROJECTS.pdf,Proposed,38,Construction of an ablution block at mama Monty Combined School,,,2024 CDF funding,,,,,,,,,,,,,,,,,,,,,,,,
council_minutes_budgets_cdf,CDF-2024-PROPOSED-AND-APPROVED-PROJECTS.pdf,Proposed,39,Construction of vegetables traders market shelter at old Nakadoli market,,,2024 CDF funding,,,,,,,,,,,,,,,,,,,,,,,,
council_minutes_budgets_cdf,CDF-2024-PROPOSED-AND-APPROVED-PROJECTS.pdf,Proposed,40,Construction of 1*4 classroom block at Natwange combined school,,,2024 CDF funding,,,,,,,,,,,,,,,,,,,,,,,,
council_minutes_budgets_cdf,CDF-2024-PROPOSED-AND-APPROVED-PROJECTS.pdf,Proposed,41,Construction of a laboratory at mama Monty combined school,,,2024 CDF funding,,,,,,,,,,,,,,,,,,,,,,,,
council_minutes_budgets_cdf,CDF-2024-PROPOSED-AND-APPROVED-PROJECTS.pdf,Proposed,42,Desk procurement,,,2024 CDF funding,,,,,,,,,,,,,,,,,,,,,,,,
council_minutes_budgets_cdf,CDF-2024-PROPOSED-AND-APPROVED-PROJECTS.pdf,Proposed,43,Construction and equipping of a Laboratory 1*1 classroom block at Natwange combined school,,,2024 CDF funding,,,,,,,,,,,,,,,,,,,,,,,,
council_minutes_budgets_cdf,CDF-2024-PROPOSED-AND-APPROVED-PROJECTS.pdf,Proposed,44,Completion of a toilet a Sopelo and drilling of a borehole and equipping,,,2024 CDF funding,,,,,,,,,,,,,,,,,,,,,,,,
council_minutes_budgets_cdf,CDF-2024-PROPOSED-AND-APPROVED-PROJECTS.pdf,Proposed,45,Water connection Ituna area near Pried 070 course Primary School,,,2024 CDF funding,,,,,,,,,,,,,,,,,,,,,,,,
council_minutes_budgets_cdf,CDF-2024-PROPOSED-AND-APPROVED-PROJECTS.pdf,Proposed,46,Street lights,,,2024 CDF funding,,,,,,,,,,,,,,,,,,,,,,,,
council_minutes_budgets_cdf,CDF-2024-PROPOSED-AND-APPROVED-PROJECTS.pdf,Proposed,47,Desk procurement,,,2024 CDF funding,,,,,,,,,,,,,,,,,,,,,,,,
council_minutes_budgets_cdf,CDF-2024-PROPOSED-AND-APPROVED-PROJECTS.pdf,Proposed,48,Completion of wall fence at Twatasha combined,,,2024 CDF funding,,,,,,,,,,,,,,,,,,,,,,,,
council_minutes_budgets_cdf,CDF-2024-PROPOSED-AND-APPROVED-PROJECTS.pdf,Proposed,49,Construction of ablution block,,,2024 CDF funding,,,,,,,,,,,,,,,,,,,,,,,,
council_minutes_budgets_cdf,CDF-2024-PROPOSED-AND-APPROVED-PROJECTS.pdf,Proposed,50,Equipping of Twatasha maternity wing,,,2024 CDF funding,,,,,,,,,,,,,,,,,,,,,,,,
council_minutes_budgets_cdf,CDF-2024-PROPOSED-AND-APPROVED-PROJECTS.pdf,Proposed,51,Installation of commercial solar borehole at Ituna near racecourse primary school,,,2024 CDF funding,,,,,,,,,,,,,,,,,,,,,,,,
council_minutes_budgets_cdf,CDF-2024-PROPOSED-AND-APPROVED-PROJECTS.pdf,Proposed,52,Construction of bridge on the ring road connecting Mukuba university Zambia compound Garneton,,,2024 CDF funding,,,,,,,,,,,,,,,,,,,,,,,,
council_minutes_budgets_cdf,CDF-2024-PROPOSED-AND-APPROVED-PROJECTS.pdf,Proposed,53,Construction of modern maternity clinic in Garneton,,,2024 CDF funding,,,,,,,,,,,,,,,,,,,,,,,,
council_minutes_budgets_cdf,CDF-2024-PROPOSED-AND-APPROVED-PROJECTS.pdf,Proposed,54,Construction of a police station at the newly designated site,,,2024 CDF funding,,,,,,,,,,,,,,,,,,,,,,,,
council_minutes_budgets_cdf,CDF-2024-PROPOSED-AND-APPROVED-PROJECTS.pdf,Proposed,55,Construction of wall fence at Garneton secondary school,,,2024 CDF funding,,,,,,,,,,,,,,,,,,,,,,,,
council_minutes_budgets_cdf,CDF-2024-PROPOSED-AND-APPROVED-PROJECTS.pdf,Proposed,56,Construction of a youth community Center in Zambia compound,,,2024 CDF funding,,,,,,,,,,,,,,,,,,,,,,,,
council_minutes_budgets_cdf,CDF-2024-PROPOSED-AND-APPROVED-PROJECTS.pdf,Proposed,57,Construction of ablation block at the Garneton local court,,,2024 CDF funding,,,,,,,,,,,,,,,,,,,,,,,,
council_minutes_budgets_cdf,CDF-2024-PROPOSED-AND-APPROVED-PROJECTS.pdf,Proposed,58,Construction of ablation block Mwabashi basic school,,,2024 CDF funding,,,,,,,,,,,,,,,,,,,,,,,,
council_minutes_budgets_cdf,CDF-2024-PROPOSED-AND-APPROVED-PROJECTS.pdf,Proposed,59,Construction of a 1 block x 4 class rooms at Lwela primary school,,,2024 CDF funding,,,,,,,,,,,,,,,,,,,,,,,,
council_minutes_budgets_cdf,CDF-2024-PROPOSED-AND-APPROVED-PROJECTS.pdf,Proposed,60,Construction of bridge on vanadium road (urgent),,,2024 CDF funding,,,,,,,,,,,,,,,,,,,,,,,,
council_minutes_budgets_cdf,CDF-2024-PROPOSED-AND-APPROVED-PROJECTS.pdf,Proposed,61,Construction of foot bridge of Twatasha stream,,,2024 CDF funding,,,,,,,,,,,,,,,,,,,,,,,,
council_minutes_budgets_cdf,CDF-2024-PROPOSED-AND-APPROVED-PROJECTS.pdf,Proposed,62,Purchasing of 200 desks for Garneton sec. School,,,2024 CDF funding,,,,,,,,,,,,,,,,,,,,,,,,
council_minutes_budgets_cdf,CDF-2024-PROPOSED-AND-APPROVED-PROJECTS.pdf,Proposed,63,Purchasing of 200 desks for Mwambashi basic school,,,2024 CDF funding,,,,,,,,,,,,,,,,,,,,,,,,
council_minutes_budgets_cdf,CDF-2024-PROPOSED-AND-APPROVED-PROJECTS.pdf,Proposed,64,Purchasing of 200 desks for OVC primary school,,,2024 CDF funding,,,,,,,,,,,,,,,,,,,,,,,,
council_minutes_budgets_cdf,CDF-2024-PROPOSED-AND-APPROVED-PROJECTS.pdf,Proposed,65,Purchasing of 200 desks for Kamilulu primary school,,,2024 CDF funding,,,,,,,,,,,,,,,,,,,,,,,,
council_minutes_budgets_cdf,CDF-2024-PROPOSED-AND-APPROVED-PROJECTS.pdf,Proposed,66,Purchasing of 200 desks for Lwela primary school,,,2024 CDF funding,,,,,,,,,,,,,,,,,,,,,,,,
council_minutes_budgets_cdf,CDF-2024-PROPOSED-AND-APPROVED-PROJECTS.pdf,Proposed,67,Purchasing of 200 desks for Bush Fire Primary School,,,2024 CDF funding,,,,,,,,,,,,,,,,,,,,,,,,
council_minutes_budgets_cdf,CDF-2024-PROPOSED-AND-APPROVED-PROJECTS.pdf,Proposed,68,Purchasing of 200 desks for Salamano primary school,,,2024 CDF funding,,,,,,,,,,,,,,,,,,,,,,,,
council_minutes_budgets_cdf,CDF-2024-PROPOSED-AND-APPROVED-PROJECTS.pdf,Proposed,69,Construction 1*4 classroom block at bush fire primary school,,,2024 CDF funding,,,,,,,,,,,,,,,,,,,,,,,,
council_minutes_budgets_cdf,CDF-2024-PROPOSED-AND-APPROVED-PROJECTS.pdf,Proposed,70,Construction of commercial boreholes at forest compound and azurite road,,,2024 CDF funding,,,,,,,,,,,,,,,,,,,,,,,,
council_minutes_budgets_cdf,CDF-2024-PROPOSED-AND-APPROVED-PROJECTS.pdf,Proposed,71,Construction of a market shelter at KCC Kamatipa,,,2024 CDF funding,,,,,,,,,,,,,,,,,,,,,,,,
council_minutes_budgets_cdf,CDF-2024-PROPOSED-AND-APPROVED-PROJECTS.pdf,Proposed,72,Construction of a police post,,,2024 CDF funding,,,,,,,,,,,,,,,,,,,,,,,,
council_minutes_budgets_cdf,CDF-2024-PROPOSED-AND-APPROVED-PROJECTS.pdf,Proposed,73,Construction of a 1x4 classroom block at Kamatipa combined school,,,2024 CDF funding,,,,,,,,,,,,,,,,,,,,,,,,
council_minutes_budgets_cdf,CDF-2024-PROPOSED-AND-APPROVED-PROJECTS.pdf,Proposed,74,Drilling of va borehole at Kamatipa combined school,,,2024 CDF funding,,,,,,,,,,,,,,,,,,,,,,,,
council_minutes_budgets_cdf,CDF-2024-PROPOSED-AND-APPROVED-PROJECTS.pdf,Proposed,75,Roof renovation of 1x6 classroom block at Kamatipa combined school,,,2024 CDF funding,,,,,,,,,,,,,,,,,,,,,,,,
council_minutes_budgets_cdf,CDF-2024-PROPOSED-AND-APPROVED-PROJECTS.pdf,Proposed,76,Construction of a bridge between Kawama ward and Kamatipa ward,,,2024 CDF funding,,,,,,,,,,,,,,,,,,,,,,,,
council_minutes_budgets_cdf,CDF-2024-PROPOSED-AND-APPROVED-PROJECTS.pdf,Proposed,77,Purchasing of land for a clinic,,,2024 CDF funding,,,,,,,,,,,,,,,,,,,,,,,,
council_minutes_budgets_cdf,CDF-2024-PROPOSED-AND-APPROVED-PROJECTS.pdf,Proposed,78,Desk procurement,,,2024 CDF funding,,,,,,,,,,,,,,,,,,,,,,,,
council_minutes_budgets_cdf,CDF-2024-PROPOSED-AND-APPROVED-PROJECTS.pdf,Proposed,1,Purchase of Desks,,,2024 CDF funding,,,,,,,,,,,,,,,,,,,,,,,,
council_minutes_budgets_cdf,CDF-2024-PROPOSED-AND-APPROVED-PROJECTS.pdf,Proposed,2,Construction of Wall Fence,,,2024 CDF funding,,,,,,,,,,,,,,,,,,,,,,,,
council_minutes_budgets_cdf,CDF-2024-PROPOSED-AND-APPROVED-PROJECTS.pdf,Proposed,3,Electrifying the teachers staff houses,,,2024 CDF funding,,,,,,,,,,,,,,,,,,,,,,,,
council_minutes_budgets_cdf,CDF-2024-PROPOSED-AND-APPROVED-PROJECTS.pdf,Proposed,4,Siting drilling and equipping of borehole,,,2024 CDF funding,,,,,,,,,,,,,,,,,,,,,,,,
council_minutes_budgets_cdf,CDF-2024-PROPOSED-AND-APPROVED-PROJECTS.pdf,Proposed,5,Placing of Culverts,,,2024 CDF funding,,,,,,,,,,,,,,,,,,,,,,,,
council_minutes_budgets_cdf,CDF-2024-PROPOSED-AND-APPROVED-PROJECTS.pdf,Proposed,6,Construction of an Ablution Block,,,2024 CDF funding,,,,,,,,,,,,,,,,,,,,,,,,
council_minutes_budgets_cdf,CDF-2024-PROPOSED-AND-APPROVED-PROJECTS.pdf,Proposed,7,Construction of Industrial Arts Workshop,,,2024 CDF funding,,,,,,,,,,,,,,,,,,,,,,,,
council_minutes_budgets_cdf,CDF-2024-PROPOSED-AND-APPROVED-PROJECTS.pdf,Proposed,8,Construction an Ablution Block,,,2024 CDF funding,,,,,,,,,,,,,,,,,,,,,,,,
council_minutes_budgets_cdf,CDF-2024-PROPOSED-AND-APPROVED-PROJECTS.pdf,Proposed,9,Construction of 1x3 Classroom Block,,,2024 CDF funding,,,,,,,,,,,,,,,,,,,,,,,,
council_minutes_budgets_cdf,CDF-2024-PROPOSED-AND-APPROVED-PROJECTS.pdf,Proposed,10,Construction of 1x3 Classroom Block,,,2024 CDF funding,,,,,,,,,,,,,,,,,,,,,,,,
council_minutes_budgets_cdf,CDF-2024-PROPOSED-AND-APPROVED-PROJECTS.pdf,Proposed,11,Rehabilitation of Clinic,,,2024 CDF funding,,,,,,,,,,,,,,,,,,,,,,,,
council_minutes_budgets_cdf,CDF-2024-PROPOSED-AND-APPROVED-PROJECTS.pdf,Proposed,12,Construction an Ablution Block,,,2024 CDF funding,,,,,,,,,,,,,,,,,,,,,,,,
council_minutes_budgets_cdf,CDF-2024-PROPOSED-AND-APPROVED-PROJECTS.pdf,Proposed,13,Construction of Market Shelter,,,2024 CDF funding,,,,,,,,,,,,,,,,,,,,,,,,
council_minutes_budgets_cdf,CDF-2024-PROPOSED-AND-APPROVED-PROJECTS.pdf,Proposed,14,Construction of 1x3 Classroom Block,,,2024 CDF funding,,,,,,,,,,,,,,,,,,,,,,,,
council_minutes_budgets_cdf,CDF-2024-PROPOSED-AND-APPROVED-PROJECTS.pdf,Proposed,15,Construction of Staff House,,,2024 CDF funding,,,,,,,,,,,,,,,,,,,,,,,,
council_minutes_budgets_cdf,CDF-2024-PROPOSED-AND-APPROVED-PROJECTS.pdf,Proposed,16,Construction of Health Post,,,2024 CDF funding,,,,,,,,,,,,,,,,,,,,,,,,
council_minutes_budgets_cdf,CDF-2024-PROPOSED-AND-APPROVED-PROJECTS.pdf,Proposed,17,Construction of an Ablution Block,,,2024 CDF funding,,,,,,,,,,,,,,,,,,,,,,,,
council_minutes_budgets_cdf,CDF-2024-PROPOSED-AND-APPROVED-PROJECTS.pdf,Proposed,18,Construction of 1x2 Classroom Block,,,2024 CDF funding,,,,,,,,,,,,,,,,,,,,,,,,
council_minutes_budgets_cdf,CDF-2024-PROPOSED-AND-APPROVED-PROJECTS.pdf,Proposed,19,Construction of an Ablution Block,,,2024 CDF funding,,,,,,,,,,,,,,,,,,,,,,,,
council_minutes_budgets_cdf,CDF-2024-PROPOSED-AND-APPROVED-PROJECTS.pdf,Proposed,20,Construction of Health Post,,,2024 CDF funding,,,,,,,,,,,,,,,,,,,,,,,,
council_minutes_budgets_cdf,CDF-2024-PROPOSED-AND-APPROVED-PROJECTS.pdf,Proposed,21,Construction of an Ablution Block,,,2024 CDF funding,,,,,,,,,,,,,,,,,,,,,,,,
council_minutes_budgets_cdf,CDF-2024-PROPOSED-AND-APPROVED-PROJECTS.pdf,Proposed,22,Construction of 1x3 Classroom Block,,,2024 CDF funding,,,,,,,,,,,,,,,,,,,,,,,,
council_minutes_budgets_cdf,CDF-2024-PROPOSED-AND-APPROVED-PROJECTS.pdf,Proposed,23,Construction of 1x4 Classroom Block,,,2024 CDF funding,,,,,,,,,,,,,,,,,,,,,,,,
council_minutes_budgets_cdf,CDF-2024-PROPOSED-AND-APPROVED-PROJECTS.pdf,Proposed,24,Completion of Ndeke Mini Hospital,,,2024 CDF funding,,,,,,,,,,,,,,,,,,,,,,,,
council_minutes_budgets_cdf,CDF-2024-PROPOSED-AND-APPROVED-PROJECTS.pdf,Proposed,25,Construction of an Ablution Block,,,2024 CDF funding,,,,,,,,,,,,,,,,,,,,,,,,
council_minutes_budgets_cdf,CDF-2024-PROPOSED-AND-APPROVED-PROJECTS.pdf,Proposed,26,Construction of Police Post,,,2024 CDF funding,,,,,,,,,,,,,,,,,,,,,,,,
council_minutes_budgets_cdf,CDF-2024-PROPOSED-AND-APPROVED-PROJECTS.pdf,Proposed,27,Water Supply - Nkana Water,,,2024 CDF funding,,,,,,,,,,,,,,,,,,,,,,,,
council_minutes_budgets_cdf,CDF-2024-PROPOSED-AND-APPROVED-PROJECTS.pdf,Proposed,28,Installation of 2.8km of Streetlights,,,2024 CDF funding,,,,,,,,,,,,,,,,,,,,,,,,
council_minutes_budgets_cdf,CDF-2024-PROPOSED-AND-APPROVED-PROJECTS.pdf,Proposed,29,Installation of 2km of Streetlights,,,2024 CDF funding,,,,,,,,,,,,,,,,,,,,,,,,
council_minutes_budgets_cdf,CDF-2024-PROPOSED-AND-APPROVED-PROJECTS.pdf,Proposed,30,Installation of 2km of Streetlights,,,2024 CDF funding,,,,,,,,,,,,,,,,,,,,,,,,
council_minutes_budgets_cdf,CDF-2024-PROPOSED-AND-APPROVED-PROJECTS.pdf,Proposed,31,Installation of 0.8km of Streetlights,,,2024 CDF funding,,,,,,,,,,,,,,,,,,,,,,,,
council_minutes_budgets_cdf,CDF-2024-PROPOSED-AND-APPROVED-PROJECTS.pdf,Proposed,32,Water Supply - Nkana Water,,,2024 CDF funding,,,,,,,,,,,,,,,,,,,,,,,,
council_minutes_budgets_cdf,CDF-2024-PROPOSED-AND-APPROVED-PROJECTS.pdf,Proposed,33,Rehabilitation of 1x3 Classroom Block and Wall Fence,,,2024 CDF funding,,,,,,,,,,,,,,,,,,,,,,,,
council_minutes_budgets_cdf,CDF-2024-PROPOSED-AND-APPROVED-PROJECTS.pdf,Proposed,34,Construction of Science and Computer Laboratory,,,2024 CDF funding,,,,,,,,,,,,,,,,,,,,,,,,
council_minutes_budgets_cdf,CDF-2024-PROPOSED-AND-APPROVED-PROJECTS.pdf,Proposed,35,Construction of Admission Wards,,,2024 CDF funding,,,,,,,,,,,,,,,,,,,,,,,,
council_minutes_budgets_cdf,CDF-2024-PROPOSED-AND-APPROVED-PROJECTS.pdf,Proposed,36,Construction of Foot Bridge,,,2024 CDF funding,,,,,,,,,,,,,,,,,,,,,,,,
council_minutes_budgets_cdf,CDF-2024-PROPOSED-AND-APPROVED-PROJECTS.pdf,Proposed,37,Construction of Foot Bridge,,,2024 CDF funding,,,,,,,,,,,,,,,,,,,,,,,,
council_minutes_budgets_cdf,CDF-2024-PROPOSED-AND-APPROVED-PROJECTS.pdf,Proposed,38,Construction of Foot Bridge,,,2024 CDF funding,,,,,,,,,,,,,,,,,,,,,,,,
council_minutes_budgets_cdf,CDF-2024-PROPOSED-AND-APPROVED-PROJECTS.pdf,Proposed,39,Construction of Foot Bridge,,,2024 CDF funding,,,,,,,,,,,,,,,,,,,,,,,,
council_minutes_budgets_cdf,CDF-2024-PROPOSED-AND-APPROVED-PROJECTS.pdf,Proposed,40,Water Supply - Nkana Water,,,2024 CDF funding,,,,,,,,,,,,,,,,,,,,,,,,
council_minutes_budgets_cdf,CDF-2024-PROPOSED-AND-APPROVED-PROJECTS.pdf,Proposed,41,Renovation of Market Shelter,,,2024 CDF funding,,,,,,,,,,,,,,,,,,,,,,,,
council_minutes_budgets_cdf,CDF-2024-PROPOSED-AND-APPROVED-PROJECTS.pdf,Proposed,42,Construction of Police Post,,,2024 CDF funding,,,,,,,,,,,,,,,,,,,,,,,,
council_minutes_budgets_cdf,CDF-2024-PROPOSED-AND-APPROVED-PROJECTS.pdf,Proposed,43,Construction of Wall Fence,,,2024 CDF funding,,,,,,,,,,,,,,,,,,,,,,,,
council_minutes_budgets_cdf,CDF-2024-PROPOSED-AND-APPROVED-PROJECTS.pdf,Proposed,44,Construction of Foot Bridge,,,2024 CDF funding,,,,,,,,,,,,,,,,,,,,,,,,
council_minutes_budgets_cdf,CDF-2024-PROPOSED-AND-APPROVED-PROJECTS.pdf,Proposed,45,Construction of Foot Bridge,,,2024 CDF funding,,,,,,,,,,,,,,,,,,,,,,,,
council_minutes_budgets_cdf,CDF-2024-PROPOSED-AND-APPROVED-PROJECTS.pdf,Proposed,46,Rehabilitation of Foot Bridge,,,2024 CDF funding,,,,,,,,,,,,,,,,,,,,,,,,
council_minutes_budgets_cdf,CDF-2024-PROPOSED-AND-APPROVED-PROJECTS.pdf,Proposed,47,Installation of 1.2km of Streetlights,,,2024 CDF funding,,,,,,,,,,,,,,,,,,,,,,,,
council_minutes_budgets_cdf,CDF-2024-PROPOSED-AND-APPROVED-PROJECTS.pdf,Proposed,48,Installation of 1.6km of Streetlights,,,2024 CDF funding,,,,,,,,,,,,,,,,,,,,,,,,
council_minutes_budgets_cdf,CDF-2024-PROPOSED-AND-APPROVED-PROJECTS.pdf,Proposed,49,Installation of 1.9km of Streetlights,,,2024 CDF funding,,,,,,,,,,,,,,,,,,,,,,,,
council_minutes_budgets_cdf,CDF-2024-PROPOSED-AND-APPROVED-PROJECTS.pdf,Proposed,50,Installation of 3.9km of Streetlights,,,2024 CDF funding,,,,,,,,,,,,,,,,,,,,,,,,
council_minutes_budgets_cdf,CDF-2024-PROPOSED-AND-APPROVED-PROJECTS.pdf,Proposed,51,Construction of Market Shelter,,,2024 CDF funding,,,,,,,,,,,,,,,,,,,,,,,,
council_minutes_budgets_cdf,CDF-2024-PROPOSED-AND-APPROVED-PROJECTS.pdf,Proposed,52,Construction of Market Shelter,,,2024 CDF funding,,,,,,,,,,,,,,,,,,,,,,,,
council_minutes_budgets_cdf,CDF-2024-PROPOSED-AND-APPROVED-PROJECTS.pdf,Proposed,53,Construction of Police Post,,,2024 CDF funding,,,,,,,,,,,,,,,,,,,,,,,,
council_minutes_budgets_cdf,CDF-2024-PROPOSED-AND-APPROVED-PROJECTS.pdf,Proposed,54,Construction of Mothers Shelter,,,2024 CDF funding,,,,,,,,,,,,,,,,,,,,,,,,
council_minutes_budgets_cdf,CDF-2024-PROPOSED-AND-APPROVED-PROJECTS.pdf,Proposed,55,Construction of 1x1 Classroom Block,,,2024 CDF funding,,,,,,,,,,,,,,,,,,,,,,,,
council_minutes_budgets_cdf,CDF-2024-PROPOSED-AND-APPROVED-PROJECTS.pdf,Proposed,56,Buying off houses for expansion of Mulenga Primary School,,,2024 CDF funding,,,,,,,,,,,,,,,,,,,,,,,,
council_minutes_budgets_cdf,CDF-2024-PROPOSED-AND-APPROVED-PROJECTS.pdf,Proposed,57,Construction of Wall Fence,,,2024 CDF funding,,,,,,,,,,,,,,,,,,,,,,,,
council_minutes_budgets_cdf,CDF-2024-PROPOSED-AND-APPROVED-PROJECTS.pdf,Proposed,58,Construction of 1x3 Classroom Block,,,2024 CDF funding,,,,,,,,,,,,,,,,,,,,,,,,
council_minutes_budgets_cdf,CDF-2024-PROPOSED-AND-APPROVED-PROJECTS.pdf,Proposed,59,Rehabilitation of Ablution Block,,,2024 CDF funding,,,,,,,,,,,,,,,,,,,,,,,,
council_minutes_budgets_cdf,CDF-2024-PROPOSED-AND-APPROVED-PROJECTS.pdf,Proposed,60,Construction of Wall Fence,,,2024 CDF funding,,,,,,,,,,,,,,,,,,,,,,,,
council_minutes_budgets_cdf,CDF-2024-PROPOSED-AND-APPROVED-PROJECTS.pdf,Proposed,61,Construction of 1x3 Classroom Block,,,2024 CDF funding,,,,,,,,,,,,,,,,,,,,,,,,
council_minutes_budgets_cdf,CDF-2024-PROPOSED-AND-APPROVED-PROJECTS.pdf,Proposed,62,Construction of 1x3 Classroom Block,,,2024 CDF funding,,,,,,,,,,,,,,,,,,,,,,,,
council_minutes_budgets_cdf,CDF-2024-PROPOSED-AND-APPROVED-PROJECTS.pdf,Proposed,63,Construction of an Ablution Block,,,2024 CDF funding,,,,,,,,,,,,,,,,,,,,,,,,
council_minutes_budgets_cdf,CDF-2024-PROPOSED-AND-APPROVED-PROJECTS.pdf,Proposed,64,Purchase of earth moving Machinery,,,2024 CDF funding,,,,,,,,,,,,,,,,,,,,,,,,
council_minutes_budgets_cdf,CDF-2024-PROPOSED-AND-APPROVED-PROJECTS.pdf,Proposed,65,Siting drilling and equipping of borehole,,,2024 CDF funding,,,,,,,,,,,,,,,,,,,,,,,,
council_minutes_budgets_cdf,CDF-2024-PROPOSED-AND-APPROVED-PROJECTS.pdf,Proposed,66,Construction of a Classroom Block in Misaka,,,2024 CDF funding,,,,,,,,,,,,,,,,,,,,,,,,
council_minutes_budgets_cdf,CDF-2024-PROPOSED-AND-APPROVED-PROJECTS.pdf,Proposed,67,Rehabilitation of Market Shelter,,,2024 CDF funding,,,,,,,,,,,,,,,,,,,,,,,,
council_minutes_budgets_cdf,CDF-2024-PROPOSED-AND-APPROVED-PROJECTS.pdf,Proposed,68,Completion of Toilet at Market Shelter,,,2024 CDF funding,,,,,,,,,,,,,,,,,,,,,,,,
council_minutes_budgets_cdf,CDF-2024-PROPOSED-AND-APPROVED-PROJECTS.pdf,Proposed,69,Grading of Roads,,,2024 CDF funding,,,,,,,,,,,,,,,,,,,,,,,,
council_minutes_budgets_cdf,CDF-2024-PROPOSED-AND-APPROVED-PROJECTS.pdf,Proposed,70,Procurement of 4 Toyota Hiace Ace Mini Bus 14 Seats,,,2024 CDF funding,,,,,,,,,,,,,,,,,,,,,,,,
council_minutes_budgets_cdf,CDF-2024-PROPOSED-AND-APPROVED-PROJECTS.pdf,Proposed,71,Construction of an Ablution Block,,,2024 CDF funding,,,,,,,,,,,,,,,,,,,,,,,,
council_minutes_budgets_cdf,CDF-2024-PROPOSED-AND-APPROVED-PROJECTS.pdf,Proposed,72,Construction of Wall Fence with the inclusion of Desks,,,2024 CDF funding,,,,,,,,,,,,,,,,,,,,,,,,
council_minutes_budgets_cdf,CDF-2024-PROPOSED-AND-APPROVED-PROJECTS.pdf,Proposed,73,Construction of skills Centre,,,2024 CDF funding,,,,,,,,,,,,,,,,,,,,,,,,
council_minutes_budgets_cdf,CDF-2024-PROPOSED-AND-APPROVED-PROJECTS.pdf,Proposed,74,Construction of Wall Fence,,,2024 CDF funding,,,,,,,,,,,,,,,,,,,,,,,,
council_minutes_budgets_cdf,CDF-2024-PROPOSED-AND-APPROVED-PROJECTS.pdf,Proposed,75,Water Pump,,,2024 CDF funding,,,,,,,,,,,,,,,,,,,,,,,,
council_minutes_budgets_cdf,CDF-2024-PROPOSED-AND-APPROVED-PROJECTS.pdf,Proposed,76,Construction of Wall Fence,,,2024 CDF funding,,,,,,,,,,,,,,,,,,,,,,,,
council_minutes_budgets_cdf,CDF-2024-PROPOSED-AND-APPROVED-PROJECTS.pdf,Proposed,77,Construction of Wall Fence,,,2024 CDF funding,,,,,,,,,,,,,,,,,,,,,,,,
council_minutes_budgets_cdf,CDF-2024-PROPOSED-AND-APPROVED-PROJECTS.pdf,Proposed,78,Construction of Wall Fence,,,2024 CDF funding,,,,,,,,,,,,,,,,,,,,,,,,
council_minutes_budgets_cdf,CDF-2024-PROPOSED-AND-APPROVED-PROJECTS.pdf,Proposed,79,Construction of an Ablution Block,,,2024 CDF funding,,,,,,,,,,,,,,,,,,,,,,,,
council_minutes_budgets_cdf,CDF-2024-PROPOSED-AND-APPROVED-PROJECTS.pdf,Proposed,80,Construction of a Health Post,,,2024 CDF funding,,,,,,,,,,,,,,,,,,,,,,,,
council_minutes_budgets_cdf,CDF-2024-PROPOSED-AND-APPROVED-PROJECTS.pdf,Proposed,1,Drilling And Equipping of Borehole at Bulangililo Clinic,,,2024 CDF funding,,,,,,,,,,,,,,,,,,,,,,,,
council_minutes_budgets_cdf,CDF-2024-PROPOSED-AND-APPROVED-PROJECTS.pdf,Proposed,2,Equipping of Borehole - at Mwaiseni overspill Market and Ablution,,,2024 CDF funding,,,,,,,,,,,,,,,,,,,,,,,,
council_minutes_budgets_cdf,CDF-2024-PROPOSED-AND-APPROVED-PROJECTS.pdf,Proposed,3,Equipping of Borehole - at Nyali Community Police Post,,,2024 CDF funding,,,,,,,,,,,,,,,,,,,,,,,,
council_minutes_budgets_cdf,CDF-2024-PROPOSED-AND-APPROVED-PROJECTS.pdf,Proposed,4,Health Clinic,,,2024 CDF funding,,,,,,,,,,,,,,,,,,,,,,,,
council_minutes_budgets_cdf,CDF-2024-PROPOSED-AND-APPROVED-PROJECTS.pdf,Proposed,5,Procurement of 100 Desks for Kafue Park Primary School,,,2024 CDF funding,,,,,,,,,,,,,,,,,,,,,,,,
council_minutes_budgets_cdf,CDF-2024-PROPOSED-AND-APPROVED-PROJECTS.pdf,Proposed,6,Procurement of 110 Desks for the 1x4 Classroom Block at Chantete Primary School,,,2024 CDF funding,,,,,,,,,,,,,,,,,,,,,,,,
council_minutes_budgets_cdf,CDF-2024-PROPOSED-AND-APPROVED-PROJECTS.pdf,Proposed,7,Procurement of 180 Desks for Lulamba Primary School,,,2024 CDF funding,,,,,,,,,,,,,,,,,,,,,,,,
council_minutes_budgets_cdf,CDF-2024-PROPOSED-AND-APPROVED-PROJECTS.pdf,Proposed,8,Procurement of 200 Desks at Bulangililo Combined School A & B,,,2024 CDF funding,,,,,,,,,,,,,,,,,,,,,,,,
council_minutes_budgets_cdf,CDF-2024-PROPOSED-AND-APPROVED-PROJECTS.pdf,Proposed,9,Procurement of 200 Desks for Mitanto School Community Hall,,,2024 CDF funding,,,,,,,,,,,,,,,,,,,,,,,,
council_minutes_budgets_cdf,CDF-2024-PROPOSED-AND-APPROVED-PROJECTS.pdf,Proposed,10,Procurement of 200 School Desks for Riverain School,,,2024 CDF funding,,,,,,,,,,,,,,,,,,,,,,,,
council_minutes_budgets_cdf,CDF-2024-PROPOSED-AND-APPROVED-PROJECTS.pdf,Proposed,11,Procurement of 60 Desks for Mupundu Primary School,,,2024 CDF funding,,,,,,,,,,,,,,,,,,,,,,,,
council_minutes_budgets_cdf,CDF-2024-PROPOSED-AND-APPROVED-PROJECTS.pdf,Proposed,12,Procurement of 750 Desks and 200 Desk Boards at Ipusukilo Primary School,,,2024 CDF funding,,,,,,,,,,,,,,,,,,,,,,,,
council_minutes_budgets_cdf,CDF-2024-PROPOSED-AND-APPROVED-PROJECTS.pdf,Proposed,13,Procurement of a Bull Dozer,,,2024 CDF funding,,,,,,,,,,,,,,,,,,,,,,,,
council_minutes_budgets_cdf,CDF-2024-PROPOSED-AND-APPROVED-PROJECTS.pdf,Proposed,14,Procurement of a Grader & Tipper Truck (Bell),,,2024 CDF funding,,,,,,,,,,,,,,,,,,,,,,,,
council_minutes_budgets_cdf,CDF-2024-PROPOSED-AND-APPROVED-PROJECTS.pdf,Proposed,15,Procurement of School Desks,,,2024 CDF funding,,,,,,,,,,,,,,,,,,,,,,,,
council_minutes_budgets_cdf,CDF-2024-PROPOSED-AND-APPROVED-PROJECTS.pdf,Proposed,16,Purchase of aa Ambulance at Eddeco Clinic and Upgrading the Clinic and Toilets,,,2024 CDF funding,,,,,,,,,,,,,,,,,,,,,,,,
council_minutes_budgets_cdf,CDF-2024-PROPOSED-AND-APPROVED-PROJECTS.pdf,Proposed,17,Purchase of Equipment for the Maternity Wing at Ipusukilo Clinic,,,2024 CDF funding,,,,,,,,,,,,,,,,,,,,,,,,
council_minutes_budgets_cdf,CDF-2024-PROPOSED-AND-APPROVED-PROJECTS.pdf,Proposed,18,Rehabilitation of OPD 1 at Kwacha Clinic,,,2024 CDF funding,,,,,,,,,,,,,,,,,,,,,,,,
council_minutes_budgets_cdf,CDF-2024-PROPOSED-AND-APPROVED-PROJECTS.pdf,Proposed,19,Re-Installation and New Connections - Equipping of Borehole,,,2024 CDF funding,,,,,,,,,,,,,,,,,,,,,,,,
council_minutes_budgets_cdf,CDF-2024-PROPOSED-AND-APPROVED-PROJECTS.pdf,Proposed,20,Re-Installation and New Connections - Equipping of Borehole,,,2024 CDF funding,,,,,,,,,,,,,,,,,,,,,,,,
council_minutes_budgets_cdf,CDF-2024-PROPOSED-AND-APPROVED-PROJECTS.pdf,Proposed,21,Road Paving of CBU Clinic Road,,,2024 CDF funding,,,,,,,,,,,,,,,,,,,,,,,,
council_minutes_budgets_cdf,CDF-2024-PROPOSED-AND-APPROVED-PROJECTS.pdf,Proposed,22,Siting And Drilling of Borehole - at Nyali Community Police Post,,,2024 CDF funding,,,,,,,,,,,,,,,,,,,,,,,,
council_minutes_budgets_cdf,CDF-2024-PROPOSED-AND-APPROVED-PROJECTS.pdf,Proposed,23,Siting And Drilling of Borehole - at Mwaiseni Overspill Market,,,2024 CDF funding,,,,,,,,,,,,,,,,,,,,,,,,
council_minutes_budgets_cdf,CDF-2024-PROPOSED-AND-APPROVED-PROJECTS.pdf,Proposed,24,Stone Pitching of The Drainage in Chimbotela Area,,,2024 CDF funding,,,,,,,,,,,,,,,,,,,,,,,,
council_minutes_budgets_cdf,CDF-2024-PROPOSED-AND-APPROVED-PROJECTS.pdf,Proposed,25,Supply and Delivery of an Ambulance,,,2024 CDF funding,,,,,,,,,,,,,,,,,,,,,,,,
council_minutes_budgets_cdf,CDF-2024-PROPOSED-AND-APPROVED-PROJECTS.pdf,Proposed,26,Supply and Delivery of Motor Grader,,,2024 CDF funding,,,,,,,,,,,,,,,,,,,,,,,,
council_minutes_budgets_cdf,CDF-2024-PROPOSED-AND-APPROVED-PROJECTS.pdf,Proposed,27,Supply and Delivery of Tipper Truck,,,2024 CDF funding,,,,,,,,,,,,,,,,,,,,,,,,
council_minutes_budgets_cdf,CDF-2024-PROPOSED-AND-APPROVED-PROJECTS.pdf,Proposed,28,Supply and Installation of a Sliding Gate at Bulangililo Clinic,,,2024 CDF funding,,,,,,,,,,,,,,,,,,,,,,,,
council_minutes_budgets_cdf,CDF-2024-PROPOSED-AND-APPROVED-PROJECTS.pdf,Proposed,29,Upgrading of Ipusukilo Market/ Borehole Installation,,,2024 CDF funding,,,,,,,,,,,,,,,,,,,,,,,,
council_minutes_budgets_cdf,CDF-2024-PROPOSED-AND-APPROVED-PROJECTS.pdf,Proposed,30,Upgrading of Nkana East Clinic to a Mini Hospital,,,2024 CDF funding,,,,,,,,,,,,,,,,,,,,,,,,
council_minutes_budgets_cdf,CDF-2024-PROPOSED-AND-APPROVED-PROJECTS.pdf,Proposed,31,Upgrading the Road from Ipusukilo Police Post through Eddeco Clinic,,,2024 CDF funding,,,,,,,,,,,,,,,,,,,,,,,,
council_minutes_budgets_cdf,CDF-2024-PROPOSED-AND-APPROVED-PROJECTS.pdf,Proposed,32,Extension of Concrete Base on Entrance and Exits,,,2024 CDF funding,,,,,,,,,,,,,,,,,,,,,,,,
council_minutes_budgets_cdf,CDF-2024-PROPOSED-AND-APPROVED-PROJECTS.pdf,Proposed,33,Construction of an Ablution Block at Bulangililo Market,,,2024 CDF funding,,,,,,,,,,,,,,,,,,,,,,,,
council_minutes_budgets_cdf,CDF-2024-PROPOSED-AND-APPROVED-PROJECTS.pdf,Proposed,34,Construction of Concrete Block Wall Fence at Lulamba Primary School,,,2024 CDF funding,,,,,,,,,,,,,,,,,,,,,,,,
council_minutes_budgets_cdf,CDF-2024-PROPOSED-AND-APPROVED-PROJECTS.pdf,Proposed,35,Construction of Police Post in Kwacha Resettlement (Kr) Area,,,2024 CDF funding,,,,,,,,,,,,,,,,,,,,,,,,
council_minutes_budgets_cdf,CDF-2024-PROPOSED-AND-APPROVED-PROJECTS.pdf,Proposed,36,Construction of Standard Health Post at Kafue,,,2024 CDF funding,,,,,,,,,,,,,,,,,,,,,,,,
council_minutes_budgets_cdf,CDF-2024-PROPOSED-AND-APPROVED-PROJECTS.pdf,Proposed,37,Drilling and equipping,,,2024 CDF funding,,,,,,,,,,,,,,,,,,,,,,,,
council_minutes_budgets_cdf,CDF-2024-PROPOSED-AND-APPROVED-PROJECTS.pdf,Proposed,38,Variation on the Construction of Police Post,,,2024 CDF funding,,,,,,,,,,,,,,,,,,,,,,,,
council_minutes_budgets_cdf,CDF-2024-PROPOSED-AND-APPROVED-PROJECTS.pdf,Proposed,1,Construction of a Mother's shelter at Mugala Clinic,,,2024 CDF funding,,,,,,,,,,,,,,,,,,,,,,,,
council_minutes_budgets_cdf,CDF-2024-PROPOSED-AND-APPROVED-PROJECTS.pdf,Proposed,2,Construction of a Market Electric Borehole and Water Scheme in Mugala Community,,,2024 CDF funding,,,,,,,,,,,,,,,,,,,,,,,,
council_minutes_budgets_cdf,CDF-2024-PROPOSED-AND-APPROVED-PROJECTS.pdf,Proposed,3,Electrification of Mugala Clinic and the entire community using (REA) Funds,,,2024 CDF funding,,,,,,,,,,,,,,,,,,,,,,,,
council_minutes_budgets_cdf,CDF-2024-PROPOSED-AND-APPROVED-PROJECTS.pdf,Proposed,4,Wirefencing Procurement of furniture and painting of a Police Post,,,2024 CDF funding,,,,,,,,,,,,,,,,,,,,,,,,
council_minutes_budgets_cdf,CDF-2024-PROPOSED-AND-APPROVED-PROJECTS.pdf,Proposed,5,Grading and Putting of Laterite on Existing Main Roads,,,2024 CDF funding,,,,,,,,,,,,,,,,,,,,,,,,
council_minutes_budgets_cdf,CDF-2024-PROPOSED-AND-APPROVED-PROJECTS.pdf,Proposed,6,Installation of Solar Street lights in all Major Roads in the ward,,,2024 CDF funding,,,,,,,,,,,,,,,,,,,,,,,,
council_minutes_budgets_cdf,CDF-2024-PROPOSED-AND-APPROVED-PROJECTS.pdf,Proposed,7,Procurement of Security Containers,,,2024 CDF funding,,,,,,,,,,,,,,,,,,,,,,,,
council_minutes_budgets_cdf,CDF-2024-PROPOSED-AND-APPROVED-PROJECTS.pdf,Proposed,8,Construction of Speed Humps,,,2024 CDF funding,,,,,,,,,,,,,,,,,,,,,,,,
council_minutes_budgets_cdf,CDF-2024-PROPOSED-AND-APPROVED-PROJECTS.pdf,Proposed,9,Construction of a Wall fence around Kamakonde Primary School,,,2024 CDF funding,,,,,,,,,,,,,,,,,,,,,,,,
council_minutes_budgets_cdf,CDF-2024-PROPOSED-AND-APPROVED-PROJECTS.pdf,Proposed,10,Water (Drilling of Solar Powered Borehole at Mipaip Section,,,2024 CDF funding,,,,,,,,,,,,,,,,,,,,,,,,
council_minutes_budgets_cdf,CDF-2024-PROPOSED-AND-APPROVED-PROJECTS.pdf,Proposed,11,Construction of a Raod Using Waste Rock and Laterite,,,2024 CDF funding,,,,,,,,,,,,,,,,,,,,,,,,
council_minutes_budgets_cdf,CDF-2024-PROPOSED-AND-APPROVED-PROJECTS.pdf,Proposed,12,Construction of Houses,,,2024 CDF funding,,,,,,,,,,,,,,,,,,,,,,,,
council_minutes_budgets_cdf,CDF-2024-PROPOSED-AND-APPROVED-PROJECTS.pdf,Proposed,13,Martenity wing Construction,,,2024 CDF funding,,,,,,,,,,,,,,,,,,,,,,,,
council_minutes_budgets_cdf,CDF-2024-PROPOSED-AND-APPROVED-PROJECTS.pdf,Proposed,14,Construction of Classroom Blocks,,,2024 CDF funding,,,,,,,,,,,,,,,,,,,,,,,,
council_minutes_budgets_cdf,CDF-2024-PROPOSED-AND-APPROVED-PROJECTS.pdf,Proposed,15,Development of a Road Network,,,2024 CDF funding,,,,,,,,,,,,,,,,,,,,,,,,
council_minutes_budgets_cdf,CDF-2024-PROPOSED-AND-APPROVED-PROJECTS.pdf,Proposed,16,Construction of a Pipped water Supply System,,,2024 CDF funding,,,,,,,,,,,,,,,,,,,,,,,,
council_minutes_budgets_cdf,CDF-2024-PROPOSED-AND-APPROVED-PROJECTS.pdf,Proposed,17,Grading and compacting a 20KM Road,,,2024 CDF funding,,,,,,,,,,,,,,,,,,,,,,,,
council_minutes_budgets_cdf,CDF-2024-PROPOSED-AND-APPROVED-PROJECTS.pdf,Proposed,18,Bridge Construction,,,2024 CDF funding,,,,,,,,,,,,,,,,,,,,,,,,
council_minutes_budgets_cdf,CDF-2024-PROPOSED-AND-APPROVED-PROJECTS.pdf,Proposed,19,Construction of a 1x3 Class Room,,,2024 CDF funding,,,,,,,,,,,,,,,,,,,,,,,,
council_minutes_budgets_cdf,CDF-2024-PROPOSED-AND-APPROVED-PROJECTS.pdf,Proposed,20,Street lights,,,2024 CDF funding,,,,,,,,,,,,,,,,,,,,,,,,
council_minutes_budgets_cdf,CDF-2024-PROPOSED-AND-APPROVED-PROJECTS.pdf,Proposed,21,Renovations of Country Buildings Judiciary,,,2024 CDF funding,,,,,,,,,,,,,,,,,,,,,,,,
council_minutes_budgets_cdf,CDF-2024-PROPOSED-AND-APPROVED-PROJECTS.pdf,Proposed,22,Procurement of School Desks,,,2024 CDF funding,,,,,,,,,,,,,,,,,,,,,,,,
council_minutes_budgets_cdf,CDF-2024-PROPOSED-AND-APPROVED-PROJECTS.pdf,Proposed,23,Construction of Staff Toilets,,,2024 CDF funding,,,,,,,,,,,,,,,,,,,,,,,,
council_minutes_budgets_cdf,CDF-2024-PROPOSED-AND-APPROVED-PROJECTS.pdf,Proposed,24,Procurement of School Desks,,,2024 CDF funding,,,,,,,,,,,,,,,,,,,,,,,,
council_minutes_budgets_cdf,CDF-2024-PROPOSED-AND-APPROVED-PROJECTS.pdf,Proposed,25,Construction of Road,,,2024 CDF funding,,,,,,,,,,,,,,,,,,,,,,,,
council_minutes_budgets_cdf,CDF-2024-PROPOSED-AND-APPROVED-PROJECTS.pdf,Proposed,26,Construction of Police post,,,2024 CDF funding,,,,,,,,,,,,,,,,,,,,,,,,
council_minutes_budgets_cdf,CDF-2024-PROPOSED-AND-APPROVED-PROJECTS.pdf,Proposed,27,Road grading of Street Roads,,,2024 CDF funding,,,,,,,,,,,,,,,,,,,,,,,,
council_minutes_budgets_cdf,CDF-2024-PROPOSED-AND-APPROVED-PROJECTS.pdf,Proposed,28,Procurement of School Desks,,,2024 CDF funding,,,,,,,,,,,,,,,,,,,,,,,,
council_minutes_budgets_cdf,CDF-2024-PROPOSED-AND-APPROVED-PROJECTS.pdf,Proposed,29,Construction of Health facility,,,2024 CDF funding,,,,,,,,,,,,,,,,,,,,,,,,
council_minutes_budgets_cdf,CDF-2024-PROPOSED-AND-APPROVED-PROJECTS.pdf,Proposed,30,Construction and rehabilitation of infrastructure at Kitwe Boys Secondary School,,,2024 CDF funding,,,,,,,,,,,,,,,,,,,,,,,,
council_minutes_budgets_cdf,CDF-2024-PROPOSED-AND-APPROVED-PROJECTS.pdf,Proposed,31,Renovation of Court building at Kitwe II Local Court,,,2024 CDF funding,,,,,,,,,,,,,,,,,,,,,,,,
council_minutes_budgets_cdf,CDF-2024-PROPOSED-AND-APPROVED-PROJECTS.pdf,Proposed,32,Renovation of Court building at Kitwe Sub Court,,,2024 CDF funding,,,,,,,,,,,,,,,,,,,,,,,,
council_minutes_budgets_cdf,CDF-2024-PROPOSED-AND-APPROVED-PROJECTS.pdf,Proposed,33,Construction of Public Ablution block at Kitwe High Court,,,2024 CDF funding,,,,,,,,,,,,,,,,,,,,,,,,
council_minutes_budgets_cdf,CDF-2024-PROPOSED-AND-APPROVED-PROJECTS.pdf,Proposed,34,Paving of Court yard at Kitwe High Court,,,2024 CDF funding,,,,,,,,,,,,,,,,,,,,,,,,
council_minutes_budgets_cdf,CDF-2024-PROPOSED-AND-APPROVED-PROJECTS.pdf,Proposed,35,Construction of a 1 x 4 Classroom block at St. Anthony Primary School,,,2024 CDF funding,,,,,,,,,,,,,,,,,,,,,,,,
council_minutes_budgets_cdf,CDF-2024-PROPOSED-AND-APPROVED-PROJECTS.pdf,Proposed,36,Construction of a wall fence around Kitwe Main Combined School,,,2024 CDF funding,,,,,,,,,,,,,,,,,,,,,,,,
council_minutes_budgets_cdf,CDF-2024-PROPOSED-AND-APPROVED-PROJECTS.pdf,Proposed,37,Installation of solar street lights,,,2024 CDF funding,,,,,,,,,,,,,,,,,,,,,,,,
council_minutes_budgets_cdf,CDF-2024-PROPOSED-AND-APPROVED-PROJECTS.pdf,Proposed,38,Construction of Market shelter in Kandawe,,,2024 CDF funding,,,,,,,,,,,,,,,,,,,,,,,,
council_minutes_budgets_cdf,CDF-2024-PROPOSED-AND-APPROVED-PROJECTS.pdf,Proposed,39,Construction of Charcoal market shelter in St. Anthony,,,2024 CDF funding,,,,,,,,,,,,,,,,,,,,,,,,
council_minutes_budgets_cdf,CDF-2024-PROPOSED-AND-APPROVED-PROJECTS.pdf,Proposed,40,Construction of a Police post in Buyantanshi,,,2024 CDF funding,,,,,,,,,,,,,,,,,,,,,,,,
council_minutes_budgets_cdf,CDF-2024-PROPOSED-AND-APPROVED-PROJECTS.pdf,Proposed,41,Installation of solar street lights along Diamond drive,,,2024 CDF funding,,,,,,,,,,,,,,,,,,,,,,,,
council_minutes_budgets_cdf,CDF-2024-PROPOSED-AND-APPROVED-PROJECTS.pdf,Proposed,42,Street lights,,,2024 CDF funding,,,,,,,,,,,,,,,,,,,,,,,,
council_minutes_budgets_cdf,CDF-2024-PROPOSED-AND-APPROVED-PROJECTS.pdf,Proposed,43,Water Project,,,2024 CDF funding,,,,,,,,,,,,,,,,,,,,,,,,
council_minutes_budgets_cdf,CDF-2024-PROPOSED-AND-APPROVED-PROJECTS.pdf,Proposed,44,Construction of Toilet at Mindolo North Clinic,,,2024 CDF funding,,,,,,,,,,,,,,,,,,,,,,,,
council_minutes_budgets_cdf,CDF-2024-PROPOSED-AND-APPROVED-PROJECTS.pdf,Proposed,45,Wall fence at Salem Primary School,,,2024 CDF funding,,,,,,,,,,,,,,,,,,,,,,,,
council_minutes_budgets_cdf,CDF-2024-PROPOSED-AND-APPROVED-PROJECTS.pdf,Proposed,1,Drilling of borehole at Chamboli primary school,,,2024 CDF funding,,,,,,,,,,,,,,,,,,,,,,,,
council_minutes_budgets_cdf,CDF-2024-PROPOSED-AND-APPROVED-PROJECTS.pdf,Proposed,2,Purchase of an ambulance,,,2024 CDF funding,,,,,,,,,,,,,,,,,,,,,,,,
council_minutes_budgets_cdf,CDF-2024-PROPOSED-AND-APPROVED-PROJECTS.pdf,Proposed,3,Purchase of 3305 desks 100 stools and rehabilitation of 350 desks,,,2024 CDF funding,,,,,,,,,,,,,,,,,,,,,,,,
council_minutes_budgets_cdf,CDF-2024-PROPOSED-AND-APPROVED-PROJECTS.pdf,Proposed,4,Construction of a clinic in Luangwa,,,2024 CDF funding,,,,,,,,,,,,,,,,,,,,,,,,
council_minutes_budgets_cdf,CDF-2024-PROPOSED-AND-APPROVED-PROJECTS.pdf,Proposed,5,Contribution towards hospital road,,,2024 CDF funding,,,,,,,,,,,,,,,,,,,,,,,,
council_minutes_budgets_cdf,CDF-2024-PROPOSED-AND-APPROVED-PROJECTS.pdf,Proposed,6,Additional funds towards the purchase of a bull tractor,,,2024 CDF funding,,,,,,,,,,,,,,,,,,,,,,,,
council_minutes_budgets_cdf,CDF-2024-PROPOSED-AND-APPROVED-PROJECTS.pdf,Proposed,7,Allocation for CDF hour radio show and publicity,,,2024 CDF funding,,,,,,,,,,,,,,,,,,,,,,,,
council_minutes_budgets_cdf,CDF-2024-PROPOSED-AND-APPROVED-PROJECTS.pdf,Proposed,8,Electrification of Lima Primary School,,,2024 CDF funding,,,,,,,,,,,,,,,,,,,,,,,,
council_minutes_budgets_cdf,CDF-2024-PROPOSED-AND-APPROVED-PROJECTS.pdf,Proposed,9,Construction of an ablution block at the Wusakile local court,,,2024 CDF funding,,,,,,,,,,,,,,,,,,,,,,,,
council_minutes_budgets_cdf,CDF-2024-PROPOSED-AND-APPROVED-PROJECTS.pdf,Proposed,10,Completion of 120m wall fence at the Wusakile Skills Training Centre,,,2024 CDF funding,,,,,,,,,,,,,,,,,,,,,,,,
council_minutes_budgets_cdf,CDF-2024-PROPOSED-AND-APPROVED-PROJECTS.pdf,Proposed,11,Fuel for the bull tractor,,,2024 CDF funding,,,,,,,,,,,,,,,,,,,,,,,,
council_minutes_budgets_cdf,CDF-2024-PROPOSED-AND-APPROVED-PROJECTS.pdf,Proposed,12,Drilling of a borehole in Kakolo,,,2024 CDF funding,,,,,,,,,,,,,,,,,,,,,,,,
council_minutes_budgets_cdf,CDF-2024-PROPOSED-AND-APPROVED-PROJECTS.pdf,Proposed,13,Equipping of a borehole in Kakolo,,,2024 CDF funding,,,,,,,,,,,,,,,,,,,,,,,,
council_minutes_budgets_cdf,CDF-2024-PROPOSED-AND-APPROVED-PROJECTS.pdf,Proposed,14,Drilling of a borehole in Luangwa,,,2024 CDF funding,,,,,,,,,,,,,,,,,,,,,,,,
council_minutes_budgets_cdf,CDF-2024-PROPOSED-AND-APPROVED-PROJECTS.pdf,Proposed,15,Equipping of a borehole in Luangwa,,,2024 CDF funding,,,,,,,,,,,,,,,,,,,,,,,,
council_minutes_budgets_cdf,CDF-2024-PROPOSED-AND-APPROVED-PROJECTS.pdf,Proposed,16,Trapezoidal drainage,,,2024 CDF funding,,,,,,,,,,,,,,,,,,,,,,,,
council_minutes_budgets_cdf,CDF-2024-PROPOSED-AND-APPROVED-PROJECTS.pdf,Proposed,17,Additional funds towards Muchele borehole in Luangwa ward,,,2024 CDF funding,,,,,,,,,,,,,,,,,,,,,,,,
council_minutes_budgets_cdf,CDF-2024-PROPOSED-AND-APPROVED-PROJECTS.pdf,Proposed,18,Twatemwa Combined School,,,2024 CDF funding,,,,,,,,,,,,,,,,,,,,,,,,
council_minutes_budgets_cdf,CDF-2024-PROPOSED-AND-APPROVED-PROJECTS.pdf,Proposed,19,Sinking and Equipping 4 Solar Boreholes,,,2024 CDF funding,,,,,,,,,,,,,,,,,,,,,,,,
council_minutes_budgets_cdf,CDF-2024-PROPOSED-AND-APPROVED-PROJECTS.pdf,Proposed,20,Completion of a 1x4 Classroom Block,,,2024 CDF funding,,,,,,,,,,,,,,,,,,,,,,,,
council_minutes_budgets_cdf,CDF-2024-PROPOSED-AND-APPROVED-PROJECTS.pdf,Proposed,21,Construction of a Science Laboratory,,,2024 CDF funding,,,,,,,,,,,,,,,,,,,,,,,,
council_minutes_budgets_cdf,CDF-2024-PROPOSED-AND-APPROVED-PROJECTS.pdf,Proposed,22,Construction of a School Boundary Wall Fence,,,2024 CDF funding,,,,,,,,,,,,,,,,,,,,,,,,
council_minutes_budgets_cdf,CDF-2024-PROPOSED-AND-APPROVED-PROJECTS.pdf,Proposed,23,Construction of a Clinic,,,2024 CDF funding,,,,,,,,,,,,,,,,,,,,,,,,
council_minutes_budgets_cdf,CDF-2024-PROPOSED-AND-APPROVED-PROJECTS.pdf,Proposed,24,Procurement of 800 Desks,,,2024 CDF funding,,,,,,,,,,,,,,,,,,,,,,,,
council_minutes_budgets_cdf,CDF-2024-PROPOSED-AND-APPROVED-PROJECTS.pdf,Proposed,25,Construction of a School Hall,,,2024 CDF funding,,,,,,,,,,,,,,,,,,,,,,,,
council_minutes_budgets_cdf,CDF-2024-PROPOSED-AND-APPROVED-PROJECTS.pdf,Proposed,26,Completion of a 1x4 Classroom Block,,,2024 CDF funding,,,,,,,,,,,,,,,,,,,,,,,,
council_minutes_budgets_cdf,CDF-2024-PROPOSED-AND-APPROVED-PROJECTS.pdf,Proposed,27,Construction of a School Boundary Wall Fence,,,2024 CDF funding,,,,,,,,,,,,,,,,,,,,,,,,
council_minutes_budgets_cdf,CDF-2024-PROPOSED-AND-APPROVED-PROJECTS.pdf,Proposed,28,Replacement of Water Pipes,,,2024 CDF funding,,,,,,,,,,,,,,,,,,,,,,,,
council_minutes_budgets_cdf,CDF-2024-PROPOSED-AND-APPROVED-PROJECTS.pdf,Proposed,29,Construction of a Police Post,,,2024 CDF funding,,,,,,,,,,,,,,,,,,,,,,,,
council_minutes_budgets_cdf,CDF-2024-PROPOSED-AND-APPROVED-PROJECTS.pdf,Proposed,30,Provision of West Lock material on Mpundu Road,,,2024 CDF funding,,,,,,,,,,,,,,,,,,,,,,,,
council_minutes_budgets_cdf,CDF-2024-PROPOSED-AND-APPROVED-PROJECTS.pdf,Proposed,31,Construction of a Foot Bridge at Huimanism Road,,,2024 CDF funding,,,,,,,,,,,,,,,,,,,,,,,,
council_minutes_budgets_cdf,CDF-2024-PROPOSED-AND-APPROVED-PROJECTS.pdf,Proposed,32,Procurement of 500 Desks,,,2024 CDF funding,,,,,,,,,,,,,,,,,,,,,,,,
council_minutes_budgets_cdf,CDF-2024-PROPOSED-AND-APPROVED-PROJECTS.pdf,Proposed,33,Construction of a School Boundary Wall Fence,,,2024 CDF funding,,,,,,,,,,,,,,,,,,,,,,,,
council_minutes_budgets_cdf,CDF-2024-PROPOSED-AND-APPROVED-PROJECTS.pdf,Proposed,34,Construction of Kamana Mainsa Road,,,2024 CDF funding,,,,,,,,,,,,,,,,,,,,,,,,
council_minutes_budgets_cdf,CDF-2024-PROPOSED-AND-APPROVED-PROJECTS.pdf,Proposed,35,Construction of Namyra Road,,,2024 CDF funding,,,,,,,,,,,,,,,,,,,,,,,,
council_minutes_budgets_cdf,CDF-2024-PROPOSED-AND-APPROVED-PROJECTS.pdf,Proposed,36,Construction of a Health Post,,,2024 CDF funding,,,,,,,,,,,,,,,,,,,,,,,,
council_minutes_budgets_cdf,CDF-2024-PROPOSED-AND-APPROVED-PROJECTS.pdf,Proposed,37,Grading of roads,,,2024 CDF funding,,,,,,,,,,,,,,,,,,,,,,,,
council_minutes_budgets_cdf,CDF-2024-PROPOSED-AND-APPROVED-PROJECTS.pdf,Proposed,38,Sinking of 5 boreholes,,,2024 CDF funding,,,,,,,,,,,,,,,,,,,,,,,,
council_minutes_budgets_cdf,CDF-2024-PROPOSED-AND-APPROVED-PROJECTS.pdf,Proposed,39,Grading of road,,,2024 CDF funding,,,,,,,,,,,,,,,,,,,,,,,,
council_minutes_budgets_cdf,CDF-2024-PROPOSED-AND-APPROVED-PROJECTS.pdf,Proposed,40,Construction of a community School,,,2024 CDF funding,,,,,,,,,,,,,,,,,,,,,,,,
council_minutes_budgets_cdf,CDF-2024-PROPOSED-AND-APPROVED-PROJECTS.pdf,Proposed,41,Grading of road,,,2024 CDF funding,,,,,,,,,,,,,,,,,,,,,,,,
council_minutes_budgets_cdf,CDF-2024-PROPOSED-AND-APPROVED-PROJECTS.pdf,Proposed,42,Sinking of 5 boreholes,,,2024 CDF funding,,,,,,,,,,,,,,,,,,,,,,,,
council_minutes_budgets_cdf,CDF-2024-PROPOSED-AND-APPROVED-PROJECTS.pdf,Proposed,43,Construction of a bridge and road,,,2024 CDF funding,,,,,,,,,,,,,,,,,,,,,,,,
council_minutes_budgets_cdf,CDF-2024-PROPOSED-AND-APPROVED-PROJECTS.pdf,Proposed,44,Plastering of Lupili School,,,2024 CDF funding,,,,,,,,,,,,,,,,,,,,,,,,
council_minutes_budgets_cdf,CDF-2024-PROPOSED-AND-APPROVED-PROJECTS.pdf,Proposed,45,Sinking of 6 boreholes,,,2024 CDF funding,,,,,,,,,,,,,,,,,,,,,,,,
council_minutes_budgets_cdf,CDF-2024-PROPOSED-AND-APPROVED-PROJECTS.pdf,Proposed,46,Road grading and bridge construction,,,2024 CDF funding,,,,,,,,,,,,,,,,,,,,,,,,
council_minutes_budgets_cdf,CDF-2024-PROPOSED-AND-APPROVED-PROJECTS.pdf,Proposed,47,Road construction,,,2024 CDF funding,,,,,,,,,,,,,,,,,,,,,,,,
council_minutes_budgets_cdf,CDF-2024-PROPOSED-AND-APPROVED-PROJECTS.pdf,Proposed,48,Construction of a community School,,,2024 CDF funding,,,,,,,,,,,,,,,,,,,,,,,,
council_minutes_budgets_cdf,CDF-2024-PROPOSED-AND-APPROVED-PROJECTS.pdf,Proposed,49,Construction of a police post,,,2024 CDF funding,,,,,,,,,,,,,,,,,,,,,,,,
council_minutes_budgets_cdf,CDF-2024-PROPOSED-AND-APPROVED-PROJECTS.pdf,Proposed,50,Construction of 1*4 classroom block,,,2024 CDF funding,,,,,,,,,,,,,,,,,,,,,,,,
council_minutes_budgets_cdf,CDF-2024-PROPOSED-AND-APPROVED-PROJECTS.pdf,Proposed,51,Sinking of 5 boreholes,,,2024 CDF funding,,,,,,,,,,,,,,,,,,,,,,,,
council_minutes_budgets_cdf,CDF-2024-PROPOSED-AND-APPROVED-PROJECTS.pdf,Proposed,52,Construction of a Health Post,,,2024 CDF funding,,,,,,,,,,,,,,,,,,,,,,,,
council_minutes_budgets_cdf,CDF-2024-PROPOSED-AND-APPROVED-PROJECTS.pdf,Proposed,53,Sinking of 5 boreholes,,,2024 CDF funding,,,,,,,,,,,,,,,,,,,,,,,,
council_minutes_budgets_cdf,CDF-2024-PROPOSED-AND-APPROVED-PROJECTS.pdf,Proposed,54,Construction of two teachers houses,,,2024 CDF funding,,,,,,,,,,,,,,,,,,,,,,,,
council_minutes_budgets_cdf,CDF-2024-PROPOSED-AND-APPROVED-PROJECTS.pdf,Proposed,55,Procurement of a 7 in 1 bull tractor,,,2024 CDF funding,,,,,,,,,,,,,,,,,,,,,,,,
council_minutes_budgets_cdf,CDF-2024-PROPOSED-AND-APPROVED-PROJECTS.pdf,Proposed,56,Construction of a vehicle bridge,,,2024 CDF funding,,,,,,,,,,,,,,,,,,,,,,,,
council_minutes_budgets_cdf,CDF-2024-PROPOSED-AND-APPROVED-PROJECTS.pdf,Proposed,57,Construction of a vehicle bridge,,,2024 CDF funding,,,,,,,,,,,,,,,,,,,,,,,,
council_minutes_budgets_cdf,CDF-2024-PROPOSED-AND-APPROVED-PROJECTS.pdf,Proposed,58,Rerouting of main water pipe,,,2024 CDF funding,,,,,,,,,,,,,,,,,,,,,,,,
council_minutes_budgets_cdf,CDF-2024-PROPOSED-AND-APPROVED-PROJECTS.pdf,Proposed,59,Installation of street lights,,,2024 CDF funding,,,,,,,,,,,,,,,,,,,,,,,,
council_minutes_budgets_cdf,CDF-2024-PROPOSED-AND-APPROVED-PROJECTS.pdf,Proposed,60,Rehabilitation of two ablution blocks,,,2024 CDF funding,,,,,,,,,,,,,,,,,,,,,,,,
council_minutes_budgets_cdf,CDF-2024-PROPOSED-AND-APPROVED-PROJECTS.pdf,Proposed,61,Construction of a washing bay,,,2024 CDF funding,,,,,,,,,,,,,,,,,,,,,,,,
council_minutes_budgets_cdf,CDF-2024-PROPOSED-AND-APPROVED-PROJECTS.pdf,Proposed,62,Refurbishing of Nkana Primary School house and turn it into a police post,,,2024 CDF funding,,,,,,,,,,,,,,,,,,,,,,,,
council_minutes_budgets_cdf,CDF-2024-PROPOSED-AND-APPROVED-PROJECTS.pdf,Proposed,63,Buying 350 desks,,,2024 CDF funding,,,,,,,,,,,,,,,,,,,,,,,,
council_minutes_budgets_cdf,CDF-2024-PROPOSED-AND-APPROVED-PROJECTS.pdf,Proposed,64,Refurbishing of Former F market and turn it into a community centre,,,2024 CDF funding,,,,,,,,,,,,,,,,,,,,,,,,
council_minutes_budgets_cdf,CDF-2024-PROPOSED-AND-APPROVED-PROJECTS.pdf,Proposed,65,Changing of old sewer line,,,2024 CDF funding,,,,,,,,,,,,,,,,,,,,,,,,
council_minutes_budgets_cdf,CDF-2024-PROPOSED-AND-APPROVED-PROJECTS.pdf,Proposed,66,Construction of a sports playing ground and fencing with a wall fence,,,2024 CDF funding,,,,,,,,,,,,,,,,,,,,,,,,
council_minutes_budgets_cdf,CDF-2024-PROPOSED-AND-APPROVED-PROJECTS.pdf,Proposed,67,Completion of wall fence,,,2024 CDF funding,,,,,,,,,,,,,,,,,,,,,,,,
council_minutes_budgets_cdf,CDF-2024-PROPOSED-AND-APPROVED-PROJECTS.pdf,Proposed,68,Extension and construction of a drainage,,,2024 CDF funding,,,,,,,,,,,,,,,,,,,,,,,,
council_minutes_budgets_cdf,CDF-2024-PROPOSED-AND-APPROVED-PROJECTS.pdf,Proposed,69,Drainage construction,,,2024 CDF funding,,,,,,,,,,,,,,,,,,,,,,,,
council_minutes_budgets_cdf,CDF-2024-PROPOSED-AND-APPROVED-PROJECTS.pdf,Proposed,70,Drainage construction,,,2024 CDF funding,,,,,,,,,,,,,,,,,,,,,,,,
council_minutes_budgets_cdf,CDF-2024-PROPOSED-AND-APPROVED-PROJECTS.pdf,Proposed,71,Drainage construction,,,2023 CDF funding,,,,,,,,,,,,,,,,,,,,,,,,
council_minutes_budgets_cdf,CDF-2024-PROPOSED-AND-APPROVED-PROJECTS.pdf,Proposed,72,Drainage construction,,,2024 CDF funding,,,,,,,,,,,,,,,,,,,,,,,,
council_minutes_budgets_cdf,CDF-2024-PROPOSED-AND-APPROVED-PROJECTS.pdf,Proposed,73,Drainage construction,,,2024 CDF funding,,,,,,,,,,,,,,,,,,,,,,,,
council_minutes_budgets_cdf,CDF-2024-PROPOSED-AND-APPROVED-PROJECTS.pdf,Proposed,74,Procurement of a 7 in 1 bull tractor,,,2024 CDF funding,,,,,,,,,,,,,,,,,,,,,,,,
council_minutes_budgets_cdf,CDF-2024-PROPOSED-AND-APPROVED-PROJECTS.pdf,Proposed,75,Installation of street lights,,,2024 CDF funding,,,,,,,,,,,,,,,,,,,,,,,,
council_minutes_budgets_cdf,CDF-2024-PROPOSED-AND-APPROVED-PROJECTS.pdf,Proposed,76,Installation of street lights,,,2024 CDF funding,,,,,,,,,,,,,,,,,,,,,,,,
council_minutes_budgets_cdf,CDF-2024-PROPOSED-AND-APPROVED-PROJECTS.pdf,Proposed,77,Procurement of 450 desks,,,2024 CDF funding,,,,,,,,,,,,,,,,,,,,,,,,
council_minutes_budgets_cdf,CDF-2024-PROPOSED-AND-APPROVED-PROJECTS.pdf,Proposed,78,Procurement of 450 desks,,,2024 CDF funding,,,,,,,,,,,,,,,,,,,,,,,,
council_minutes_budgets_cdf,CDF-2024-PROPOSED-AND-APPROVED-PROJECTS.pdf,Proposed,79,Borehole drilling,,,2024 CDF funding,,,,,,,,,,,,,,,,,,,,,,,,
council_minutes_budgets_cdf,CDF-2024-PROPOSED-AND-APPROVED-PROJECTS.pdf,Proposed,80,Drainage Rehabilitation,,,2024 CDF funding,,,,,,,,,,,,,,,,,,,,,,,,
council_minutes_budgets_cdf,CDF-2024-PROPOSED-AND-APPROVED-PROJECTS.pdf,Proposed,81,Road rehabilitation,,,2024 CDF funding,,,,,,,,,,,,,,,,,,,,,,,,
council_minutes_budgets_cdf,CDF-2024-PROPOSED-AND-APPROVED-PROJECTS.pdf,Proposed,82,Rehabilitation of access roads and bridges,,,2024 CDF funding,,,,,,,,,,,,,,,,,,,,,,,,
council_minutes_budgets_cdf,CDF-2024-PROPOSED-AND-APPROVED-PROJECTS.pdf,Proposed,83,Water reticulation,,,2024 CDF funding,,,,,,,,,,,,,,,,,,,,,,,,
council_minutes_budgets_cdf,CDF-2024-PROPOSED-AND-APPROVED-PROJECTS.pdf,Proposed,84,Installation of street lights,,,2024 CDF funding,,,,,,,,,,,,,,,,,,,,,,,,
council_minutes_budgets_cdf,CDF-2024-PROPOSED-AND-APPROVED-PROJECTS.pdf,Proposed,85,Construction of 1*3 classroom block,,,2024 CDF funding,,,,,,,,,,,,,,,,,,,,,,,,
council_minutes_budgets_cdf,CDF-2024-PROPOSED-AND-APPROVED-PROJECTS.pdf,Proposed,86,Construction of Community Police Post,,,2024 CDF funding,,,,,,,,,,,,,,,,,,,,,,,,
council_minutes_budgets_cdf,CDF-2024-PROPOSED-AND-APPROVED-PROJECTS.pdf,Proposed,87,Construction of a road and bridge,,,2024 CDF funding,,,,,,,,,,,,,,,,,,,,,,,,
council_minutes_budgets_cdf,CDF-2024-PROPOSED-AND-APPROVED-PROJECTS.pdf,Proposed,88,Road network,,,2024 CDF funding,,,,,,,,,,,,,,,,,,,,,,,,
council_minutes_budgets_cdf,CDF-2024-PROPOSED-AND-APPROVED-PROJECTS.pdf,Proposed,89,Construction of Labour ward and mothers shelter,,,2024 CDF funding,,,,,,,,,,,,,,,,,,,,,,,,
council_minutes_budgets_cdf,CDF-2024-PROPOSED-AND-APPROVED-PROJECTS.pdf,Proposed,90,Procurement of desks,,,2024 CDF funding,,,,,,,,,,,,,,,,,,,,,,,,
council_minutes_budgets_cdf,CDF-2024-PROPOSED-AND-APPROVED-PROJECTS.pdf,Proposed,91,Sinking of 2 boreholes,,,2024 CDF funding,,,,,,,,,,,,,,,,,,,,,,,,
council_minutes_budgets_cdf,CDF-2024-PROPOSED-AND-APPROVED-PROJECTS.pdf,Approved,1,Procurement of desks - zmw2800000,,,Approved project,,,,,,,,,,,,,,,,,,,,,,,,
council_minutes_budgets_cdf,CDF-2024-PROPOSED-AND-APPROVED-PROJECTS.pdf,Approved,1.1,Chibote Girls Secondary School - 100 ds desks,,,Approved project,,,,,,,,,,,,,,,,,,,,,,,,
council_minutes_budgets_cdf,CDF-2024-PROPOSED-AND-APPROVED-PROJECTS.pdf,Approved,1.2,Kamatipa Combined School - 100 ds desks & 25 ss desks,,,Approved project,,,,,,,,,,,,,,,,,,,,,,,,
council_minutes_budgets_cdf,CDF-2024-PROPOSED-AND-APPROVED-PROJECTS.pdf,Approved,1.3,Racecourse Primary School - 100 ds desks,,,Approved project,,,,,,,,,,,,,,,,,,,,,,,,
council_minutes_budgets_cdf,CDF-2024-PROPOSED-AND-APPROVED-PROJECTS.pdf,Approved,1.4,Minsenga School - 100 ds desks,,,Approved project,,,,,,,,,,,,,,,,,,,,,,,,
council_minutes_budgets_cdf,CDF-2024-PROPOSED-AND-APPROVED-PROJECTS.pdf,Approved,1.5,Comis Combined School - 400 ds desks,,,Approved project,,,,,,,,,,,,,,,,,,,,,,,,
council_minutes_budgets_cdf,CDF-2024-PROPOSED-AND-APPROVED-PROJECTS.pdf,Approved,1.6,Chimwemwe School - 50 ds desks,,,Approved project,,,,,,,,,,,,,,,,,,,,,,,,
council_minutes_budgets_cdf,CDF-2024-PROPOSED-AND-APPROVED-PROJECTS.pdf,Approved,1.7,Twatasha School - 100 ds desks,,,Approved project,,,,,,,,,,,,,,,,,,,,,,,,
council_minutes_budgets_cdf,CDF-2024-PROPOSED-AND-APPROVED-PROJECTS.pdf,Approved,1.8,Ishuko School - 100 ds desks,,,Approved project,,,,,,,,,,,,,,,,,,,,,,,,
council_minutes_budgets_cdf,CDF-2024-PROPOSED-AND-APPROVED-PROJECTS.pdf,Approved,1.9,Kamilulu School - 100 ds desks,,,Approved project,,,,,,,,,,,,,,,,,,,,,,,,
council_minutes_budgets_cdf,CDF-2024-PROPOSED-AND-APPROVED-PROJECTS.pdf,Approved,2,Mwambashi Primary School - 100 ds desks,,,Approved project,,,,,,,,,,,,,,,,,,,,,,,,
council_minutes_budgets_cdf,CDF-2024-PROPOSED-AND-APPROVED-PROJECTS.pdf,Approved,2.1,Garneton combined School - 150 ds desks,,,Approved project,,,,,,,,,,,,,,,,,,,,,,,,
council_minutes_budgets_cdf,CDF-2024-PROPOSED-AND-APPROVED-PROJECTS.pdf,Approved,2.2,Bushfire school - 100 ds desks,,,Approved project,,,,,,,,,,,,,,,,,,,,,,,,
council_minutes_budgets_cdf,CDF-2024-PROPOSED-AND-APPROVED-PROJECTS.pdf,Approved,2.3,Natwang school - 75 ds desks,,,Approved project,,,,,,,,,,,,,,,,,,,,,,,,
council_minutes_budgets_cdf,CDF-2024-PROPOSED-AND-APPROVED-PROJECTS.pdf,Approved,3,Allocation of funds towards the rehabilitation of Hospital Road,,,Approved project,,,,,,,,,,,,,,,,,,,,,,,,
council_minutes_budgets_cdf,CDF-2024-PROPOSED-AND-APPROVED-PROJECTS.pdf,Approved,4,Procurement of an Ambulance,,,Approved project,,,,,,,,,,,,,,,,,,,,,,,,
council_minutes_budgets_cdf,CDF-2024-PROPOSED-AND-APPROVED-PROJECTS.pdf,Approved,5,Additional funds of 1800000 for the construction of drainages in various wards,,,Approved project,,,,,,,,,,,,,,,,,,,,,,,,
council_minutes_budgets_cdf,CDF-2024-PROPOSED-AND-APPROVED-PROJECTS.pdf,Approved,5.1,Construction of drainages along Lubuto Kanwe and Katilungu roads,,,Approved project,,,,,,,,,,,,,,,,,,,,,,,,
council_minutes_budgets_cdf,CDF-2024-PROPOSED-AND-APPROVED-PROJECTS.pdf,Approved,5.2,Construction of drainages along happy Kawama road,,,Approved project,,,,,,,,,,,,,,,,,,,,,,,,
council_minutes_budgets_cdf,CDF-2024-PROPOSED-AND-APPROVED-PROJECTS.pdf,Approved,6,Siting drilling and equipping of electricity powered borehole at Kawama clinic,,,Approved project,,,,,,,,,,,,,,,,,,,,,,,,
council_minutes_budgets_cdf,CDF-2024-PROPOSED-AND-APPROVED-PROJECTS.pdf,Approved,7,Siting drilling and equipping of electricity powered borehole at Kamatipa combined school,,,Approved project,,,,,,,,,,,,,,,,,,,,,,,,
council_minutes_budgets_cdf,CDF-2024-PROPOSED-AND-APPROVED-PROJECTS.pdf,Approved,8,Siting drilling and equipping of electricity powered borehole at Sopelo,,,Approved project,,,,,,,,,,,,,,,,,,,,,,,,
council_minutes_budgets_cdf,CDF-2024-PROPOSED-AND-APPROVED-PROJECTS.pdf,Approved,9,Siting drilling and equipping of solar borehole at Kaluba,,,Approved project,,,,,,,,,,,,,,,,,,,,,,,,
council_minutes_budgets_cdf,CDF-2024-PROPOSED-AND-APPROVED-PROJECTS.pdf,Approved,10,Siting drilling and equipping of solar borehole at Kutuba,,,Approved project,,,,,,,,,,,,,,,,,,,,,,,,
council_minutes_budgets_cdf,CDF-2024-PROPOSED-AND-APPROVED-PROJECTS.pdf,Approved,11,Siting drilling and equipping of solar borehole at Ituna,,,Approved project,,,,,,,,,,,,,,,,,,,,,,,,
council_minutes_budgets_cdf,CDF-2024-PROPOSED-AND-APPROVED-PROJECTS.pdf,Approved,12,Siting drilling and equipping of solar borehole at Kampemba Zone,,,Approved project,,,,,,,,,,,,,,,,,,,,,,,,
council_minutes_budgets_cdf,CDF-2024-PROPOSED-AND-APPROVED-PROJECTS.pdf,Approved,13,Siting drilling and equipping of solar borehole at Riverside Zone,,,Approved project,,,,,,,,,,,,,,,,,,,,,,,,
council_minutes_budgets_cdf,CDF-2024-PROPOSED-AND-APPROVED-PROJECTS.pdf,Approved,14,Siting drilling and equipping of solar borehole at zulu close,,,Approved project,,,,,,,,,,,,,,,,,,,,,,,,
council_minutes_budgets_cdf,CDF-2024-PROPOSED-AND-APPROVED-PROJECTS.pdf,Approved,15,Construction of an ablation block at Lubuto Centre Primary school,,,Approved project,,,,,,,,,,,,,,,,,,,,,,,,
council_minutes_budgets_cdf,CDF-2024-PROPOSED-AND-APPROVED-PROJECTS.pdf,Approved,16,Roofing of Chimwemwe School Hall,,,Approved project,,,,,,,,,,,,,,,,,,,,,,,,
council_minutes_budgets_cdf,CDF-2024-PROPOSED-AND-APPROVED-PROJECTS.pdf,Approved,17,Equipping of maternity wing at Twatasha clinic,,,Approved project,,,,,,,,,,,,,,,,,,,,,,,,
council_minutes_budgets_cdf,CDF-2024-PROPOSED-AND-APPROVED-PROJECTS.pdf,Approved,18,Construction of maternity wing at Garneton clinic,,,Approved project,,,,,,,,,,,,,,,,,,,,,,,,
council_minutes_budgets_cdf,CDF-2024-PROPOSED-AND-APPROVED-PROJECTS.pdf,Approved,1,Delivery of Desk at Temwani school 25 Desk,,,Approved project,,,,,,,,,,,,,,,,,,,,,,,,
council_minutes_budgets_cdf,CDF-2024-PROPOSED-AND-APPROVED-PROJECTS.pdf,Approved,2,,,,,,,,,,,,,,,,,,,,,,,,,,,,
financial_statements_revenue_cdf,,,,,,,,,,KIT-AFS-2018-001,annual_financial_statement,"Mwaya Mpasa, Banda Saddock, Bwembya Charles, Chanda Rodgers, Chansa Fred, Chileshe Christopher, Chileshe Francis, Chiyaka Matthews, David Phiri, Kabuseni Francis, Katongo B Joseph, Katai Muposhi, Kante Hogart, Kapikila Peter, Malama Damani, Manda Masoka, Muposhi Katai, Muwowo Kelly, Mwalumuna Felix, Swaba Evans, Silomba Charles, Zimba Mary, Vincent Mukuka, Chinyanta Merine, Nobert Mukunto, Marjory Kamawu, Gilbert Chitalu, Hellen Mkandawire, Victor Mwape, Kawemba Ackim, Martin Mwansa, Kasenge Francis, Mwanda Rodgers, Sampa Edna, Dorothy Shimo, Rodwell Chulu, Phiri Isaac, Kamfwa Mofya, Lemmy Chibenga, Clement Gondo, Clara Chibuye, Mbewe Agness, Clement Mwelwa, Charity Mulenga, Mambwe Kasakula, Japhet Zulu, Banda Gideon, Sydin Shamutete, Pearson Hamwenda, Victor Mwitwa, Mercy Mumba, Elisah Titima, Misozi Phiri, Eric Mukuka, Benson Mulenga, Juliet Gondwe, Jay Jay Chilala, Joseph Sambumba, Christabel Chishala, Dennis Bwalya, Silver Lukwesa, Priscilla Lishiu, John L. Ngoma, George Lisomona, Mwenya Ignatius, Konkolo Kennedy, Humphrey Mulenga, Rashid B Mhango, Patrick Kambita, Dedu M. Sakala, Musa Chibawe, Chaba Chipili, Sikanyika Field, Hilary Chewe, Victoria Saina, Munyanga Kaluwa, Yvonne Katayi, Mwaka Nakweti, Kaoma Jousha, Chabala Bwalya, Charles Chanda, Elizabeth M Shumba, Clement Musiska, Lorrian Chisala, Gladys Ngandwe, Kasapo Mtembo, Dominic B. Chitondo, Angela Hagwagwa, Theresa Luhila, Chalwe Mutale, Andrew Kalonge, Weluzani Phiri, Griffson Moyo, Chishiba Kalusa, Martin Ngwata, Collins Chileshe, Derrick Mumba, Mbale M Paul, Malisar Kachima, Chibale Chisamo, Gift Nguni, Brighton Makumba, Benwell Siame, Mirriam Nkonde, John Kamanga, Kalembo D. Bwalya, Francis Chilala, Emmanual Lupikisha, Chrispin Kamfwa, Mwila Mwelwa, Jaquiline Mwape, George Kangwa, Mwangelwa Muyatwa, Chabala Rodwell, Ngambo Izambo, Hellen Chanda, Mutale Chibamba, Prosper Musonda, David K Kabwe, Mwanza Dickson, Mulenga Chiti, Richard Tembo, Clide Machalo, Bridget Zulu, Gloria Kapoko, Brian Muleba, Bwalya Gison, Musonda Nature, Mukuba Kaela, Derick Mumba, Chanda R, Kennedy Kabaghe, Jordan Mukwanka, Joseph Simusokwe, Betty Siachimpi, Frank Muwowo, Kalmia Tresford, Banda Blandina, Sharon Mazia, Beauty Changwe, Bupe Mwango B, Edgar Banda, Given Mwansa, Andrew Kangwa, Florence Ngosa, Robson Zulu, George Chisenga, Lucky Mubanga, Faith Kasanda, Nathan Simbeye, Max S Tailoka, Mathews Banda, Alex Talanti, Racheal M. Kapembwa, Levy Shonga, Kedrick Yabalwashi, Forbes Siyoka, Andrew Bwali, Mbale M. Paul, Dawry S Tembo, Enock Manengo, Suyvia Mweetwa, Catherin Sakala, Jessy Munguya, Emmanuel Numwa, Kolombo Whitney, Dorcas Nsalange, Mirriam Kambafwile, Kasapo Ntembo, Zulu Peter, Nyenda Kunda, Munsele Ignitius, Chama Musoka, Kelvin Bulaya, Martin Gwata, Greezer Shaputu, Bright Chama",,2018.0,FY2018,Receipts,Total Cash Receipts,,121715673.0,,,,,,,Cash receipts for FY2018,Kitwe-City-Council-2018-FS.pdf,Statement of Cash Receipts,11.0,,
financial_statements_revenue_cdf,,,,,,,,,,KIT-AFS-2018-002,annual_financial_statement,"Mwaya Mpasa, Banda Saddock, Bwembya Charles, Chanda Rodgers, Chansa Fred, Chileshe Christopher, Chileshe Francis, Chiyaka Matthews, David Phiri, Kabuseni Francis, Katongo B Joseph, Katai Muposhi, Kante Hogart, Kapikila Peter, Malama Damani, Manda Masoka, Muposhi Katai, Muwowo Kelly, Mwalumuna Felix, Swaba Evans, Silomba Charles, Zimba Mary, Vincent Mukuka, Chinyanta Merine, Nobert Mukunto, Marjory Kamawu, Gilbert Chitalu, Hellen Mkandawire, Victor Mwape, Kawemba Ackim, Martin Mwansa, Kasenge Francis, Mwanda Rodgers, Sampa Edna, Dorothy Shimo, Rodwell Chulu, Phiri Isaac, Kamfwa Mofya, Lemmy Chibenga, Clement Gondo, Clara Chibuye, Mbewe Agness, Clement Mwelwa, Charity Mulenga, Mambwe Kasakula, Japhet Zulu, Banda Gideon, Sydin Shamutete, Pearson Hamwenda, Victor Mwitwa, Mercy Mumba, Elisah Titima, Misozi Phiri, Eric Mukuka, Benson Mulenga, Juliet Gondwe, Jay Jay Chilala, Joseph Sambumba, Christabel Chishala, Dennis Bwalya, Silver Lukwesa, Priscilla Lishiu, John L. Ngoma, George Lisomona, Mwenya Ignatius, Konkolo Kennedy, Humphrey Mulenga, Rashid B Mhango, Patrick Kambita, Dedu M. Sakala, Musa Chibawe, Chaba Chipili, Sikanyika Field, Hilary Chewe, Victoria Saina, Munyanga Kaluwa, Yvonne Katayi, Mwaka Nakweti, Kaoma Jousha, Chabala Bwalya, Charles Chanda, Elizabeth M Shumba, Clement Musiska, Lorrian Chisala, Gladys Ngandwe, Kasapo Mtembo, Dominic B. Chitondo, Angela Hagwagwa, Theresa Luhila, Chalwe Mutale, Andrew Kalonge, Weluzani Phiri, Griffson Moyo, Chishiba Kalusa, Martin Ngwata, Collins Chileshe, Derrick Mumba, Mbale M Paul, Malisar Kachima, Chibale Chisamo, Gift Nguni, Brighton Makumba, Benwell Siame, Mirriam Nkonde, John Kamanga, Kalembo D. Bwalya, Francis Chilala, Emmanual Lupikisha, Chrispin Kamfwa, Mwila Mwelwa, Jaquiline Mwape, George Kangwa, Mwangelwa Muyatwa, Chabala Rodwell, Ngambo Izambo, Hellen Chanda, Mutale Chibamba, Prosper Musonda, David K Kabwe, Mwanza Dickson, Mulenga Chiti, Richard Tembo, Clide Machalo, Bridget Zulu, Gloria Kapoko, Brian Muleba, Bwalya Gison, Musonda Nature, Mukuba Kaela, Derick Mumba, Chanda R, Kennedy Kabaghe, Jordan Mukwanka, Joseph Simusokwe, Betty Siachimpi, Frank Muwowo, Kalmia Tresford, Banda Blandina, Sharon Mazia, Beauty Changwe, Bupe Mwango B, Edgar Banda, Given Mwansa, Andrew Kangwa, Florence Ngosa, Robson Zulu, George Chisenga, Lucky Mubanga, Faith Kasanda, Nathan Simbeye, Max S Tailoka, Mathews Banda, Alex Talanti, Racheal M. Kapembwa, Levy Shonga, Kedrick Yabalwashi, Forbes Siyoka, Andrew Bwali, Mbale M. Paul, Dawry S Tembo, Enock Manengo, Suyvia Mweetwa, Catherin Sakala, Jessy Munguya, Emmanuel Numwa, Kolombo Whitney, Dorcas Nsalange, Mirriam Kambafwile, Kasapo Ntembo, Zulu Peter, Nyenda Kunda, Munsele Ignitius, Chama Musoka, Kelvin Bulaya, Martin Gwata, Greezer Shaputu, Bright Chama",,2018.0,FY2018,Payments,Total Payments,,115932159.0,,,,,,,Total payments for FY2018,Kitwe-City-Council-2018-FS.pdf,Statement of Cash Receipts,11.0,,
financial_statements_revenue_cdf,,,,,,,,,,KIT-AFS-2018-003,annual_financial_statement,"Mwaya Mpasa, Banda Saddock, Bwembya Charles, Chanda Rodgers, Chansa Fred, Chileshe Christopher, Chileshe Francis, Chiyaka Matthews, David Phiri, Kabuseni Francis, Katongo B Joseph, Katai Muposhi, Kante Hogart, Kapikila Peter, Malama Damani, Manda Masoka, Muposhi Katai, Muwowo Kelly, Mwalumuna Felix, Swaba Evans, Silomba Charles, Zimba Mary, Vincent Mukuka, Chinyanta Merine, Nobert Mukunto, Marjory Kamawu, Gilbert Chitalu, Hellen Mkandawire, Victor Mwape, Kawemba Ackim, Martin Mwansa, Kasenge Francis, Mwanda Rodgers, Sampa Edna, Dorothy Shimo, Rodwell Chulu, Phiri Isaac, Kamfwa Mofya, Lemmy Chibenga, Clement Gondo, Clara Chibuye, Mbewe Agness, Clement Mwelwa, Charity Mulenga, Mambwe Kasakula, Japhet Zulu, Banda Gideon, Sydin Shamutete, Pearson Hamwenda, Victor Mwitwa, Mercy Mumba, Elisah Titima, Misozi Phiri, Eric Mukuka, Benson Mulenga, Juliet Gondwe, Jay Jay Chilala, Joseph Sambumba, Christabel Chishala, Dennis Bwalya, Silver Lukwesa, Priscilla Lishiu, John L. Ngoma, George Lisomona, Mwenya Ignatius, Konkolo Kennedy, Humphrey Mulenga, Rashid B Mhango, Patrick Kambita, Dedu M. Sakala, Musa Chibawe, Chaba Chipili, Sikanyika Field, Hilary Chewe, Victoria Saina, Munyanga Kaluwa, Yvonne Katayi, Mwaka Nakweti, Kaoma Jousha, Chabala Bwalya, Charles Chanda, Elizabeth M Shumba, Clement Musiska, Lorrian Chisala, Gladys Ngandwe, Kasapo Mtembo, Dominic B. Chitondo, Angela Hagwagwa, Theresa Luhila, Chalwe Mutale, Andrew Kalonge, Weluzani Phiri, Griffson Moyo, Chishiba Kalusa, Martin Ngwata, Collins Chileshe, Derrick Mumba, Mbale M Paul, Malisar Kachima, Chibale Chisamo, Gift Nguni, Brighton Makumba, Benwell Siame, Mirriam Nkonde, John Kamanga, Kalembo D. Bwalya, Francis Chilala, Emmanual Lupikisha, Chrispin Kamfwa, Mwila Mwelwa, Jaquiline Mwape, George Kangwa, Mwangelwa Muyatwa, Chabala Rodwell, Ngambo Izambo, Hellen Chanda, Mutale Chibamba, Prosper Musonda, David K Kabwe, Mwanza Dickson, Mulenga Chiti, Richard Tembo, Clide Machalo, Bridget Zulu, Gloria Kapoko, Brian Muleba, Bwalya Gison, Musonda Nature, Mukuba Kaela, Derick Mumba, Chanda R, Kennedy Kabaghe, Jordan Mukwanka, Joseph Simusokwe, Betty Siachimpi, Frank Muwowo, Kalmia Tresford, Banda Blandina, Sharon Mazia, Beauty Changwe, Bupe Mwango B, Edgar Banda, Given Mwansa, Andrew Kangwa, Florence Ngosa, Robson Zulu, George Chisenga, Lucky Mubanga, Faith Kasanda, Nathan Simbeye, Max S Tailoka, Mathews Banda, Alex Talanti, Racheal M. Kapembwa, Levy Shonga, Kedrick Yabalwashi, Forbes Siyoka, Andrew Bwali, Mbale M. Paul, Dawry S Tembo, Enock Manengo, Suyvia Mweetwa, Catherin Sakala, Jessy Munguya, Emmanuel Numwa, Kolombo Whitney, Dorcas Nsalange, Mirriam Kambafwile, Kasapo Ntembo, Zulu Peter, Nyenda Kunda, Munsele Ignitius, Chama Musoka, Kelvin Bulaya, Martin Gwata, Greezer Shaputu, Bright Chama",,2018.0,FY2018,Net,Increase/(Decrease) in Cash,,5783514.0,,,,,,,Net cash movement FY2018,Kitwe-City-Council-2018-FS.pdf,Statement of Cash Receipts,11.0,,
financial_statements_revenue_cdf,,,,,,,,,,KIT-AFS-2019-001,annual_financial_statement,"Mwaya Mpasa, Banda Saddock, Bwembya Charles, Chanda Rodgers, Chansa Fred, Chileshe Christopher, Chileshe Francis, Chiyaka Matthews, David Phiri, Kabuseni Francis, Katongo B Joseph, Katai Muposhi, Kante Hogart, Kapikila Peter, Malama Damani, Manda Masoka, Muposhi Katai, Muwowo Kelly, Mwalumuna Felix, Swaba Evans, Silomba Charles, Zimba Mary, Vincent Mukuka, Chinyanta Merine, Nobert Mukunto, Marjory Kamawu, Gilbert Chitalu, Hellen Mkandawire, Victor Mwape, Kawemba Ackim, Martin Mwansa, Kasenge Francis, Mwanda Rodgers, Sampa Edna, Dorothy Shimo, Rodwell Chulu, Phiri Isaac, Kamfwa Mofya, Lemmy Chibenga, Clement Gondo, Clara Chibuye, Mbewe Agness, Clement Mwelwa, Charity Mulenga, Mambwe Kasakula, Japhet Zulu, Banda Gideon, Sydin Shamutete, Pearson Hamwenda, Victor Mwitwa, Mercy Mumba, Elisah Titima, Misozi Phiri, Eric Mukuka, Benson Mulenga, Juliet Gondwe, Jay Jay Chilala, Joseph Sambumba, Christabel Chishala, Dennis Bwalya, Silver Lukwesa, Priscilla Lishiu, John L. Ngoma, George Lisomona, Mwenya Ignatius, Konkolo Kennedy, Humphrey Mulenga, Rashid B Mhango, Patrick Kambita, Dedu M. Sakala, Musa Chibawe, Chaba Chipili, Sikanyika Field, Hilary Chewe, Victoria Saina, Munyanga Kaluwa, Yvonne Katayi, Mwaka Nakweti, Kaoma Jousha, Chabala Bwalya, Charles Chanda, Elizabeth M Shumba, Clement Musiska, Lorrian Chisala, Gladys Ngandwe, Kasapo Mtembo, Dominic B. Chitondo, Angela Hagwagwa, Theresa Luhila, Chalwe Mutale, Andrew Kalonge, Weluzani Phiri, Griffson Moyo, Chishiba Kalusa, Martin Ngwata, Collins Chileshe, Derrick Mumba, Mbale M Paul, Malisar Kachima, Chibale Chisamo, Gift Nguni, Brighton Makumba, Benwell Siame, Mirriam Nkonde, John Kamanga, Kalembo D. Bwalya, Francis Chilala, Emmanual Lupikisha, Chrispin Kamfwa, Mwila Mwelwa, Jaquiline Mwape, George Kangwa, Mwangelwa Muyatwa, Chabala Rodwell, Ngambo Izambo, Hellen Chanda, Mutale Chibamba, Prosper Musonda, David K Kabwe, Mwanza Dickson, Mulenga Chiti, Richard Tembo, Clide Machalo, Bridget Zulu, Gloria Kapoko, Brian Muleba, Bwalya Gison, Musonda Nature, Mukuba Kaela, Derick Mumba, Chanda R, Kennedy Kabaghe, Jordan Mukwanka, Joseph Simusokwe, Betty Siachimpi, Frank Muwowo, Kalmia Tresford, Banda Blandina, Sharon Mazia, Beauty Changwe, Bupe Mwango B, Edgar Banda, Given Mwansa, Andrew Kangwa, Florence Ngosa, Robson Zulu, George Chisenga, Lucky Mubanga, Faith Kasanda, Nathan Simbeye, Max S Tailoka, Mathews Banda, Alex Talanti, Racheal M. Kapembwa, Levy Shonga, Kedrick Yabalwashi, Forbes Siyoka, Andrew Bwali, Mbale M. Paul, Dawry S Tembo, Enock Manengo, Suyvia Mweetwa, Catherin Sakala, Jessy Munguya, Emmanuel Numwa, Kolombo Whitney, Dorcas Nsalange, Mirriam Kambafwile, Kasapo Ntembo, Zulu Peter, Nyenda Kunda, Munsele Ignitius, Chama Musoka, Kelvin Bulaya, Martin Gwata, Greezer Shaputu, Bright Chama",,2019.0,FY2019,Receipts,Total Cash Receipts,,135415812.0,,,,,,,Cash receipts for FY2019,Kitwe-City-Council-2019-FS.pdf,Statement of Cash Receipts,11.0,,
financial_statements_revenue_cdf,,,,,,,,,,KIT-AFS-2019-002,annual_financial_statement,"Mwaya Mpasa, Banda Saddock, Bwembya Charles, Chanda Rodgers, Chansa Fred, Chileshe Christopher, Chileshe Francis, Chiyaka Matthews, David Phiri, Kabuseni Francis, Katongo B Joseph, Katai Muposhi, Kante Hogart, Kapikila Peter, Malama Damani, Manda Masoka, Muposhi Katai, Muwowo Kelly, Mwalumuna Felix, Swaba Evans, Silomba Charles, Zimba Mary, Vincent Mukuka, Chinyanta Merine, Nobert Mukunto, Marjory Kamawu, Gilbert Chitalu, Hellen Mkandawire, Victor Mwape, Kawemba Ackim, Martin Mwansa, Kasenge Francis, Mwanda Rodgers, Sampa Edna, Dorothy Shimo, Rodwell Chulu, Phiri Isaac, Kamfwa Mofya, Lemmy Chibenga, Clement Gondo, Clara Chibuye, Mbewe Agness, Clement Mwelwa, Charity Mulenga, Mambwe Kasakula, Japhet Zulu, Banda Gideon, Sydin Shamutete, Pearson Hamwenda, Victor Mwitwa, Mercy Mumba, Elisah Titima, Misozi Phiri, Eric Mukuka, Benson Mulenga, Juliet Gondwe, Jay Jay Chilala, Joseph Sambumba, Christabel Chishala, Dennis Bwalya, Silver Lukwesa, Priscilla Lishiu, John L. Ngoma, George Lisomona, Mwenya Ignatius, Konkolo Kennedy, Humphrey Mulenga, Rashid B Mhango, Patrick Kambita, Dedu M. Sakala, Musa Chibawe, Chaba Chipili, Sikanyika Field, Hilary Chewe, Victoria Saina, Munyanga Kaluwa, Yvonne Katayi, Mwaka Nakweti, Kaoma Jousha, Chabala Bwalya, Charles Chanda, Elizabeth M Shumba, Clement Musiska, Lorrian Chisala, Gladys Ngandwe, Kasapo Mtembo, Dominic B. Chitondo, Angela Hagwagwa, Theresa Luhila, Chalwe Mutale, Andrew Kalonge, Weluzani Phiri, Griffson Moyo, Chishiba Kalusa, Martin Ngwata, Collins Chileshe, Derrick Mumba, Mbale M Paul, Malisar Kachima, Chibale Chisamo, Gift Nguni, Brighton Makumba, Benwell Siame, Mirriam Nkonde, John Kamanga, Kalembo D. Bwalya, Francis Chilala, Emmanual Lupikisha, Chrispin Kamfwa, Mwila Mwelwa, Jaquiline Mwape, George Kangwa, Mwangelwa Muyatwa, Chabala Rodwell, Ngambo Izambo, Hellen Chanda, Mutale Chibamba, Prosper Musonda, David K Kabwe, Mwanza Dickson, Mulenga Chiti, Richard Tembo, Clide Machalo, Bridget Zulu, Gloria Kapoko, Brian Muleba, Bwalya Gison, Musonda Nature, Mukuba Kaela, Derick Mumba, Chanda R, Kennedy Kabaghe, Jordan Mukwanka, Joseph Simusokwe, Betty Siachimpi, Frank Muwowo, Kalmia Tresford, Banda Blandina, Sharon Mazia, Beauty Changwe, Bupe Mwango B, Edgar Banda, Given Mwansa, Andrew Kangwa, Florence Ngosa, Robson Zulu, George Chisenga, Lucky Mubanga, Faith Kasanda, Nathan Simbeye, Max S Tailoka, Mathews Banda, Alex Talanti, Racheal M. Kapembwa, Levy Shonga, Kedrick Yabalwashi, Forbes Siyoka, Andrew Bwali, Mbale M. Paul, Dawry S Tembo, Enock Manengo, Suyvia Mweetwa, Catherin Sakala, Jessy Munguya, Emmanuel Numwa, Kolombo Whitney, Dorcas Nsalange, Mirriam Kambafwile, Kasapo Ntembo, Zulu Peter, Nyenda Kunda, Munsele Ignitius, Chama Musoka, Kelvin Bulaya, Martin Gwata, Greezer Shaputu, Bright Chama",,2019.0,FY2019,Payments,Total Payments,,129989709.0,,,,,,,Total payments for FY2019,Kitwe-City-Council-2019-FS.pdf,Statement of Cash Receipts,11.0,,
financial_statements_revenue_cdf,,,,,,,,,,KIT-AFS-2019-003,annual_financial_statement,"Mwaya Mpasa, Banda Saddock, Bwembya Charles, Chanda Rodgers, Chansa Fred, Chileshe Christopher, Chileshe Francis, Chiyaka Matthews, David Phiri, Kabuseni Francis, Katongo B Joseph, Katai Muposhi, Kante Hogart, Kapikila Peter, Malama Damani, Manda Masoka, Muposhi Katai, Muwowo Kelly, Mwalumuna Felix, Swaba Evans, Silomba Charles, Zimba Mary, Vincent Mukuka, Chinyanta Merine, Nobert Mukunto, Marjory Kamawu, Gilbert Chitalu, Hellen Mkandawire, Victor Mwape, Kawemba Ackim, Martin Mwansa, Kasenge Francis, Mwanda Rodgers, Sampa Edna, Dorothy Shimo, Rodwell Chulu, Phiri Isaac, Kamfwa Mofya, Lemmy Chibenga, Clement Gondo, Clara Chibuye, Mbewe Agness, Clement Mwelwa, Charity Mulenga, Mambwe Kasakula, Japhet Zulu, Banda Gideon, Sydin Shamutete, Pearson Hamwenda, Victor Mwitwa, Mercy Mumba, Elisah Titima, Misozi Phiri, Eric Mukuka, Benson Mulenga, Juliet Gondwe, Jay Jay Chilala, Joseph Sambumba, Christabel Chishala, Dennis Bwalya, Silver Lukwesa, Priscilla Lishiu, John L. Ngoma, George Lisomona, Mwenya Ignatius, Konkolo Kennedy, Humphrey Mulenga, Rashid B Mhango, Patrick Kambita, Dedu M. Sakala, Musa Chibawe, Chaba Chipili, Sikanyika Field, Hilary Chewe, Victoria Saina, Munyanga Kaluwa, Yvonne Katayi, Mwaka Nakweti, Kaoma Jousha, Chabala Bwalya, Charles Chanda, Elizabeth M Shumba, Clement Musiska, Lorrian Chisala, Gladys Ngandwe, Kasapo Mtembo, Dominic B. Chitondo, Angela Hagwagwa, Theresa Luhila, Chalwe Mutale, Andrew Kalonge, Weluzani Phiri, Griffson Moyo, Chishiba Kalusa, Martin Ngwata, Collins Chileshe, Derrick Mumba, Mbale M Paul, Malisar Kachima, Chibale Chisamo, Gift Nguni, Brighton Makumba, Benwell Siame, Mirriam Nkonde, John Kamanga, Kalembo D. Bwalya, Francis Chilala, Emmanual Lupikisha, Chrispin Kamfwa, Mwila Mwelwa, Jaquiline Mwape, George Kangwa, Mwangelwa Muyatwa, Chabala Rodwell, Ngambo Izambo, Hellen Chanda, Mutale Chibamba, Prosper Musonda, David K Kabwe, Mwanza Dickson, Mulenga Chiti, Richard Tembo, Clide Machalo, Bridget Zulu, Gloria Kapoko, Brian Muleba, Bwalya Gison, Musonda Nature, Mukuba Kaela, Derick Mumba, Chanda R, Kennedy Kabaghe, Jordan Mukwanka, Joseph Simusokwe, Betty Siachimpi, Frank Muwowo, Kalmia Tresford, Banda Blandina, Sharon Mazia, Beauty Changwe, Bupe Mwango B, Edgar Banda, Given Mwansa, Andrew Kangwa, Florence Ngosa, Robson Zulu, George Chisenga, Lucky Mubanga, Faith Kasanda, Nathan Simbeye, Max S Tailoka, Mathews Banda, Alex Talanti, Racheal M. Kapembwa, Levy Shonga, Kedrick Yabalwashi, Forbes Siyoka, Andrew Bwali, Mbale M. Paul, Dawry S Tembo, Enock Manengo, Suyvia Mweetwa, Catherin Sakala, Jessy Munguya, Emmanuel Numwa, Kolombo Whitney, Dorcas Nsalange, Mirriam Kambafwile, Kasapo Ntembo, Zulu Peter, Nyenda Kunda, Munsele Ignitius, Chama Musoka, Kelvin Bulaya, Martin Gwata, Greezer Shaputu, Bright Chama",,2019.0,FY2019,Net,Increase/(Decrease) in Cash,,5426103.0,,,,,,,Net cash movement FY2019,Kitwe-City-Council-2019-FS.pdf,Statement of Cash Receipts,11.0,,
financial_statements_revenue_cdf,,,,,,,,,,KIT-AFS-2020-001,annual_financial_statement,"Mwaya Mpasa, Banda Saddock, Bwembya Charles, Chanda Rodgers, Chansa Fred, Chileshe Christopher, Chileshe Francis, Chiyaka Matthews, David Phiri, Kabuseni Francis, Katongo B Joseph, Katai Muposhi, Kante Hogart, Kapikila Peter, Malama Damani, Manda Masoka, Muposhi Katai, Muwowo Kelly, Mwalumuna Felix, Swaba Evans, Silomba Charles, Zimba Mary, Vincent Mukuka, Chinyanta Merine, Nobert Mukunto, Marjory Kamawu, Gilbert Chitalu, Hellen Mkandawire, Victor Mwape, Kawemba Ackim, Martin Mwansa, Kasenge Francis, Mwanda Rodgers, Sampa Edna, Dorothy Shimo, Rodwell Chulu, Phiri Isaac, Kamfwa Mofya, Lemmy Chibenga, Clement Gondo, Clara Chibuye, Mbewe Agness, Clement Mwelwa, Charity Mulenga, Mambwe Kasakula, Japhet Zulu, Banda Gideon, Sydin Shamutete, Pearson Hamwenda, Victor Mwitwa, Mercy Mumba, Elisah Titima, Misozi Phiri, Eric Mukuka, Benson Mulenga, Juliet Gondwe, Jay Jay Chilala, Joseph Sambumba, Christabel Chishala, Dennis Bwalya, Silver Lukwesa, Priscilla Lishiu, John L. Ngoma, George Lisomona, Mwenya Ignatius, Konkolo Kennedy, Humphrey Mulenga, Rashid B Mhango, Patrick Kambita, Dedu M. Sakala, Musa Chibawe, Chaba Chipili, Sikanyika Field, Hilary Chewe, Victoria Saina, Munyanga Kaluwa, Yvonne Katayi, Mwaka Nakweti, Kaoma Jousha, Chabala Bwalya, Charles Chanda, Elizabeth M Shumba, Clement Musiska, Lorrian Chisala, Gladys Ngandwe, Kasapo Mtembo, Dominic B. Chitondo, Angela Hagwagwa, Theresa Luhila, Chalwe Mutale, Andrew Kalonge, Weluzani Phiri, Griffson Moyo, Chishiba Kalusa, Martin Ngwata, Collins Chileshe, Derrick Mumba, Mbale M Paul, Malisar Kachima, Chibale Chisamo, Gift Nguni, Brighton Makumba, Benwell Siame, Mirriam Nkonde, John Kamanga, Kalembo D. Bwalya, Francis Chilala, Emmanual Lupikisha, Chrispin Kamfwa, Mwila Mwelwa, Jaquiline Mwape, George Kangwa, Mwangelwa Muyatwa, Chabala Rodwell, Ngambo Izambo, Hellen Chanda, Mutale Chibamba, Prosper Musonda, David K Kabwe, Mwanza Dickson, Mulenga Chiti, Richard Tembo, Clide Machalo, Bridget Zulu, Gloria Kapoko, Brian Muleba, Bwalya Gison, Musonda Nature, Mukuba Kaela, Derick Mumba, Chanda R, Kennedy Kabaghe, Jordan Mukwanka, Joseph Simusokwe, Betty Siachimpi, Frank Muwowo, Kalmia Tresford, Banda Blandina, Sharon Mazia, Beauty Changwe, Bupe Mwango B, Edgar Banda, Given Mwansa, Andrew Kangwa, Florence Ngosa, Robson Zulu, George Chisenga, Lucky Mubanga, Faith Kasanda, Nathan Simbeye, Max S Tailoka, Mathews Banda, Alex Talanti, Racheal M. Kapembwa, Levy Shonga, Kedrick Yabalwashi, Forbes Siyoka, Andrew Bwali, Mbale M. Paul, Dawry S Tembo, Enock Manengo, Suyvia Mweetwa, Catherin Sakala, Jessy Munguya, Emmanuel Numwa, Kolombo Whitney, Dorcas Nsalange, Mirriam Kambafwile, Kasapo Ntembo, Zulu Peter, Nyenda Kunda, Munsele Ignitius, Chama Musoka, Kelvin Bulaya, Martin Gwata, Greezer Shaputu, Bright Chama",,2020.0,FY2020,Receipts,Total Cash Receipts,,133288662.0,,,,,,,Cash receipts for FY2020,Kitwe-City-Council-2020-FS.pdf,Statement of Cash Receipts,12.0,,
financial_statements_revenue_cdf,,,,,,,,,,KIT-AFS-2020-002,annual_financial_statement,"Mwaya Mpasa, Banda Saddock, Bwembya Charles, Chanda Rodgers, Chansa Fred, Chileshe Christopher, Chileshe Francis, Chiyaka Matthews, David Phiri, Kabuseni Francis, Katongo B Joseph, Katai Muposhi, Kante Hogart, Kapikila Peter, Malama Damani, Manda Masoka, Muposhi Katai, Muwowo Kelly, Mwalumuna Felix, Swaba Evans, Silomba Charles, Zimba Mary, Vincent Mukuka, Chinyanta Merine, Nobert Mukunto, Marjory Kamawu, Gilbert Chitalu, Hellen Mkandawire, Victor Mwape, Kawemba Ackim, Martin Mwansa, Kasenge Francis, Mwanda Rodgers, Sampa Edna, Dorothy Shimo, Rodwell Chulu, Phiri Isaac, Kamfwa Mofya, Lemmy Chibenga, Clement Gondo, Clara Chibuye, Mbewe Agness, Clement Mwelwa, Charity Mulenga, Mambwe Kasakula, Japhet Zulu, Banda Gideon, Sydin Shamutete, Pearson Hamwenda, Victor Mwitwa, Mercy Mumba, Elisah Titima, Misozi Phiri, Eric Mukuka, Benson Mulenga, Juliet Gondwe, Jay Jay Chilala, Joseph Sambumba, Christabel Chishala, Dennis Bwalya, Silver Lukwesa, Priscilla Lishiu, John L. Ngoma, George Lisomona, Mwenya Ignatius, Konkolo Kennedy, Humphrey Mulenga, Rashid B Mhango, Patrick Kambita, Dedu M. Sakala, Musa Chibawe, Chaba Chipili, Sikanyika Field, Hilary Chewe, Victoria Saina, Munyanga Kaluwa, Yvonne Katayi, Mwaka Nakweti, Kaoma Jousha, Chabala Bwalya, Charles Chanda, Elizabeth M Shumba, Clement Musiska, Lorrian Chisala, Gladys Ngandwe, Kasapo Mtembo, Dominic B. Chitondo, Angela Hagwagwa, Theresa Luhila, Chalwe Mutale, Andrew Kalonge, Weluzani Phiri, Griffson Moyo, Chishiba Kalusa, Martin Ngwata, Collins Chileshe, Derrick Mumba, Mbale M Paul, Malisar Kachima, Chibale Chisamo, Gift Nguni, Brighton Makumba, Benwell Siame, Mirriam Nkonde, John Kamanga, Kalembo D. Bwalya, Francis Chilala, Emmanual Lupikisha, Chrispin Kamfwa, Mwila Mwelwa, Jaquiline Mwape, George Kangwa, Mwangelwa Muyatwa, Chabala Rodwell, Ngambo Izambo, Hellen Chanda, Mutale Chibamba, Prosper Musonda, David K Kabwe, Mwanza Dickson, Mulenga Chiti, Richard Tembo, Clide Machalo, Bridget Zulu, Gloria Kapoko, Brian Muleba, Bwalya Gison, Musonda Nature, Mukuba Kaela, Derick Mumba, Chanda R, Kennedy Kabaghe, Jordan Mukwanka, Joseph Simusokwe, Betty Siachimpi, Frank Muwowo, Kalmia Tresford, Banda Blandina, Sharon Mazia, Beauty Changwe, Bupe Mwango B, Edgar Banda, Given Mwansa, Andrew Kangwa, Florence Ngosa, Robson Zulu, George Chisenga, Lucky Mubanga, Faith Kasanda, Nathan Simbeye, Max S Tailoka, Mathews Banda, Alex Talanti, Racheal M. Kapembwa, Levy Shonga, Kedrick Yabalwashi, Forbes Siyoka, Andrew Bwali, Mbale M. Paul, Dawry S Tembo, Enock Manengo, Suyvia Mweetwa, Catherin Sakala, Jessy Munguya, Emmanuel Numwa, Kolombo Whitney, Dorcas Nsalange, Mirriam Kambafwile, Kasapo Ntembo, Zulu Peter, Nyenda Kunda, Munsele Ignitius, Chama Musoka, Kelvin Bulaya, Martin Gwata, Greezer Shaputu, Bright Chama",,2020.0,FY2020,Payments,Total Payments,,123667113.0,,,,,,,Total payments for FY2020,Kitwe-City-Council-2020-FS.pdf,Statement of Cash Receipts,12.0,,
financial_statements_revenue_cdf,,,,,,,,,,KIT-AFS-2020-003,annual_financial_statement,"Mwaya Mpasa, Banda Saddock, Bwembya Charles, Chanda Rodgers, Chansa Fred, Chileshe Christopher, Chileshe Francis, Chiyaka Matthews, David Phiri, Kabuseni Francis, Katongo B Joseph, Katai Muposhi, Kante Hogart, Kapikila Peter, Malama Damani, Manda Masoka, Muposhi Katai, Muwowo Kelly, Mwalumuna Felix, Swaba Evans, Silomba Charles, Zimba Mary, Vincent Mukuka, Chinyanta Merine, Nobert Mukunto, Marjory Kamawu, Gilbert Chitalu, Hellen Mkandawire, Victor Mwape, Kawemba Ackim, Martin Mwansa, Kasenge Francis, Mwanda Rodgers, Sampa Edna, Dorothy Shimo, Rodwell Chulu, Phiri Isaac, Kamfwa Mofya, Lemmy Chibenga, Clement Gondo, Clara Chibuye, Mbewe Agness, Clement Mwelwa, Charity Mulenga, Mambwe Kasakula, Japhet Zulu, Banda Gideon, Sydin Shamutete, Pearson Hamwenda, Victor Mwitwa, Mercy Mumba, Elisah Titima, Misozi Phiri, Eric Mukuka, Benson Mulenga, Juliet Gondwe, Jay Jay Chilala, Joseph Sambumba, Christabel Chishala, Dennis Bwalya, Silver Lukwesa, Priscilla Lishiu, John L. Ngoma, George Lisomona, Mwenya Ignatius, Konkolo Kennedy, Humphrey Mulenga, Rashid B Mhango, Patrick Kambita, Dedu M. Sakala, Musa Chibawe, Chaba Chipili, Sikanyika Field, Hilary Chewe, Victoria Saina, Munyanga Kaluwa, Yvonne Katayi, Mwaka Nakweti, Kaoma Jousha, Chabala Bwalya, Charles Chanda, Elizabeth M Shumba, Clement Musiska, Lorrian Chisala, Gladys Ngandwe, Kasapo Mtembo, Dominic B. Chitondo, Angela Hagwagwa, Theresa Luhila, Chalwe Mutale, Andrew Kalonge, Weluzani Phiri, Griffson Moyo, Chishiba Kalusa, Martin Ngwata, Collins Chileshe, Derrick Mumba, Mbale M Paul, Malisar Kachima, Chibale Chisamo, Gift Nguni, Brighton Makumba, Benwell Siame, Mirriam Nkonde, John Kamanga, Kalembo D. Bwalya, Francis Chilala, Emmanual Lupikisha, Chrispin Kamfwa, Mwila Mwelwa, Jaquiline Mwape, George Kangwa, Mwangelwa Muyatwa, Chabala Rodwell, Ngambo Izambo, Hellen Chanda, Mutale Chibamba, Prosper Musonda, David K Kabwe, Mwanza Dickson, Mulenga Chiti, Richard Tembo, Clide Machalo, Bridget Zulu, Gloria Kapoko, Brian Muleba, Bwalya Gison, Musonda Nature, Mukuba Kaela, Derick Mumba, Chanda R, Kennedy Kabaghe, Jordan Mukwanka, Joseph Simusokwe, Betty Siachimpi, Frank Muwowo, Kalmia Tresford, Banda Blandina, Sharon Mazia, Beauty Changwe, Bupe Mwango B, Edgar Banda, Given Mwansa, Andrew Kangwa, Florence Ngosa, Robson Zulu, George Chisenga, Lucky Mubanga, Faith Kasanda, Nathan Simbeye, Max S Tailoka, Mathews Banda, Alex Talanti, Racheal M. Kapembwa, Levy Shonga, Kedrick Yabalwashi, Forbes Siyoka, Andrew Bwali, Mbale M. Paul, Dawry S Tembo, Enock Manengo, Suyvia Mweetwa, Catherin Sakala, Jessy Munguya, Emmanuel Numwa, Kolombo Whitney, Dorcas Nsalange, Mirriam Kambafwile, Kasapo Ntembo, Zulu Peter, Nyenda Kunda, Munsele Ignitius, Chama Musoka, Kelvin Bulaya, Martin Gwata, Greezer Shaputu, Bright Chama",,2020.0,FY2020,Net,Increase/(Decrease) in Cash,,9621549.0,,,,,,,Net cash movement FY2020,Kitwe-City-Council-2020-FS.pdf,Statement of Cash Receipts,12.0,,
financial_statements_revenue_cdf,,,,,,,,,,KIT-AFS-2021-001,annual_financial_statement,"Mwaya Mpasa, Banda Saddock, Bwembya Charles, Chanda Rodgers, Chansa Fred, Chileshe Christopher, Chileshe Francis, Chiyaka Matthews, David Phiri, Kabuseni Francis, Katongo B Joseph, Katai Muposhi, Kante Hogart, Kapikila Peter, Malama Damani, Manda Masoka, Muposhi Katai, Muwowo Kelly, Mwalumuna Felix, Swaba Evans, Silomba Charles, Zimba Mary, Vincent Mukuka, Chinyanta Merine, Nobert Mukunto, Marjory Kamawu, Gilbert Chitalu, Hellen Mkandawire, Victor Mwape, Kawemba Ackim, Martin Mwansa, Kasenge Francis, Mwanda Rodgers, Sampa Edna, Dorothy Shimo, Rodwell Chulu, Phiri Isaac, Kamfwa Mofya, Lemmy Chibenga, Clement Gondo, Clara Chibuye, Mbewe Agness, Clement Mwelwa, Charity Mulenga, Mambwe Kasakula, Japhet Zulu, Banda Gideon, Sydin Shamutete, Pearson Hamwenda, Victor Mwitwa, Mercy Mumba, Elisah Titima, Misozi Phiri, Eric Mukuka, Benson Mulenga, Juliet Gondwe, Jay Jay Chilala, Joseph Sambumba, Christabel Chishala, Dennis Bwalya, Silver Lukwesa, Priscilla Lishiu, John L. Ngoma, George Lisomona, Mwenya Ignatius, Konkolo Kennedy, Humphrey Mulenga, Rashid B Mhango, Patrick Kambita, Dedu M. Sakala, Musa Chibawe, Chaba Chipili, Sikanyika Field, Hilary Chewe, Victoria Saina, Munyanga Kaluwa, Yvonne Katayi, Mwaka Nakweti, Kaoma Jousha, Chabala Bwalya, Charles Chanda, Elizabeth M Shumba, Clement Musiska, Lorrian Chisala, Gladys Ngandwe, Kasapo Mtembo, Dominic B. Chitondo, Angela Hagwagwa, Theresa Luhila, Chalwe Mutale, Andrew Kalonge, Weluzani Phiri, Griffson Moyo, Chishiba Kalusa, Martin Ngwata, Collins Chileshe, Derrick Mumba, Mbale M Paul, Malisar Kachima, Chibale Chisamo, Gift Nguni, Brighton Makumba, Benwell Siame, Mirriam Nkonde, John Kamanga, Kalembo D. Bwalya, Francis Chilala, Emmanual Lupikisha, Chrispin Kamfwa, Mwila Mwelwa, Jaquiline Mwape, George Kangwa, Mwangelwa Muyatwa, Chabala Rodwell, Ngambo Izambo, Hellen Chanda, Mutale Chibamba, Prosper Musonda, David K Kabwe, Mwanza Dickson, Mulenga Chiti, Richard Tembo, Clide Machalo, Bridget Zulu, Gloria Kapoko, Brian Muleba, Bwalya Gison, Musonda Nature, Mukuba Kaela, Derick Mumba, Chanda R, Kennedy Kabaghe, Jordan Mukwanka, Joseph Simusokwe, Betty Siachimpi, Frank Muwowo, Kalmia Tresford, Banda Blandina, Sharon Mazia, Beauty Changwe, Bupe Mwango B, Edgar Banda, Given Mwansa, Andrew Kangwa, Florence Ngosa, Robson Zulu, George Chisenga, Lucky Mubanga, Faith Kasanda, Nathan Simbeye, Max S Tailoka, Mathews Banda, Alex Talanti, Racheal M. Kapembwa, Levy Shonga, Kedrick Yabalwashi, Forbes Siyoka, Andrew Bwali, Mbale M. Paul, Dawry S Tembo, Enock Manengo, Suyvia Mweetwa, Catherin Sakala, Jessy Munguya, Emmanuel Numwa, Kolombo Whitney, Dorcas Nsalange, Mirriam Kambafwile, Kasapo Ntembo, Zulu Peter, Nyenda Kunda, Munsele Ignitius, Chama Musoka, Kelvin Bulaya, Martin Gwata, Greezer Shaputu, Bright Chama",,2021.0,FY2021,Receipts,Total Cash Receipts,,158232505.0,,,,,,,Cash receipts for FY2021,Kitwe-City-Council-2021-FS.pdf,Statement of Cash Receipts,12.0,,
financial_statements_revenue_cdf,,,,,,,,,,KIT-AFS-2021-002,annual_financial_statement,"Mwaya Mpasa, Banda Saddock, Bwembya Charles, Chanda Rodgers, Chansa Fred, Chileshe Christopher, Chileshe Francis, Chiyaka Matthews, David Phiri, Kabuseni Francis, Katongo B Joseph, Katai Muposhi, Kante Hogart, Kapikila Peter, Malama Damani, Manda Masoka, Muposhi Katai, Muwowo Kelly, Mwalumuna Felix, Swaba Evans, Silomba Charles, Zimba Mary, Vincent Mukuka, Chinyanta Merine, Nobert Mukunto, Marjory Kamawu, Gilbert Chitalu, Hellen Mkandawire, Victor Mwape, Kawemba Ackim, Martin Mwansa, Kasenge Francis, Mwanda Rodgers, Sampa Edna, Dorothy Shimo, Rodwell Chulu, Phiri Isaac, Kamfwa Mofya, Lemmy Chibenga, Clement Gondo, Clara Chibuye, Mbewe Agness, Clement Mwelwa, Charity Mulenga, Mambwe Kasakula, Japhet Zulu, Banda Gideon, Sydin Shamutete, Pearson Hamwenda, Victor Mwitwa, Mercy Mumba, Elisah Titima, Misozi Phiri, Eric Mukuka, Benson Mulenga, Juliet Gondwe, Jay Jay Chilala, Joseph Sambumba, Christabel Chishala, Dennis Bwalya, Silver Lukwesa, Priscilla Lishiu, John L. Ngoma, George Lisomona, Mwenya Ignatius, Konkolo Kennedy, Humphrey Mulenga, Rashid B Mhango, Patrick Kambita, Dedu M. Sakala, Musa Chibawe, Chaba Chipili, Sikanyika Field, Hilary Chewe, Victoria Saina, Munyanga Kaluwa, Yvonne Katayi, Mwaka Nakweti, Kaoma Jousha, Chabala Bwalya, Charles Chanda, Elizabeth M Shumba, Clement Musiska, Lorrian Chisala, Gladys Ngandwe, Kasapo Mtembo, Dominic B. Chitondo, Angela Hagwagwa, Theresa Luhila, Chalwe Mutale, Andrew Kalonge, Weluzani Phiri, Griffson Moyo, Chishiba Kalusa, Martin Ngwata, Collins Chileshe, Derrick Mumba, Mbale M Paul, Malisar Kachima, Chibale Chisamo, Gift Nguni, Brighton Makumba, Benwell Siame, Mirriam Nkonde, John Kamanga, Kalembo D. Bwalya, Francis Chilala, Emmanual Lupikisha, Chrispin Kamfwa, Mwila Mwelwa, Jaquiline Mwape, George Kangwa, Mwangelwa Muyatwa, Chabala Rodwell, Ngambo Izambo, Hellen Chanda, Mutale Chibamba, Prosper Musonda, David K Kabwe, Mwanza Dickson, Mulenga Chiti, Richard Tembo, Clide Machalo, Bridget Zulu, Gloria Kapoko, Brian Muleba, Bwalya Gison, Musonda Nature, Mukuba Kaela, Derick Mumba, Chanda R, Kennedy Kabaghe, Jordan Mukwanka, Joseph Simusokwe, Betty Siachimpi, Frank Muwowo, Kalmia Tresford, Banda Blandina, Sharon Mazia, Beauty Changwe, Bupe Mwango B, Edgar Banda, Given Mwansa, Andrew Kangwa, Florence Ngosa, Robson Zulu, George Chisenga, Lucky Mubanga, Faith Kasanda, Nathan Simbeye, Max S Tailoka, Mathews Banda, Alex Talanti, Racheal M. Kapembwa, Levy Shonga, Kedrick Yabalwashi, Forbes Siyoka, Andrew Bwali, Mbale M. Paul, Dawry S Tembo, Enock Manengo, Suyvia Mweetwa, Catherin Sakala, Jessy Munguya, Emmanuel Numwa, Kolombo Whitney, Dorcas Nsalange, Mirriam Kambafwile, Kasapo Ntembo, Zulu Peter, Nyenda Kunda, Munsele Ignitius, Chama Musoka, Kelvin Bulaya, Martin Gwata, Greezer Shaputu, Bright Chama",,2021.0,FY2021,Payments,Total Payments,,150048049.0,,,,,,,Total payments for FY2021,Kitwe-City-Council-2021-FS.pdf,Statement of Cash Receipts,12.0,,
financial_statements_revenue_cdf,,,,,,,,,,KIT-AFS-2021-003,annual_financial_statement,"Mwaya Mpasa, Banda Saddock, Bwembya Charles, Chanda Rodgers, Chansa Fred, Chileshe Christopher, Chileshe Francis, Chiyaka Matthews, David Phiri, Kabuseni Francis, Katongo B Joseph, Katai Muposhi, Kante Hogart, Kapikila Peter, Malama Damani, Manda Masoka, Muposhi Katai, Muwowo Kelly, Mwalumuna Felix, Swaba Evans, Silomba Charles, Zimba Mary, Vincent Mukuka, Chinyanta Merine, Nobert Mukunto, Marjory Kamawu, Gilbert Chitalu, Hellen Mkandawire, Victor Mwape, Kawemba Ackim, Martin Mwansa, Kasenge Francis, Mwanda Rodgers, Sampa Edna, Dorothy Shimo, Rodwell Chulu, Phiri Isaac, Kamfwa Mofya, Lemmy Chibenga, Clement Gondo, Clara Chibuye, Mbewe Agness, Clement Mwelwa, Charity Mulenga, Mambwe Kasakula, Japhet Zulu, Banda Gideon, Sydin Shamutete, Pearson Hamwenda, Victor Mwitwa, Mercy Mumba, Elisah Titima, Misozi Phiri, Eric Mukuka, Benson Mulenga, Juliet Gondwe, Jay Jay Chilala, Joseph Sambumba, Christabel Chishala, Dennis Bwalya, Silver Lukwesa, Priscilla Lishiu, John L. Ngoma, George Lisomona, Mwenya Ignatius, Konkolo Kennedy, Humphrey Mulenga, Rashid B Mhango, Patrick Kambita, Dedu M. Sakala, Musa Chibawe, Chaba Chipili, Sikanyika Field, Hilary Chewe, Victoria Saina, Munyanga Kaluwa, Yvonne Katayi, Mwaka Nakweti, Kaoma Jousha, Chabala Bwalya, Charles Chanda, Elizabeth M Shumba, Clement Musiska, Lorrian Chisala, Gladys Ngandwe, Kasapo Mtembo, Dominic B. Chitondo, Angela Hagwagwa, Theresa Luhila, Chalwe Mutale, Andrew Kalonge, Weluzani Phiri, Griffson Moyo, Chishiba Kalusa, Martin Ngwata, Collins Chileshe, Derrick Mumba, Mbale M Paul, Malisar Kachima, Chibale Chisamo, Gift Nguni, Brighton Makumba, Benwell Siame, Mirriam Nkonde, John Kamanga, Kalembo D. Bwalya, Francis Chilala, Emmanual Lupikisha, Chrispin Kamfwa, Mwila Mwelwa, Jaquiline Mwape, George Kangwa, Mwangelwa Muyatwa, Chabala Rodwell, Ngambo Izambo, Hellen Chanda, Mutale Chibamba, Prosper Musonda, David K Kabwe, Mwanza Dickson, Mulenga Chiti, Richard Tembo, Clide Machalo, Bridget Zulu, Gloria Kapoko, Brian Muleba, Bwalya Gison, Musonda Nature, Mukuba Kaela, Derick Mumba, Chanda R, Kennedy Kabaghe, Jordan Mukwanka, Joseph Simusokwe, Betty Siachimpi, Frank Muwowo, Kalmia Tresford, Banda Blandina, Sharon Mazia, Beauty Changwe, Bupe Mwango B, Edgar Banda, Given Mwansa, Andrew Kangwa, Florence Ngosa, Robson Zulu, George Chisenga, Lucky Mubanga, Faith Kasanda, Nathan Simbeye, Max S Tailoka, Mathews Banda, Alex Talanti, Racheal M. Kapembwa, Levy Shonga, Kedrick Yabalwashi, Forbes Siyoka, Andrew Bwali, Mbale M. Paul, Dawry S Tembo, Enock Manengo, Suyvia Mweetwa, Catherin Sakala, Jessy Munguya, Emmanuel Numwa, Kolombo Whitney, Dorcas Nsalange, Mirriam Kambafwile, Kasapo Ntembo, Zulu Peter, Nyenda Kunda, Munsele Ignitius, Chama Musoka, Kelvin Bulaya, Martin Gwata, Greezer Shaputu, Bright Chama",,2021.0,FY2021,Net,Increase/(Decrease) in Cash,,8184457.0,,,,,,,Net cash movement FY2021,Kitwe-City-Council-2021-FS.pdf,Statement of Cash Receipts,12.0,,
financial_statements_revenue_cdf,,,,,,,,,,KIT-AFS-2022-001,annual_financial_statement,"Mwaya Mpasa, Banda Saddock, Bwembya Charles, Chanda Rodgers, Chansa Fred, Chileshe Christopher, Chileshe Francis, Chiyaka Matthews, David Phiri, Kabuseni Francis, Katongo B Joseph, Katai Muposhi, Kante Hogart, Kapikila Peter, Malama Damani, Manda Masoka, Muposhi Katai, Muwowo Kelly, Mwalumuna Felix, Swaba Evans, Silomba Charles, Zimba Mary, Vincent Mukuka, Chinyanta Merine, Nobert Mukunto, Marjory Kamawu, Gilbert Chitalu, Hellen Mkandawire, Victor Mwape, Kawemba Ackim, Martin Mwansa, Kasenge Francis, Mwanda Rodgers, Sampa Edna, Dorothy Shimo, Rodwell Chulu, Phiri Isaac, Kamfwa Mofya, Lemmy Chibenga, Clement Gondo, Clara Chibuye, Mbewe Agness, Clement Mwelwa, Charity Mulenga, Mambwe Kasakula, Japhet Zulu, Banda Gideon, Sydin Shamutete, Pearson Hamwenda, Victor Mwitwa, Mercy Mumba, Elisah Titima, Misozi Phiri, Eric Mukuka, Benson Mulenga, Juliet Gondwe, Jay Jay Chilala, Joseph Sambumba, Christabel Chishala, Dennis Bwalya, Silver Lukwesa, Priscilla Lishiu, John L. Ngoma, George Lisomona, Mwenya Ignatius, Konkolo Kennedy, Humphrey Mulenga, Rashid B Mhango, Patrick Kambita, Dedu M. Sakala, Musa Chibawe, Chaba Chipili, Sikanyika Field, Hilary Chewe, Victoria Saina, Munyanga Kaluwa, Yvonne Katayi, Mwaka Nakweti, Kaoma Jousha, Chabala Bwalya, Charles Chanda, Elizabeth M Shumba, Clement Musiska, Lorrian Chisala, Gladys Ngandwe, Kasapo Mtembo, Dominic B. Chitondo, Angela Hagwagwa, Theresa Luhila, Chalwe Mutale, Andrew Kalonge, Weluzani Phiri, Griffson Moyo, Chishiba Kalusa, Martin Ngwata, Collins Chileshe, Derrick Mumba, Mbale M Paul, Malisar Kachima, Chibale Chisamo, Gift Nguni, Brighton Makumba, Benwell Siame, Mirriam Nkonde, John Kamanga, Kalembo D. Bwalya, Francis Chilala, Emmanual Lupikisha, Chrispin Kamfwa, Mwila Mwelwa, Jaquiline Mwape, George Kangwa, Mwangelwa Muyatwa, Chabala Rodwell, Ngambo Izambo, Hellen Chanda, Mutale Chibamba, Prosper Musonda, David K Kabwe, Mwanza Dickson, Mulenga Chiti, Richard Tembo, Clide Machalo, Bridget Zulu, Gloria Kapoko, Brian Muleba, Bwalya Gison, Musonda Nature, Mukuba Kaela, Derick Mumba, Chanda R, Kennedy Kabaghe, Jordan Mukwanka, Joseph Simusokwe, Betty Siachimpi, Frank Muwowo, Kalmia Tresford, Banda Blandina, Sharon Mazia, Beauty Changwe, Bupe Mwango B, Edgar Banda, Given Mwansa, Andrew Kangwa, Florence Ngosa, Robson Zulu, George Chisenga, Lucky Mubanga, Faith Kasanda, Nathan Simbeye, Max S Tailoka, Mathews Banda, Alex Talanti, Racheal M. Kapembwa, Levy Shonga, Kedrick Yabalwashi, Forbes Siyoka, Andrew Bwali, Mbale M. Paul, Dawry S Tembo, Enock Manengo, Suyvia Mweetwa, Catherin Sakala, Jessy Munguya, Emmanuel Numwa, Kolombo Whitney, Dorcas Nsalange, Mirriam Kambafwile, Kasapo Ntembo, Zulu Peter, Nyenda Kunda, Munsele Ignitius, Chama Musoka, Kelvin Bulaya, Martin Gwata, Greezer Shaputu, Bright Chama",,2022.0,FY2022,Receipts,Total Cash Receipts,,257476921.0,,,,,,,Cash receipts for FY2022,Kitwe-City-Council-2022-Financial-Statements.docx,Statement of Cash Receipts,11.0,,
financial_statements_revenue_cdf,,,,,,,,,,KIT-AFS-2022-002,annual_financial_statement,"Mwaya Mpasa, Banda Saddock, Bwembya Charles, Chanda Rodgers, Chansa Fred, Chileshe Christopher, Chileshe Francis, Chiyaka Matthews, David Phiri, Kabuseni Francis, Katongo B Joseph, Katai Muposhi, Kante Hogart, Kapikila Peter, Malama Damani, Manda Masoka, Muposhi Katai, Muwowo Kelly, Mwalumuna Felix, Swaba Evans, Silomba Charles, Zimba Mary, Vincent Mukuka, Chinyanta Merine, Nobert Mukunto, Marjory Kamawu, Gilbert Chitalu, Hellen Mkandawire, Victor Mwape, Kawemba Ackim, Martin Mwansa, Kasenge Francis, Mwanda Rodgers, Sampa Edna, Dorothy Shimo, Rodwell Chulu, Phiri Isaac, Kamfwa Mofya, Lemmy Chibenga, Clement Gondo, Clara Chibuye, Mbewe Agness, Clement Mwelwa, Charity Mulenga, Mambwe Kasakula, Japhet Zulu, Banda Gideon, Sydin Shamutete, Pearson Hamwenda, Victor Mwitwa, Mercy Mumba, Elisah Titima, Misozi Phiri, Eric Mukuka, Benson Mulenga, Juliet Gondwe, Jay Jay Chilala, Joseph Sambumba, Christabel Chishala, Dennis Bwalya, Silver Lukwesa, Priscilla Lishiu, John L. Ngoma, George Lisomona, Mwenya Ignatius, Konkolo Kennedy, Humphrey Mulenga, Rashid B Mhango, Patrick Kambita, Dedu M. Sakala, Musa Chibawe, Chaba Chipili, Sikanyika Field, Hilary Chewe, Victoria Saina, Munyanga Kaluwa, Yvonne Katayi, Mwaka Nakweti, Kaoma Jousha, Chabala Bwalya, Charles Chanda, Elizabeth M Shumba, Clement Musiska, Lorrian Chisala, Gladys Ngandwe, Kasapo Mtembo, Dominic B. Chitondo, Angela Hagwagwa, Theresa Luhila, Chalwe Mutale, Andrew Kalonge, Weluzani Phiri, Griffson Moyo, Chishiba Kalusa, Martin Ngwata, Collins Chileshe, Derrick Mumba, Mbale M Paul, Malisar Kachima, Chibale Chisamo, Gift Nguni, Brighton Makumba, Benwell Siame, Mirriam Nkonde, John Kamanga, Kalembo D. Bwalya, Francis Chilala, Emmanual Lupikisha, Chrispin Kamfwa, Mwila Mwelwa, Jaquiline Mwape, George Kangwa, Mwangelwa Muyatwa, Chabala Rodwell, Ngambo Izambo, Hellen Chanda, Mutale Chibamba, Prosper Musonda, David K Kabwe, Mwanza Dickson, Mulenga Chiti, Richard Tembo, Clide Machalo, Bridget Zulu, Gloria Kapoko, Brian Muleba, Bwalya Gison, Musonda Nature, Mukuba Kaela, Derick Mumba, Chanda R, Kennedy Kabaghe, Jordan Mukwanka, Joseph Simusokwe, Betty Siachimpi, Frank Muwowo, Kalmia Tresford, Banda Blandina, Sharon Mazia, Beauty Changwe, Bupe Mwango B, Edgar Banda, Given Mwansa, Andrew Kangwa, Florence Ngosa, Robson Zulu, George Chisenga, Lucky Mubanga, Faith Kasanda, Nathan Simbeye, Max S Tailoka, Mathews Banda, Alex Talanti, Racheal M. Kapembwa, Levy Shonga, Kedrick Yabalwashi, Forbes Siyoka, Andrew Bwali, Mbale M. Paul, Dawry S Tembo, Enock Manengo, Suyvia Mweetwa, Catherin Sakala, Jessy Munguya, Emmanuel Numwa, Kolombo Whitney, Dorcas Nsalange, Mirriam Kambafwile, Kasapo Ntembo, Zulu Peter, Nyenda Kunda, Munsele Ignitius, Chama Musoka, Kelvin Bulaya, Martin Gwata, Greezer Shaputu, Bright Chama",,2022.0,FY2022,Payments,Total Payments,,189001826.0,,,,,,,Total payments for FY2022,Kitwe-City-Council-2022-Financial-Statements.docx,Statement of Cash Receipts,11.0,,
financial_statements_revenue_cdf,,,,,,,,,,KIT-AFS-2022-003,annual_financial_statement,"Mwaya Mpasa, Banda Saddock, Bwembya Charles, Chanda Rodgers, Chansa Fred, Chileshe Christopher, Chileshe Francis, Chiyaka Matthews, David Phiri, Kabuseni Francis, Katongo B Joseph, Katai Muposhi, Kante Hogart, Kapikila Peter, Malama Damani, Manda Masoka, Muposhi Katai, Muwowo Kelly, Mwalumuna Felix, Swaba Evans, Silomba Charles, Zimba Mary, Vincent Mukuka, Chinyanta Merine, Nobert Mukunto, Marjory Kamawu, Gilbert Chitalu, Hellen Mkandawire, Victor Mwape, Kawemba Ackim, Martin Mwansa, Kasenge Francis, Mwanda Rodgers, Sampa Edna, Dorothy Shimo, Rodwell Chulu, Phiri Isaac, Kamfwa Mofya, Lemmy Chibenga, Clement Gondo, Clara Chibuye, Mbewe Agness, Clement Mwelwa, Charity Mulenga, Mambwe Kasakula, Japhet Zulu, Banda Gideon, Sydin Shamutete, Pearson Hamwenda, Victor Mwitwa, Mercy Mumba, Elisah Titima, Misozi Phiri, Eric Mukuka, Benson Mulenga, Juliet Gondwe, Jay Jay Chilala, Joseph Sambumba, Christabel Chishala, Dennis Bwalya, Silver Lukwesa, Priscilla Lishiu, John L. Ngoma, George Lisomona, Mwenya Ignatius, Konkolo Kennedy, Humphrey Mulenga, Rashid B Mhango, Patrick Kambita, Dedu M. Sakala, Musa Chibawe, Chaba Chipili, Sikanyika Field, Hilary Chewe, Victoria Saina, Munyanga Kaluwa, Yvonne Katayi, Mwaka Nakweti, Kaoma Jousha, Chabala Bwalya, Charles Chanda, Elizabeth M Shumba, Clement Musiska, Lorrian Chisala, Gladys Ngandwe, Kasapo Mtembo, Dominic B. Chitondo, Angela Hagwagwa, Theresa Luhila, Chalwe Mutale, Andrew Kalonge, Weluzani Phiri, Griffson Moyo, Chishiba Kalusa, Martin Ngwata, Collins Chileshe, Derrick Mumba, Mbale M Paul, Malisar Kachima, Chibale Chisamo, Gift Nguni, Brighton Makumba, Benwell Siame, Mirriam Nkonde, John Kamanga, Kalembo D. Bwalya, Francis Chilala, Emmanual Lupikisha, Chrispin Kamfwa, Mwila Mwelwa, Jaquiline Mwape, George Kangwa, Mwangelwa Muyatwa, Chabala Rodwell, Ngambo Izambo, Hellen Chanda, Mutale Chibamba, Prosper Musonda, David K Kabwe, Mwanza Dickson, Mulenga Chiti, Richard Tembo, Clide Machalo, Bridget Zulu, Gloria Kapoko, Brian Muleba, Bwalya Gison, Musonda Nature, Mukuba Kaela, Derick Mumba, Chanda R, Kennedy Kabaghe, Jordan Mukwanka, Joseph Simusokwe, Betty Siachimpi, Frank Muwowo, Kalmia Tresford, Banda Blandina, Sharon Mazia, Beauty Changwe, Bupe Mwango B, Edgar Banda, Given Mwansa, Andrew Kangwa, Florence Ngosa, Robson Zulu, George Chisenga, Lucky Mubanga, Faith Kasanda, Nathan Simbeye, Max S Tailoka, Mathews Banda, Alex Talanti, Racheal M. Kapembwa, Levy Shonga, Kedrick Yabalwashi, Forbes Siyoka, Andrew Bwali, Mbale M. Paul, Dawry S Tembo, Enock Manengo, Suyvia Mweetwa, Catherin Sakala, Jessy Munguya, Emmanuel Numwa, Kolombo Whitney, Dorcas Nsalange, Mirriam Kambafwile, Kasapo Ntembo, Zulu Peter, Nyenda Kunda, Munsele Ignitius, Chama Musoka, Kelvin Bulaya, Martin Gwata, Greezer Shaputu, Bright Chama",,2022.0,FY2022,Net,Increase/(Decrease) in Cash,,68475095.0,,,,,,,Net cash movement FY2022,Kitwe-City-Council-2022-Financial-Statements.docx,Statement of Cash Receipts,11.0,,
financial_statements_revenue_cdf,,,,,,,,,,KIT-AFS-2023-001,annual_financial_statement,"Mwaya Mpasa, Banda Saddock, Bwembya Charles, Chanda Rodgers, Chansa Fred, Chileshe Christopher, Chileshe Francis, Chiyaka Matthews, David Phiri, Kabuseni Francis, Katongo B Joseph, Katai Muposhi, Kante Hogart, Kapikila Peter, Malama Damani, Manda Masoka, Muposhi Katai, Muwowo Kelly, Mwalumuna Felix, Swaba Evans, Silomba Charles, Zimba Mary, Vincent Mukuka, Chinyanta Merine, Nobert Mukunto, Marjory Kamawu, Gilbert Chitalu, Hellen Mkandawire, Victor Mwape, Kawemba Ackim, Martin Mwansa, Kasenge Francis, Mwanda Rodgers, Sampa Edna, Dorothy Shimo, Rodwell Chulu, Phiri Isaac, Kamfwa Mofya, Lemmy Chibenga, Clement Gondo, Clara Chibuye, Mbewe Agness, Clement Mwelwa, Charity Mulenga, Mambwe Kasakula, Japhet Zulu, Banda Gideon, Sydin Shamutete, Pearson Hamwenda, Victor Mwitwa, Mercy Mumba, Elisah Titima, Misozi Phiri, Eric Mukuka, Benson Mulenga, Juliet Gondwe, Jay Jay Chilala, Joseph Sambumba, Christabel Chishala, Dennis Bwalya, Silver Lukwesa, Priscilla Lishiu, John L. Ngoma, George Lisomona, Mwenya Ignatius, Konkolo Kennedy, Humphrey Mulenga, Rashid B Mhango, Patrick Kambita, Dedu M. Sakala, Musa Chibawe, Chaba Chipili, Sikanyika Field, Hilary Chewe, Victoria Saina, Munyanga Kaluwa, Yvonne Katayi, Mwaka Nakweti, Kaoma Jousha, Chabala Bwalya, Charles Chanda, Elizabeth M Shumba, Clement Musiska, Lorrian Chisala, Gladys Ngandwe, Kasapo Mtembo, Dominic B. Chitondo, Angela Hagwagwa, Theresa Luhila, Chalwe Mutale, Andrew Kalonge, Weluzani Phiri, Griffson Moyo, Chishiba Kalusa, Martin Ngwata, Collins Chileshe, Derrick Mumba, Mbale M Paul, Malisar Kachima, Chibale Chisamo, Gift Nguni, Brighton Makumba, Benwell Siame, Mirriam Nkonde, John Kamanga, Kalembo D. Bwalya, Francis Chilala, Emmanual Lupikisha, Chrispin Kamfwa, Mwila Mwelwa, Jaquiline Mwape, George Kangwa, Mwangelwa Muyatwa, Chabala Rodwell, Ngambo Izambo, Hellen Chanda, Mutale Chibamba, Prosper Musonda, David K Kabwe, Mwanza Dickson, Mulenga Chiti, Richard Tembo, Clide Machalo, Bridget Zulu, Gloria Kapoko, Brian Muleba, Bwalya Gison, Musonda Nature, Mukuba Kaela, Derick Mumba, Chanda R, Kennedy Kabaghe, Jordan Mukwanka, Joseph Simusokwe, Betty Siachimpi, Frank Muwowo, Kalmia Tresford, Banda Blandina, Sharon Mazia, Beauty Changwe, Bupe Mwango B, Edgar Banda, Given Mwansa, Andrew Kangwa, Florence Ngosa, Robson Zulu, George Chisenga, Lucky Mubanga, Faith Kasanda, Nathan Simbeye, Max S Tailoka, Mathews Banda, Alex Talanti, Racheal M. Kapembwa, Levy Shonga, Kedrick Yabalwashi, Forbes Siyoka, Andrew Bwali, Mbale M. Paul, Dawry S Tembo, Enock Manengo, Suyvia Mweetwa, Catherin Sakala, Jessy Munguya, Emmanuel Numwa, Kolombo Whitney, Dorcas Nsalange, Mirriam Kambafwile, Kasapo Ntembo, Zulu Peter, Nyenda Kunda, Munsele Ignitius, Chama Musoka, Kelvin Bulaya, Martin Gwata, Greezer Shaputu, Bright Chama",,2023.0,FY2023,Receipts,Total Cash Receipts,,328329974.0,,,,,,,Cash receipts for FY2023,Kitwe-C-C-2023-Financial-Statements-SIGNED.pdf,Statement of Cash Receipts,13.0,,
financial_statements_revenue_cdf,,,,,,,,,,KIT-AFS-2023-002,annual_financial_statement,"Mwaya Mpasa, Banda Saddock, Bwembya Charles, Chanda Rodgers, Chansa Fred, Chileshe Christopher, Chileshe Francis, Chiyaka Matthews, David Phiri, Kabuseni Francis, Katongo B Joseph, Katai Muposhi, Kante Hogart, Kapikila Peter, Malama Damani, Manda Masoka, Muposhi Katai, Muwowo Kelly, Mwalumuna Felix, Swaba Evans, Silomba Charles, Zimba Mary, Vincent Mukuka, Chinyanta Merine, Nobert Mukunto, Marjory Kamawu, Gilbert Chitalu, Hellen Mkandawire, Victor Mwape, Kawemba Ackim, Martin Mwansa, Kasenge Francis, Mwanda Rodgers, Sampa Edna, Dorothy Shimo, Rodwell Chulu, Phiri Isaac, Kamfwa Mofya, Lemmy Chibenga, Clement Gondo, Clara Chibuye, Mbewe Agness, Clement Mwelwa, Charity Mulenga, Mambwe Kasakula, Japhet Zulu, Banda Gideon, Sydin Shamutete, Pearson Hamwenda, Victor Mwitwa, Mercy Mumba, Elisah Titima, Misozi Phiri, Eric Mukuka, Benson Mulenga, Juliet Gondwe, Jay Jay Chilala, Joseph Sambumba, Christabel Chishala, Dennis Bwalya, Silver Lukwesa, Priscilla Lishiu, John L. Ngoma, George Lisomona, Mwenya Ignatius, Konkolo Kennedy, Humphrey Mulenga, Rashid B Mhango, Patrick Kambita, Dedu M. Sakala, Musa Chibawe, Chaba Chipili, Sikanyika Field, Hilary Chewe, Victoria Saina, Munyanga Kaluwa, Yvonne Katayi, Mwaka Nakweti, Kaoma Jousha, Chabala Bwalya, Charles Chanda, Elizabeth M Shumba, Clement Musiska, Lorrian Chisala, Gladys Ngandwe, Kasapo Mtembo, Dominic B. Chitondo, Angela Hagwagwa, Theresa Luhila, Chalwe Mutale, Andrew Kalonge, Weluzani Phiri, Griffson Moyo, Chishiba Kalusa, Martin Ngwata, Collins Chileshe, Derrick Mumba, Mbale M Paul, Malisar Kachima, Chibale Chisamo, Gift Nguni, Brighton Makumba, Benwell Siame, Mirriam Nkonde, John Kamanga, Kalembo D. Bwalya, Francis Chilala, Emmanual Lupikisha, Chrispin Kamfwa, Mwila Mwelwa, Jaquiline Mwape, George Kangwa, Mwangelwa Muyatwa, Chabala Rodwell, Ngambo Izambo, Hellen Chanda, Mutale Chibamba, Prosper Musonda, David K Kabwe, Mwanza Dickson, Mulenga Chiti, Richard Tembo, Clide Machalo, Bridget Zulu, Gloria Kapoko, Brian Muleba, Bwalya Gison, Musonda Nature, Mukuba Kaela, Derick Mumba, Chanda R, Kennedy Kabaghe, Jordan Mukwanka, Joseph Simusokwe, Betty Siachimpi, Frank Muwowo, Kalmia Tresford, Banda Blandina, Sharon Mazia, Beauty Changwe, Bupe Mwango B, Edgar Banda, Given Mwansa, Andrew Kangwa, Florence Ngosa, Robson Zulu, George Chisenga, Lucky Mubanga, Faith Kasanda, Nathan Simbeye, Max S Tailoka, Mathews Banda, Alex Talanti, Racheal M. Kapembwa, Levy Shonga, Kedrick Yabalwashi, Forbes Siyoka, Andrew Bwali, Mbale M. Paul, Dawry S Tembo, Enock Manengo, Suyvia Mweetwa, Catherin Sakala, Jessy Munguya, Emmanuel Numwa, Kolombo Whitney, Dorcas Nsalange, Mirriam Kambafwile, Kasapo Ntembo, Zulu Peter, Nyenda Kunda, Munsele Ignitius, Chama Musoka, Kelvin Bulaya, Martin Gwata, Greezer Shaputu, Bright Chama",,2023.0,FY2023,Payments,Total Payments,,310921980.0,,,,,,,Total payments for FY2023,Kitwe-C-C-2023-Financial-Statements-SIGNED.pdf,Statement of Cash Receipts,13.0,,
financial_statements_revenue_cdf,,,,,,,,,,KIT-AFS-2023-003,annual_financial_statement,"Mwaya Mpasa, Banda Saddock, Bwembya Charles, Chanda Rodgers, Chansa Fred, Chileshe Christopher, Chileshe Francis, Chiyaka Matthews, David Phiri, Kabuseni Francis, Katongo B Joseph, Katai Muposhi, Kante Hogart, Kapikila Peter, Malama Damani, Manda Masoka, Muposhi Katai, Muwowo Kelly, Mwalumuna Felix, Swaba Evans, Silomba Charles, Zimba Mary, Vincent Mukuka, Chinyanta Merine, Nobert Mukunto, Marjory Kamawu, Gilbert Chitalu, Hellen Mkandawire, Victor Mwape, Kawemba Ackim, Martin Mwansa, Kasenge Francis, Mwanda Rodgers, Sampa Edna, Dorothy Shimo, Rodwell Chulu, Phiri Isaac, Kamfwa Mofya, Lemmy Chibenga, Clement Gondo, Clara Chibuye, Mbewe Agness, Clement Mwelwa, Charity Mulenga, Mambwe Kasakula, Japhet Zulu, Banda Gideon, Sydin Shamutete, Pearson Hamwenda, Victor Mwitwa, Mercy Mumba, Elisah Titima, Misozi Phiri, Eric Mukuka, Benson Mulenga, Juliet Gondwe, Jay Jay Chilala, Joseph Sambumba, Christabel Chishala, Dennis Bwalya, Silver Lukwesa, Priscilla Lishiu, John L. Ngoma, George Lisomona, Mwenya Ignatius, Konkolo Kennedy, Humphrey Mulenga, Rashid B Mhango, Patrick Kambita, Dedu M. Sakala, Musa Chibawe, Chaba Chipili, Sikanyika Field, Hilary Chewe, Victoria Saina, Munyanga Kaluwa, Yvonne Katayi, Mwaka Nakweti, Kaoma Jousha, Chabala Bwalya, Charles Chanda, Elizabeth M Shumba, Clement Musiska, Lorrian Chisala, Gladys Ngandwe, Kasapo Mtembo, Dominic B. Chitondo, Angela Hagwagwa, Theresa Luhila, Chalwe Mutale, Andrew Kalonge, Weluzani Phiri, Griffson Moyo, Chishiba Kalusa, Martin Ngwata, Collins Chileshe, Derrick Mumba, Mbale M Paul, Malisar Kachima, Chibale Chisamo, Gift Nguni, Brighton Makumba, Benwell Siame, Mirriam Nkonde, John Kamanga, Kalembo D. Bwalya, Francis Chilala, Emmanual Lupikisha, Chrispin Kamfwa, Mwila Mwelwa, Jaquiline Mwape, George Kangwa, Mwangelwa Muyatwa, Chabala Rodwell, Ngambo Izambo, Hellen Chanda, Mutale Chibamba, Prosper Musonda, David K Kabwe, Mwanza Dickson, Mulenga Chiti, Richard Tembo, Clide Machalo, Bridget Zulu, Gloria Kapoko, Brian Muleba, Bwalya Gison, Musonda Nature, Mukuba Kaela, Derick Mumba, Chanda R, Kennedy Kabaghe, Jordan Mukwanka, Joseph Simusokwe, Betty Siachimpi, Frank Muwowo, Kalmia Tresford, Banda Blandina, Sharon Mazia, Beauty Changwe, Bupe Mwango B, Edgar Banda, Given Mwansa, Andrew Kangwa, Florence Ngosa, Robson Zulu, George Chisenga, Lucky Mubanga, Faith Kasanda, Nathan Simbeye, Max S Tailoka, Mathews Banda, Alex Talanti, Racheal M. Kapembwa, Levy Shonga, Kedrick Yabalwashi, Forbes Siyoka, Andrew Bwali, Mbale M. Paul, Dawry S Tembo, Enock Manengo, Suyvia Mweetwa, Catherin Sakala, Jessy Munguya, Emmanuel Numwa, Kolombo Whitney, Dorcas Nsalange, Mirriam Kambafwile, Kasapo Ntembo, Zulu Peter, Nyenda Kunda, Munsele Ignitius, Chama Musoka, Kelvin Bulaya, Martin Gwata, Greezer Shaputu, Bright Chama",,2023.0,FY2023,Net,Increase/(Decrease) in Cash,,17407994.0,,,,,,,Net cash movement FY2023,Kitwe-C-C-2023-Financial-Statements-SIGNED.pdf,Statement of Cash Receipts,13.0,,
financial_statements_revenue_cdf,,,,,,,,,,KIT-AFS-2024-001,annual_financial_statement,"Mwaya Mpasa, Banda Saddock, Bwembya Charles, Chanda Rodgers, Chansa Fred, Chileshe Christopher, Chileshe Francis, Chiyaka Matthews, David Phiri, Kabuseni Francis, Katongo B Joseph, Katai Muposhi, Kante Hogart, Kapikila Peter, Malama Damani, Manda Masoka, Muposhi Katai, Muwowo Kelly, Mwalumuna Felix, Swaba Evans, Silomba Charles, Zimba Mary, Vincent Mukuka, Chinyanta Merine, Nobert Mukunto, Marjory Kamawu, Gilbert Chitalu, Hellen Mkandawire, Victor Mwape, Kawemba Ackim, Martin Mwansa, Kasenge Francis, Mwanda Rodgers, Sampa Edna, Dorothy Shimo, Rodwell Chulu, Phiri Isaac, Kamfwa Mofya, Lemmy Chibenga, Clement Gondo, Clara Chibuye, Mbewe Agness, Clement Mwelwa, Charity Mulenga, Mambwe Kasakula, Japhet Zulu, Banda Gideon, Sydin Shamutete, Pearson Hamwenda, Victor Mwitwa, Mercy Mumba, Elisah Titima, Misozi Phiri, Eric Mukuka, Benson Mulenga, Juliet Gondwe, Jay Jay Chilala, Joseph Sambumba, Christabel Chishala, Dennis Bwalya, Silver Lukwesa, Priscilla Lishiu, John L. Ngoma, George Lisomona, Mwenya Ignatius, Konkolo Kennedy, Humphrey Mulenga, Rashid B Mhango, Patrick Kambita, Dedu M. Sakala, Musa Chibawe, Chaba Chipili, Sikanyika Field, Hilary Chewe, Victoria Saina, Munyanga Kaluwa, Yvonne Katayi, Mwaka Nakweti, Kaoma Jousha, Chabala Bwalya, Charles Chanda, Elizabeth M Shumba, Clement Musiska, Lorrian Chisala, Gladys Ngandwe, Kasapo Mtembo, Dominic B. Chitondo, Angela Hagwagwa, Theresa Luhila, Chalwe Mutale, Andrew Kalonge, Weluzani Phiri, Griffson Moyo, Chishiba Kalusa, Martin Ngwata, Collins Chileshe, Derrick Mumba, Mbale M Paul, Malisar Kachima, Chibale Chisamo, Gift Nguni, Brighton Makumba, Benwell Siame, Mirriam Nkonde, John Kamanga, Kalembo D. Bwalya, Francis Chilala, Emmanual Lupikisha, Chrispin Kamfwa, Mwila Mwelwa, Jaquiline Mwape, George Kangwa, Mwangelwa Muyatwa, Chabala Rodwell, Ngambo Izambo, Hellen Chanda, Mutale Chibamba, Prosper Musonda, David K Kabwe, Mwanza Dickson, Mulenga Chiti, Richard Tembo, Clide Machalo, Bridget Zulu, Gloria Kapoko, Brian Muleba, Bwalya Gison, Musonda Nature, Mukuba Kaela, Derick Mumba, Chanda R, Kennedy Kabaghe, Jordan Mukwanka, Joseph Simusokwe, Betty Siachimpi, Frank Muwowo, Kalmia Tresford, Banda Blandina, Sharon Mazia, Beauty Changwe, Bupe Mwango B, Edgar Banda, Given Mwansa, Andrew Kangwa, Florence Ngosa, Robson Zulu, George Chisenga, Lucky Mubanga, Faith Kasanda, Nathan Simbeye, Max S Tailoka, Mathews Banda, Alex Talanti, Racheal M. Kapembwa, Levy Shonga, Kedrick Yabalwashi, Forbes Siyoka, Andrew Bwali, Mbale M. Paul, Dawry S Tembo, Enock Manengo, Suyvia Mweetwa, Catherin Sakala, Jessy Munguya, Emmanuel Numwa, Kolombo Whitney, Dorcas Nsalange, Mirriam Kambafwile, Kasapo Ntembo, Zulu Peter, Nyenda Kunda, Munsele Ignitius, Chama Musoka, Kelvin Bulaya, Martin Gwata, Greezer Shaputu, Bright Chama",,2024.0,FY2024,Receipts,Total Cash Receipts,,368140890.0,,,,,,,Cash receipts for FY2024,Kitwe-C-C-2024-Audited-financial-statements-final-071125.pdf,Statement of Cash Receipts,13.0,,
financial_statements_revenue_cdf,,,,,,,,,,KIT-AFS-2024-002,annual_financial_statement,"Mwaya Mpasa, Banda Saddock, Bwembya Charles, Chanda Rodgers, Chansa Fred, Chileshe Christopher, Chileshe Francis, Chiyaka Matthews, David Phiri, Kabuseni Francis, Katongo B Joseph, Katai Muposhi, Kante Hogart, Kapikila Peter, Malama Damani, Manda Masoka, Muposhi Katai, Muwowo Kelly, Mwalumuna Felix, Swaba Evans, Silomba Charles, Zimba Mary, Vincent Mukuka, Chinyanta Merine, Nobert Mukunto, Marjory Kamawu, Gilbert Chitalu, Hellen Mkandawire, Victor Mwape, Kawemba Ackim, Martin Mwansa, Kasenge Francis, Mwanda Rodgers, Sampa Edna, Dorothy Shimo, Rodwell Chulu, Phiri Isaac, Kamfwa Mofya, Lemmy Chibenga, Clement Gondo, Clara Chibuye, Mbewe Agness, Clement Mwelwa, Charity Mulenga, Mambwe Kasakula, Japhet Zulu, Banda Gideon, Sydin Shamutete, Pearson Hamwenda, Victor Mwitwa, Mercy Mumba, Elisah Titima, Misozi Phiri, Eric Mukuka, Benson Mulenga, Juliet Gondwe, Jay Jay Chilala, Joseph Sambumba, Christabel Chishala, Dennis Bwalya, Silver Lukwesa, Priscilla Lishiu, John L. Ngoma, George Lisomona, Mwenya Ignatius, Konkolo Kennedy, Humphrey Mulenga, Rashid B Mhango, Patrick Kambita, Dedu M. Sakala, Musa Chibawe, Chaba Chipili, Sikanyika Field, Hilary Chewe, Victoria Saina, Munyanga Kaluwa, Yvonne Katayi, Mwaka Nakweti, Kaoma Jousha, Chabala Bwalya, Charles Chanda, Elizabeth M Shumba, Clement Musiska, Lorrian Chisala, Gladys Ngandwe, Kasapo Mtembo, Dominic B. Chitondo, Angela Hagwagwa, Theresa Luhila, Chalwe Mutale, Andrew Kalonge, Weluzani Phiri, Griffson Moyo, Chishiba Kalusa, Martin Ngwata, Collins Chileshe, Derrick Mumba, Mbale M Paul, Malisar Kachima, Chibale Chisamo, Gift Nguni, Brighton Makumba, Benwell Siame, Mirriam Nkonde, John Kamanga, Kalembo D. Bwalya, Francis Chilala, Emmanual Lupikisha, Chrispin Kamfwa, Mwila Mwelwa, Jaquiline Mwape, George Kangwa, Mwangelwa Muyatwa, Chabala Rodwell, Ngambo Izambo, Hellen Chanda, Mutale Chibamba, Prosper Musonda, David K Kabwe, Mwanza Dickson, Mulenga Chiti, Richard Tembo, Clide Machalo, Bridget Zulu, Gloria Kapoko, Brian Muleba, Bwalya Gison, Musonda Nature, Mukuba Kaela, Derick Mumba, Chanda R, Kennedy Kabaghe, Jordan Mukwanka, Joseph Simusokwe, Betty Siachimpi, Frank Muwowo, Kalmia Tresford, Banda Blandina, Sharon Mazia, Beauty Changwe, Bupe Mwango B, Edgar Banda, Given Mwansa, Andrew Kangwa, Florence Ngosa, Robson Zulu, George Chisenga, Lucky Mubanga, Faith Kasanda, Nathan Simbeye, Max S Tailoka, Mathews Banda, Alex Talanti, Racheal M. Kapembwa, Levy Shonga, Kedrick Yabalwashi, Forbes Siyoka, Andrew Bwali, Mbale M. Paul, Dawry S Tembo, Enock Manengo, Suyvia Mweetwa, Catherin Sakala, Jessy Munguya, Emmanuel Numwa, Kolombo Whitney, Dorcas Nsalange, Mirriam Kambafwile, Kasapo Ntembo, Zulu Peter, Nyenda Kunda, Munsele Ignitius, Chama Musoka, Kelvin Bulaya, Martin Gwata, Greezer Shaputu, Bright Chama",,2024.0,FY2024,Payments,Total Payments,,461956584.0,,,,,,,Total payments for FY2024,Kitwe-C-C-2024-Audited-financial-statements-final-071125.pdf,Statement of Cash Receipts,13.0,,
financial_statements_revenue_cdf,,,,,,,,,,KIT-AFS-2024-003,annual_financial_statement,"Mwaya Mpasa, Banda Saddock, Bwembya Charles, Chanda Rodgers, Chansa Fred, Chileshe Christopher, Chileshe Francis, Chiyaka Matthews, David Phiri, Kabuseni Francis, Katongo B Joseph, Katai Muposhi, Kante Hogart, Kapikila Peter, Malama Damani, Manda Masoka, Muposhi Katai, Muwowo Kelly, Mwalumuna Felix, Swaba Evans, Silomba Charles, Zimba Mary, Vincent Mukuka, Chinyanta Merine, Nobert Mukunto, Marjory Kamawu, Gilbert Chitalu, Hellen Mkandawire, Victor Mwape, Kawemba Ackim, Martin Mwansa, Kasenge Francis, Mwanda Rodgers, Sampa Edna, Dorothy Shimo, Rodwell Chulu, Phiri Isaac, Kamfwa Mofya, Lemmy Chibenga, Clement Gondo, Clara Chibuye, Mbewe Agness, Clement Mwelwa, Charity Mulenga, Mambwe Kasakula, Japhet Zulu, Banda Gideon, Sydin Shamutete, Pearson Hamwenda, Victor Mwitwa, Mercy Mumba, Elisah Titima, Misozi Phiri, Eric Mukuka, Benson Mulenga, Juliet Gondwe, Jay Jay Chilala, Joseph Sambumba, Christabel Chishala, Dennis Bwalya, Silver Lukwesa, Priscilla Lishiu, John L. Ngoma, George Lisomona, Mwenya Ignatius, Konkolo Kennedy, Humphrey Mulenga, Rashid B Mhango, Patrick Kambita, Dedu M. Sakala, Musa Chibawe, Chaba Chipili, Sikanyika Field, Hilary Chewe, Victoria Saina, Munyanga Kaluwa, Yvonne Katayi, Mwaka Nakweti, Kaoma Jousha, Chabala Bwalya, Charles Chanda, Elizabeth M Shumba, Clement Musiska, Lorrian Chisala, Gladys Ngandwe, Kasapo Mtembo, Dominic B. Chitondo, Angela Hagwagwa, Theresa Luhila, Chalwe Mutale, Andrew Kalonge, Weluzani Phiri, Griffson Moyo, Chishiba Kalusa, Martin Ngwata, Collins Chileshe, Derrick Mumba, Mbale M Paul, Malisar Kachima, Chibale Chisamo, Gift Nguni, Brighton Makumba, Benwell Siame, Mirriam Nkonde, John Kamanga, Kalembo D. Bwalya, Francis Chilala, Emmanual Lupikisha, Chrispin Kamfwa, Mwila Mwelwa, Jaquiline Mwape, George Kangwa, Mwangelwa Muyatwa, Chabala Rodwell, Ngambo Izambo, Hellen Chanda, Mutale Chibamba, Prosper Musonda, David K Kabwe, Mwanza Dickson, Mulenga Chiti, Richard Tembo, Clide Machalo, Bridget Zulu, Gloria Kapoko, Brian Muleba, Bwalya Gison, Musonda Nature, Mukuba Kaela, Derick Mumba, Chanda R, Kennedy Kabaghe, Jordan Mukwanka, Joseph Simusokwe, Betty Siachimpi, Frank Muwowo, Kalmia Tresford, Banda Blandina, Sharon Mazia, Beauty Changwe, Bupe Mwango B, Edgar Banda, Given Mwansa, Andrew Kangwa, Florence Ngosa, Robson Zulu, George Chisenga, Lucky Mubanga, Faith Kasanda, Nathan Simbeye, Max S Tailoka, Mathews Banda, Alex Talanti, Racheal M. Kapembwa, Levy Shonga, Kedrick Yabalwashi, Forbes Siyoka, Andrew Bwali, Mbale M. Paul, Dawry S Tembo, Enock Manengo, Suyvia Mweetwa, Catherin Sakala, Jessy Munguya, Emmanuel Numwa, Kolombo Whitney, Dorcas Nsalange, Mirriam Kambafwile, Kasapo Ntembo, Zulu Peter, Nyenda Kunda, Munsele Ignitius, Chama Musoka, Kelvin Bulaya, Martin Gwata, Greezer Shaputu, Bright Chama",,2024.0,FY2024,Net,Increase/(Decrease) in Cash,,-93815694.0,,,,,,,Net cash movement FY2024 (deficit),Kitwe-C-C-2024-Audited-financial-statements-final-071125.pdf,Statement of Cash Receipts,13.0,,
financial_statements_revenue_cdf,,,,,,,,,,KIT-AFS-2024-004,annual_financial_statement,"Mwaya Mpasa, Banda Saddock, Bwembya Charles, Chanda Rodgers, Chansa Fred, Chileshe Christopher, Chileshe Francis, Chiyaka Matthews, David Phiri, Kabuseni Francis, Katongo B Joseph, Katai Muposhi, Kante Hogart, Kapikila Peter, Malama Damani, Manda Masoka, Muposhi Katai, Muwowo Kelly, Mwalumuna Felix, Swaba Evans, Silomba Charles, Zimba Mary, Vincent Mukuka, Chinyanta Merine, Nobert Mukunto, Marjory Kamawu, Gilbert Chitalu, Hellen Mkandawire, Victor Mwape, Kawemba Ackim, Martin Mwansa, Kasenge Francis, Mwanda Rodgers, Sampa Edna, Dorothy Shimo, Rodwell Chulu, Phiri Isaac, Kamfwa Mofya, Lemmy Chibenga, Clement Gondo, Clara Chibuye, Mbewe Agness, Clement Mwelwa, Charity Mulenga, Mambwe Kasakula, Japhet Zulu, Banda Gideon, Sydin Shamutete, Pearson Hamwenda, Victor Mwitwa, Mercy Mumba, Elisah Titima, Misozi Phiri, Eric Mukuka, Benson Mulenga, Juliet Gondwe, Jay Jay Chilala, Joseph Sambumba, Christabel Chishala, Dennis Bwalya, Silver Lukwesa, Priscilla Lishiu, John L. Ngoma, George Lisomona, Mwenya Ignatius, Konkolo Kennedy, Humphrey Mulenga, Rashid B Mhango, Patrick Kambita, Dedu M. Sakala, Musa Chibawe, Chaba Chipili, Sikanyika Field, Hilary Chewe, Victoria Saina, Munyanga Kaluwa, Yvonne Katayi, Mwaka Nakweti, Kaoma Jousha, Chabala Bwalya, Charles Chanda, Elizabeth M Shumba, Clement Musiska, Lorrian Chisala, Gladys Ngandwe, Kasapo Mtembo, Dominic B. Chitondo, Angela Hagwagwa, Theresa Luhila, Chalwe Mutale, Andrew Kalonge, Weluzani Phiri, Griffson Moyo, Chishiba Kalusa, Martin Ngwata, Collins Chileshe, Derrick Mumba, Mbale M Paul, Malisar Kachima, Chibale Chisamo, Gift Nguni, Brighton Makumba, Benwell Siame, Mirriam Nkonde, John Kamanga, Kalembo D. Bwalya, Francis Chilala, Emmanual Lupikisha, Chrispin Kamfwa, Mwila Mwelwa, Jaquiline Mwape, George Kangwa, Mwangelwa Muyatwa, Chabala Rodwell, Ngambo Izambo, Hellen Chanda, Mutale Chibamba, Prosper Musonda, David K Kabwe, Mwanza Dickson, Mulenga Chiti, Richard Tembo, Clide Machalo, Bridget Zulu, Gloria Kapoko, Brian Muleba, Bwalya Gison, Musonda Nature, Mukuba Kaela, Derick Mumba, Chanda R, Kennedy Kabaghe, Jordan Mukwanka, Joseph Simusokwe, Betty Siachimpi, Frank Muwowo, Kalmia Tresford, Banda Blandina, Sharon Mazia, Beauty Changwe, Bupe Mwango B, Edgar Banda, Given Mwansa, Andrew Kangwa, Florence Ngosa, Robson Zulu, George Chisenga, Lucky Mubanga, Faith Kasanda, Nathan Simbeye, Max S Tailoka, Mathews Banda, Alex Talanti, Racheal M. Kapembwa, Levy Shonga, Kedrick Yabalwashi, Forbes Siyoka, Andrew Bwali, Mbale M. Paul, Dawry S Tembo, Enock Manengo, Suyvia Mweetwa, Catherin Sakala, Jessy Munguya, Emmanuel Numwa, Kolombo Whitney, Dorcas Nsalange, Mirriam Kambafwile, Kasapo Ntembo, Zulu Peter, Nyenda Kunda, Munsele Ignitius, Chama Musoka, Kelvin Bulaya, Martin Gwata, Greezer Shaputu, Bright Chama",,2024.0,FY2024,Balance,Cash at end of year,,28586495.0,,,,,,,Closing cash balance 2024,Kitwe-C-C-2024-Audited-financial-statements-final-071125.pdf,Statement of Cash Receipts,13.0,,
financial_statements_revenue_cdf,,,,,,,,,,KIT-REV-2018-LT-001,revenue_line_annual,"Mwaya Mpasa, Banda Saddock, Bwembya Charles, Chanda Rodgers, Chansa Fred, Chileshe Christopher, Chileshe Francis, Chiyaka Matthews, David Phiri, Kabuseni Francis, Katongo B Joseph, Katai Muposhi, Kante Hogart, Kapikila Peter, Malama Damani, Manda Masoka, Muposhi Katai, Muwowo Kelly, Mwalumuna Felix, Swaba Evans, Silomba Charles, Zimba Mary, Vincent Mukuka, Chinyanta Merine, Nobert Mukunto, Marjory Kamawu, Gilbert Chitalu, Hellen Mkandawire, Victor Mwape, Kawemba Ackim, Martin Mwansa, Kasenge Francis, Mwanda Rodgers, Sampa Edna, Dorothy Shimo, Rodwell Chulu, Phiri Isaac, Kamfwa Mofya, Lemmy Chibenga, Clement Gondo, Clara Chibuye, Mbewe Agness, Clement Mwelwa, Charity Mulenga, Mambwe Kasakula, Japhet Zulu, Banda Gideon, Sydin Shamutete, Pearson Hamwenda, Victor Mwitwa, Mercy Mumba, Elisah Titima, Misozi Phiri, Eric Mukuka, Benson Mulenga, Juliet Gondwe, Jay Jay Chilala, Joseph Sambumba, Christabel Chishala, Dennis Bwalya, Silver Lukwesa, Priscilla Lishiu, John L. Ngoma, George Lisomona, Mwenya Ignatius, Konkolo Kennedy, Humphrey Mulenga, Rashid B Mhango, Patrick Kambita, Dedu M. Sakala, Musa Chibawe, Chaba Chipili, Sikanyika Field, Hilary Chewe, Victoria Saina, Munyanga Kaluwa, Yvonne Katayi, Mwaka Nakweti, Kaoma Jousha, Chabala Bwalya, Charles Chanda, Elizabeth M Shumba, Clement Musiska, Lorrian Chisala, Gladys Ngandwe, Kasapo Mtembo, Dominic B. Chitondo, Angela Hagwagwa, Theresa Luhila, Chalwe Mutale, Andrew Kalonge, Weluzani Phiri, Griffson Moyo, Chishiba Kalusa, Martin Ngwata, Collins Chileshe, Derrick Mumba, Mbale M Paul, Malisar Kachima, Chibale Chisamo, Gift Nguni, Brighton Makumba, Benwell Siame, Mirriam Nkonde, John Kamanga, Kalembo D. Bwalya, Francis Chilala, Emmanual Lupikisha, Chrispin Kamfwa, Mwila Mwelwa, Jaquiline Mwape, George Kangwa, Mwangelwa Muyatwa, Chabala Rodwell, Ngambo Izambo, Hellen Chanda, Mutale Chibamba, Prosper Musonda, David K Kabwe, Mwanza Dickson, Mulenga Chiti, Richard Tembo, Clide Machalo, Bridget Zulu, Gloria Kapoko, Brian Muleba, Bwalya Gison, Musonda Nature, Mukuba Kaela, Derick Mumba, Chanda R, Kennedy Kabaghe, Jordan Mukwanka, Joseph Simusokwe, Betty Siachimpi, Frank Muwowo, Kalmia Tresford, Banda Blandina, Sharon Mazia, Beauty Changwe, Bupe Mwango B, Edgar Banda, Given Mwansa, Andrew Kangwa, Florence Ngosa, Robson Zulu, George Chisenga, Lucky Mubanga, Faith Kasanda, Nathan Simbeye, Max S Tailoka, Mathews Banda, Alex Talanti, Racheal M. Kapembwa, Levy Shonga, Kedrick Yabalwashi, Forbes Siyoka, Andrew Bwali, Mbale M. Paul, Dawry S Tembo, Enock Manengo, Suyvia Mweetwa, Catherin Sakala, Jessy Munguya, Emmanuel Numwa, Kolombo Whitney, Dorcas Nsalange, Mirriam Kambafwile, Kasapo Ntembo, Zulu Peter, Nyenda Kunda, Munsele Ignitius, Chama Musoka, Kelvin Bulaya, Martin Gwata, Greezer Shaputu, Bright Chama",,2018.0,FY2018,Local Taxes,Residential Rates,,8398610.0,,,,,,,FY2018 residential rates,Kitwe-City-Council-2018-FS.pdf,Note 2,19.0,,
financial_statements_revenue_cdf,,,,,,,,,,KIT-REV-2018-LT-002,revenue_line_annual,"Mwaya Mpasa, Banda Saddock, Bwembya Charles, Chanda Rodgers, Chansa Fred, Chileshe Christopher, Chileshe Francis, Chiyaka Matthews, David Phiri, Kabuseni Francis, Katongo B Joseph, Katai Muposhi, Kante Hogart, Kapikila Peter, Malama Damani, Manda Masoka, Muposhi Katai, Muwowo Kelly, Mwalumuna Felix, Swaba Evans, Silomba Charles, Zimba Mary, Vincent Mukuka, Chinyanta Merine, Nobert Mukunto, Marjory Kamawu, Gilbert Chitalu, Hellen Mkandawire, Victor Mwape, Kawemba Ackim, Martin Mwansa, Kasenge Francis, Mwanda Rodgers, Sampa Edna, Dorothy Shimo, Rodwell Chulu, Phiri Isaac, Kamfwa Mofya, Lemmy Chibenga, Clement Gondo, Clara Chibuye, Mbewe Agness, Clement Mwelwa, Charity Mulenga, Mambwe Kasakula, Japhet Zulu, Banda Gideon, Sydin Shamutete, Pearson Hamwenda, Victor Mwitwa, Mercy Mumba, Elisah Titima, Misozi Phiri, Eric Mukuka, Benson Mulenga, Juliet Gondwe, Jay Jay Chilala, Joseph Sambumba, Christabel Chishala, Dennis Bwalya, Silver Lukwesa, Priscilla Lishiu, John L. Ngoma, George Lisomona, Mwenya Ignatius, Konkolo Kennedy, Humphrey Mulenga, Rashid B Mhango, Patrick Kambita, Dedu M. Sakala, Musa Chibawe, Chaba Chipili, Sikanyika Field, Hilary Chewe, Victoria Saina, Munyanga Kaluwa, Yvonne Katayi, Mwaka Nakweti, Kaoma Jousha, Chabala Bwalya, Charles Chanda, Elizabeth M Shumba, Clement Musiska, Lorrian Chisala, Gladys Ngandwe, Kasapo Mtembo, Dominic B. Chitondo, Angela Hagwagwa, Theresa Luhila, Chalwe Mutale, Andrew Kalonge, Weluzani Phiri, Griffson Moyo, Chishiba Kalusa, Martin Ngwata, Collins Chileshe, Derrick Mumba, Mbale M Paul, Malisar Kachima, Chibale Chisamo, Gift Nguni, Brighton Makumba, Benwell Siame, Mirriam Nkonde, John Kamanga, Kalembo D. Bwalya, Francis Chilala, Emmanual Lupikisha, Chrispin Kamfwa, Mwila Mwelwa, Jaquiline Mwape, George Kangwa, Mwangelwa Muyatwa, Chabala Rodwell, Ngambo Izambo, Hellen Chanda, Mutale Chibamba, Prosper Musonda, David K Kabwe, Mwanza Dickson, Mulenga Chiti, Richard Tembo, Clide Machalo, Bridget Zulu, Gloria Kapoko, Brian Muleba, Bwalya Gison, Musonda Nature, Mukuba Kaela, Derick Mumba, Chanda R, Kennedy Kabaghe, Jordan Mukwanka, Joseph Simusokwe, Betty Siachimpi, Frank Muwowo, Kalmia Tresford, Banda Blandina, Sharon Mazia, Beauty Changwe, Bupe Mwango B, Edgar Banda, Given Mwansa, Andrew Kangwa, Florence Ngosa, Robson Zulu, George Chisenga, Lucky Mubanga, Faith Kasanda, Nathan Simbeye, Max S Tailoka, Mathews Banda, Alex Talanti, Racheal M. Kapembwa, Levy Shonga, Kedrick Yabalwashi, Forbes Siyoka, Andrew Bwali, Mbale M. Paul, Dawry S Tembo, Enock Manengo, Suyvia Mweetwa, Catherin Sakala, Jessy Munguya, Emmanuel Numwa, Kolombo Whitney, Dorcas Nsalange, Mirriam Kambafwile, Kasapo Ntembo, Zulu Peter, Nyenda Kunda, Munsele Ignitius, Chama Musoka, Kelvin Bulaya, Martin Gwata, Greezer Shaputu, Bright Chama",,2018.0,FY2018,Local Taxes,Industrial/Commercial Rates,,15704892.0,,,,,,,FY2018 industrial/commercial rates,Kitwe-City-Council-2018-FS.pdf,Note 2,19.0,,
financial_statements_revenue_cdf,,,,,,,,,,KIT-REV-2018-LT-003,revenue_line_annual,"Mwaya Mpasa, Banda Saddock, Bwembya Charles, Chanda Rodgers, Chansa Fred, Chileshe Christopher, Chileshe Francis, Chiyaka Matthews, David Phiri, Kabuseni Francis, Katongo B Joseph, Katai Muposhi, Kante Hogart, Kapikila Peter, Malama Damani, Manda Masoka, Muposhi Katai, Muwowo Kelly, Mwalumuna Felix, Swaba Evans, Silomba Charles, Zimba Mary, Vincent Mukuka, Chinyanta Merine, Nobert Mukunto, Marjory Kamawu, Gilbert Chitalu, Hellen Mkandawire, Victor Mwape, Kawemba Ackim, Martin Mwansa, Kasenge Francis, Mwanda Rodgers, Sampa Edna, Dorothy Shimo, Rodwell Chulu, Phiri Isaac, Kamfwa Mofya, Lemmy Chibenga, Clement Gondo, Clara Chibuye, Mbewe Agness, Clement Mwelwa, Charity Mulenga, Mambwe Kasakula, Japhet Zulu, Banda Gideon, Sydin Shamutete, Pearson Hamwenda, Victor Mwitwa, Mercy Mumba, Elisah Titima, Misozi Phiri, Eric Mukuka, Benson Mulenga, Juliet Gondwe, Jay Jay Chilala, Joseph Sambumba, Christabel Chishala, Dennis Bwalya, Silver Lukwesa, Priscilla Lishiu, John L. Ngoma, George Lisomona, Mwenya Ignatius, Konkolo Kennedy, Humphrey Mulenga, Rashid B Mhango, Patrick Kambita, Dedu M. Sakala, Musa Chibawe, Chaba Chipili, Sikanyika Field, Hilary Chewe, Victoria Saina, Munyanga Kaluwa, Yvonne Katayi, Mwaka Nakweti, Kaoma Jousha, Chabala Bwalya, Charles Chanda, Elizabeth M Shumba, Clement Musiska, Lorrian Chisala, Gladys Ngandwe, Kasapo Mtembo, Dominic B. Chitondo, Angela Hagwagwa, Theresa Luhila, Chalwe Mutale, Andrew Kalonge, Weluzani Phiri, Griffson Moyo, Chishiba Kalusa, Martin Ngwata, Collins Chileshe, Derrick Mumba, Mbale M Paul, Malisar Kachima, Chibale Chisamo, Gift Nguni, Brighton Makumba, Benwell Siame, Mirriam Nkonde, John Kamanga, Kalembo D. Bwalya, Francis Chilala, Emmanual Lupikisha, Chrispin Kamfwa, Mwila Mwelwa, Jaquiline Mwape, George Kangwa, Mwangelwa Muyatwa, Chabala Rodwell, Ngambo Izambo, Hellen Chanda, Mutale Chibamba, Prosper Musonda, David K Kabwe, Mwanza Dickson, Mulenga Chiti, Richard Tembo, Clide Machalo, Bridget Zulu, Gloria Kapoko, Brian Muleba, Bwalya Gison, Musonda Nature, Mukuba Kaela, Derick Mumba, Chanda R, Kennedy Kabaghe, Jordan Mukwanka, Joseph Simusokwe, Betty Siachimpi, Frank Muwowo, Kalmia Tresford, Banda Blandina, Sharon Mazia, Beauty Changwe, Bupe Mwango B, Edgar Banda, Given Mwansa, Andrew Kangwa, Florence Ngosa, Robson Zulu, George Chisenga, Lucky Mubanga, Faith Kasanda, Nathan Simbeye, Max S Tailoka, Mathews Banda, Alex Talanti, Racheal M. Kapembwa, Levy Shonga, Kedrick Yabalwashi, Forbes Siyoka, Andrew Bwali, Mbale M. Paul, Dawry S Tembo, Enock Manengo, Suyvia Mweetwa, Catherin Sakala, Jessy Munguya, Emmanuel Numwa, Kolombo Whitney, Dorcas Nsalange, Mirriam Kambafwile, Kasapo Ntembo, Zulu Peter, Nyenda Kunda, Munsele Ignitius, Chama Musoka, Kelvin Bulaya, Martin Gwata, Greezer Shaputu, Bright Chama",,2018.0,FY2018,Local Taxes,Mining Rates,,10867813.0,,,,,,,FY2018 mining rates,Kitwe-City-Council-2018-FS.pdf,Note 2,19.0,,
financial_statements_revenue_cdf,,,,,,,,,,KIT-REV-2018-LT-004,revenue_line_annual,"Mwaya Mpasa, Banda Saddock, Bwembya Charles, Chanda Rodgers, Chansa Fred, Chileshe Christopher, Chileshe Francis, Chiyaka Matthews, David Phiri, Kabuseni Francis, Katongo B Joseph, Katai Muposhi, Kante Hogart, Kapikila Peter, Malama Damani, Manda Masoka, Muposhi Katai, Muwowo Kelly, Mwalumuna Felix, Swaba Evans, Silomba Charles, Zimba Mary, Vincent Mukuka, Chinyanta Merine, Nobert Mukunto, Marjory Kamawu, Gilbert Chitalu, Hellen Mkandawire, Victor Mwape, Kawemba Ackim, Martin Mwansa, Kasenge Francis, Mwanda Rodgers, Sampa Edna, Dorothy Shimo, Rodwell Chulu, Phiri Isaac, Kamfwa Mofya, Lemmy Chibenga, Clement Gondo, Clara Chibuye, Mbewe Agness, Clement Mwelwa, Charity Mulenga, Mambwe Kasakula, Japhet Zulu, Banda Gideon, Sydin Shamutete, Pearson Hamwenda, Victor Mwitwa, Mercy Mumba, Elisah Titima, Misozi Phiri, Eric Mukuka, Benson Mulenga, Juliet Gondwe, Jay Jay Chilala, Joseph Sambumba, Christabel Chishala, Dennis Bwalya, Silver Lukwesa, Priscilla Lishiu, John L. Ngoma, George Lisomona, Mwenya Ignatius, Konkolo Kennedy, Humphrey Mulenga, Rashid B Mhango, Patrick Kambita, Dedu M. Sakala, Musa Chibawe, Chaba Chipili, Sikanyika Field, Hilary Chewe, Victoria Saina, Munyanga Kaluwa, Yvonne Katayi, Mwaka Nakweti, Kaoma Jousha, Chabala Bwalya, Charles Chanda, Elizabeth M Shumba, Clement Musiska, Lorrian Chisala, Gladys Ngandwe, Kasapo Mtembo, Dominic B. Chitondo, Angela Hagwagwa, Theresa Luhila, Chalwe Mutale, Andrew Kalonge, Weluzani Phiri, Griffson Moyo, Chishiba Kalusa, Martin Ngwata, Collins Chileshe, Derrick Mumba, Mbale M Paul, Malisar Kachima, Chibale Chisamo, Gift Nguni, Brighton Makumba, Benwell Siame, Mirriam Nkonde, John Kamanga, Kalembo D. Bwalya, Francis Chilala, Emmanual Lupikisha, Chrispin Kamfwa, Mwila Mwelwa, Jaquiline Mwape, George Kangwa, Mwangelwa Muyatwa, Chabala Rodwell, Ngambo Izambo, Hellen Chanda, Mutale Chibamba, Prosper Musonda, David K Kabwe, Mwanza Dickson, Mulenga Chiti, Richard Tembo, Clide Machalo, Bridget Zulu, Gloria Kapoko, Brian Muleba, Bwalya Gison, Musonda Nature, Mukuba Kaela, Derick Mumba, Chanda R, Kennedy Kabaghe, Jordan Mukwanka, Joseph Simusokwe, Betty Siachimpi, Frank Muwowo, Kalmia Tresford, Banda Blandina, Sharon Mazia, Beauty Changwe, Bupe Mwango B, Edgar Banda, Given Mwansa, Andrew Kangwa, Florence Ngosa, Robson Zulu, George Chisenga, Lucky Mubanga, Faith Kasanda, Nathan Simbeye, Max S Tailoka, Mathews Banda, Alex Talanti, Racheal M. Kapembwa, Levy Shonga, Kedrick Yabalwashi, Forbes Siyoka, Andrew Bwali, Mbale M. Paul, Dawry S Tembo, Enock Manengo, Suyvia Mweetwa, Catherin Sakala, Jessy Munguya, Emmanuel Numwa, Kolombo Whitney, Dorcas Nsalange, Mirriam Kambafwile, Kasapo Ntembo, Zulu Peter, Nyenda Kunda, Munsele Ignitius, Chama Musoka, Kelvin Bulaya, Martin Gwata, Greezer Shaputu, Bright Chama",,2018.0,FY2018,Local Taxes,Personal Levy,,215019.0,,,,,,,FY2018 personal levy,Kitwe-City-Council-2018-FS.pdf,Note 2,19.0,,
financial_statements_revenue_cdf,,,,,,,,,,KIT-REV-2019-LT-001,revenue_line_annual,"Mwaya Mpasa, Banda Saddock, Bwembya Charles, Chanda Rodgers, Chansa Fred, Chileshe Christopher, Chileshe Francis, Chiyaka Matthews, David Phiri, Kabuseni Francis, Katongo B Joseph, Katai Muposhi, Kante Hogart, Kapikila Peter, Malama Damani, Manda Masoka, Muposhi Katai, Muwowo Kelly, Mwalumuna Felix, Swaba Evans, Silomba Charles, Zimba Mary, Vincent Mukuka, Chinyanta Merine, Nobert Mukunto, Marjory Kamawu, Gilbert Chitalu, Hellen Mkandawire, Victor Mwape, Kawemba Ackim, Martin Mwansa, Kasenge Francis, Mwanda Rodgers, Sampa Edna, Dorothy Shimo, Rodwell Chulu, Phiri Isaac, Kamfwa Mofya, Lemmy Chibenga, Clement Gondo, Clara Chibuye, Mbewe Agness, Clement Mwelwa, Charity Mulenga, Mambwe Kasakula, Japhet Zulu, Banda Gideon, Sydin Shamutete, Pearson Hamwenda, Victor Mwitwa, Mercy Mumba, Elisah Titima, Misozi Phiri, Eric Mukuka, Benson Mulenga, Juliet Gondwe, Jay Jay Chilala, Joseph Sambumba, Christabel Chishala, Dennis Bwalya, Silver Lukwesa, Priscilla Lishiu, John L. Ngoma, George Lisomona, Mwenya Ignatius, Konkolo Kennedy, Humphrey Mulenga, Rashid B Mhango, Patrick Kambita, Dedu M. Sakala, Musa Chibawe, Chaba Chipili, Sikanyika Field, Hilary Chewe, Victoria Saina, Munyanga Kaluwa, Yvonne Katayi, Mwaka Nakweti, Kaoma Jousha, Chabala Bwalya, Charles Chanda, Elizabeth M Shumba, Clement Musiska, Lorrian Chisala, Gladys Ngandwe, Kasapo Mtembo, Dominic B. Chitondo, Angela Hagwagwa, Theresa Luhila, Chalwe Mutale, Andrew Kalonge, Weluzani Phiri, Griffson Moyo, Chishiba Kalusa, Martin Ngwata, Collins Chileshe, Derrick Mumba, Mbale M Paul, Malisar Kachima, Chibale Chisamo, Gift Nguni, Brighton Makumba, Benwell Siame, Mirriam Nkonde, John Kamanga, Kalembo D. Bwalya, Francis Chilala, Emmanual Lupikisha, Chrispin Kamfwa, Mwila Mwelwa, Jaquiline Mwape, George Kangwa, Mwangelwa Muyatwa, Chabala Rodwell, Ngambo Izambo, Hellen Chanda, Mutale Chibamba, Prosper Musonda, David K Kabwe, Mwanza Dickson, Mulenga Chiti, Richard Tembo, Clide Machalo, Bridget Zulu, Gloria Kapoko, Brian Muleba, Bwalya Gison, Musonda Nature, Mukuba Kaela, Derick Mumba, Chanda R, Kennedy Kabaghe, Jordan Mukwanka, Joseph Simusokwe, Betty Siachimpi, Frank Muwowo, Kalmia Tresford, Banda Blandina, Sharon Mazia, Beauty Changwe, Bupe Mwango B, Edgar Banda, Given Mwansa, Andrew Kangwa, Florence Ngosa, Robson Zulu, George Chisenga, Lucky Mubanga, Faith Kasanda, Nathan Simbeye, Max S Tailoka, Mathews Banda, Alex Talanti, Racheal M. Kapembwa, Levy Shonga, Kedrick Yabalwashi, Forbes Siyoka, Andrew Bwali, Mbale M. Paul, Dawry S Tembo, Enock Manengo, Suyvia Mweetwa, Catherin Sakala, Jessy Munguya, Emmanuel Numwa, Kolombo Whitney, Dorcas Nsalange, Mirriam Kambafwile, Kasapo Ntembo, Zulu Peter, Nyenda Kunda, Munsele Ignitius, Chama Musoka, Kelvin Bulaya, Martin Gwata, Greezer Shaputu, Bright Chama",,2019.0,FY2019,Local Taxes,Residential Rates,,10159553.0,,,,,,,FY2019 residential rates,Kitwe-City-Council-2019-FS.pdf,Note 2,21.0,,
financial_statements_revenue_cdf,,,,,,,,,,KIT-REV-2019-LT-002,revenue_line_annual,"Mwaya Mpasa, Banda Saddock, Bwembya Charles, Chanda Rodgers, Chansa Fred, Chileshe Christopher, Chileshe Francis, Chiyaka Matthews, David Phiri, Kabuseni Francis, Katongo B Joseph, Katai Muposhi, Kante Hogart, Kapikila Peter, Malama Damani, Manda Masoka, Muposhi Katai, Muwowo Kelly, Mwalumuna Felix, Swaba Evans, Silomba Charles, Zimba Mary, Vincent Mukuka, Chinyanta Merine, Nobert Mukunto, Marjory Kamawu, Gilbert Chitalu, Hellen Mkandawire, Victor Mwape, Kawemba Ackim, Martin Mwansa, Kasenge Francis, Mwanda Rodgers, Sampa Edna, Dorothy Shimo, Rodwell Chulu, Phiri Isaac, Kamfwa Mofya, Lemmy Chibenga, Clement Gondo, Clara Chibuye, Mbewe Agness, Clement Mwelwa, Charity Mulenga, Mambwe Kasakula, Japhet Zulu, Banda Gideon, Sydin Shamutete, Pearson Hamwenda, Victor Mwitwa, Mercy Mumba, Elisah Titima, Misozi Phiri, Eric Mukuka, Benson Mulenga, Juliet Gondwe, Jay Jay Chilala, Joseph Sambumba, Christabel Chishala, Dennis Bwalya, Silver Lukwesa, Priscilla Lishiu, John L. Ngoma, George Lisomona, Mwenya Ignatius, Konkolo Kennedy, Humphrey Mulenga, Rashid B Mhango, Patrick Kambita, Dedu M. Sakala, Musa Chibawe, Chaba Chipili, Sikanyika Field, Hilary Chewe, Victoria Saina, Munyanga Kaluwa, Yvonne Katayi, Mwaka Nakweti, Kaoma Jousha, Chabala Bwalya, Charles Chanda, Elizabeth M Shumba, Clement Musiska, Lorrian Chisala, Gladys Ngandwe, Kasapo Mtembo, Dominic B. Chitondo, Angela Hagwagwa, Theresa Luhila, Chalwe Mutale, Andrew Kalonge, Weluzani Phiri, Griffson Moyo, Chishiba Kalusa, Martin Ngwata, Collins Chileshe, Derrick Mumba, Mbale M Paul, Malisar Kachima, Chibale Chisamo, Gift Nguni, Brighton Makumba, Benwell Siame, Mirriam Nkonde, John Kamanga, Kalembo D. Bwalya, Francis Chilala, Emmanual Lupikisha, Chrispin Kamfwa, Mwila Mwelwa, Jaquiline Mwape, George Kangwa, Mwangelwa Muyatwa, Chabala Rodwell, Ngambo Izambo, Hellen Chanda, Mutale Chibamba, Prosper Musonda, David K Kabwe, Mwanza Dickson, Mulenga Chiti, Richard Tembo, Clide Machalo, Bridget Zulu, Gloria Kapoko, Brian Muleba, Bwalya Gison, Musonda Nature, Mukuba Kaela, Derick Mumba, Chanda R, Kennedy Kabaghe, Jordan Mukwanka, Joseph Simusokwe, Betty Siachimpi, Frank Muwowo, Kalmia Tresford, Banda Blandina, Sharon Mazia, Beauty Changwe, Bupe Mwango B, Edgar Banda, Given Mwansa, Andrew Kangwa, Florence Ngosa, Robson Zulu, George Chisenga, Lucky Mubanga, Faith Kasanda, Nathan Simbeye, Max S Tailoka, Mathews Banda, Alex Talanti, Racheal M. Kapembwa, Levy Shonga, Kedrick Yabalwashi, Forbes Siyoka, Andrew Bwali, Mbale M. Paul, Dawry S Tembo, Enock Manengo, Suyvia Mweetwa, Catherin Sakala, Jessy Munguya, Emmanuel Numwa, Kolombo Whitney, Dorcas Nsalange, Mirriam Kambafwile, Kasapo Ntembo, Zulu Peter, Nyenda Kunda, Munsele Ignitius, Chama Musoka, Kelvin Bulaya, Martin Gwata, Greezer Shaputu, Bright Chama",,2019.0,FY2019,Local Taxes,Industrial/Commercial Rates,,18853520.0,,,,,,,FY2019 industrial/commercial rates,Kitwe-City-Council-2019-FS.pdf,Note 2,21.0,,
financial_statements_revenue_cdf,,,,,,,,,,KIT-REV-2019-LT-003,revenue_line_annual,"Mwaya Mpasa, Banda Saddock, Bwembya Charles, Chanda Rodgers, Chansa Fred, Chileshe Christopher, Chileshe Francis, Chiyaka Matthews, David Phiri, Kabuseni Francis, Katongo B Joseph, Katai Muposhi, Kante Hogart, Kapikila Peter, Malama Damani, Manda Masoka, Muposhi Katai, Muwowo Kelly, Mwalumuna Felix, Swaba Evans, Silomba Charles, Zimba Mary, Vincent Mukuka, Chinyanta Merine, Nobert Mukunto, Marjory Kamawu, Gilbert Chitalu, Hellen Mkandawire, Victor Mwape, Kawemba Ackim, Martin Mwansa, Kasenge Francis, Mwanda Rodgers, Sampa Edna, Dorothy Shimo, Rodwell Chulu, Phiri Isaac, Kamfwa Mofya, Lemmy Chibenga, Clement Gondo, Clara Chibuye, Mbewe Agness, Clement Mwelwa, Charity Mulenga, Mambwe Kasakula, Japhet Zulu, Banda Gideon, Sydin Shamutete, Pearson Hamwenda, Victor Mwitwa, Mercy Mumba, Elisah Titima, Misozi Phiri, Eric Mukuka, Benson Mulenga, Juliet Gondwe, Jay Jay Chilala, Joseph Sambumba, Christabel Chishala, Dennis Bwalya, Silver Lukwesa, Priscilla Lishiu, John L. Ngoma, George Lisomona, Mwenya Ignatius, Konkolo Kennedy, Humphrey Mulenga, Rashid B Mhango, Patrick Kambita, Dedu M. Sakala, Musa Chibawe, Chaba Chipili, Sikanyika Field, Hilary Chewe, Victoria Saina, Munyanga Kaluwa, Yvonne Katayi, Mwaka Nakweti, Kaoma Jousha, Chabala Bwalya, Charles Chanda, Elizabeth M Shumba, Clement Musiska, Lorrian Chisala, Gladys Ngandwe, Kasapo Mtembo, Dominic B. Chitondo, Angela Hagwagwa, Theresa Luhila, Chalwe Mutale, Andrew Kalonge, Weluzani Phiri, Griffson Moyo, Chishiba Kalusa, Martin Ngwata, Collins Chileshe, Derrick Mumba, Mbale M Paul, Malisar Kachima, Chibale Chisamo, Gift Nguni, Brighton Makumba, Benwell Siame, Mirriam Nkonde, John Kamanga, Kalembo D. Bwalya, Francis Chilala, Emmanual Lupikisha, Chrispin Kamfwa, Mwila Mwelwa, Jaquiline Mwape, George Kangwa, Mwangelwa Muyatwa, Chabala Rodwell, Ngambo Izambo, Hellen Chanda, Mutale Chibamba, Prosper Musonda, David K Kabwe, Mwanza Dickson, Mulenga Chiti, Richard Tembo, Clide Machalo, Bridget Zulu, Gloria Kapoko, Brian Muleba, Bwalya Gison, Musonda Nature, Mukuba Kaela, Derick Mumba, Chanda R, Kennedy Kabaghe, Jordan Mukwanka, Joseph Simusokwe, Betty Siachimpi, Frank Muwowo, Kalmia Tresford, Banda Blandina, Sharon Mazia, Beauty Changwe, Bupe Mwango B, Edgar Banda, Given Mwansa, Andrew Kangwa, Florence Ngosa, Robson Zulu, George Chisenga, Lucky Mubanga, Faith Kasanda, Nathan Simbeye, Max S Tailoka, Mathews Banda, Alex Talanti, Racheal M. Kapembwa, Levy Shonga, Kedrick Yabalwashi, Forbes Siyoka, Andrew Bwali, Mbale M. Paul, Dawry S Tembo, Enock Manengo, Suyvia Mweetwa, Catherin Sakala, Jessy Munguya, Emmanuel Numwa, Kolombo Whitney, Dorcas Nsalange, Mirriam Kambafwile, Kasapo Ntembo, Zulu Peter, Nyenda Kunda, Munsele Ignitius, Chama Musoka, Kelvin Bulaya, Martin Gwata, Greezer Shaputu, Bright Chama",,2019.0,FY2019,Local Taxes,Mining Rates,,9830402.0,,,,,,,FY2019 mining rates,Kitwe-City-Council-2019-FS.pdf,Note 2,21.0,,
financial_statements_revenue_cdf,,,,,,,,,,KIT-REV-2019-LT-004,revenue_line_annual,"Mwaya Mpasa, Banda Saddock, Bwembya Charles, Chanda Rodgers, Chansa Fred, Chileshe Christopher, Chileshe Francis, Chiyaka Matthews, David Phiri, Kabuseni Francis, Katongo B Joseph, Katai Muposhi, Kante Hogart, Kapikila Peter, Malama Damani, Manda Masoka, Muposhi Katai, Muwowo Kelly, Mwalumuna Felix, Swaba Evans, Silomba Charles, Zimba Mary, Vincent Mukuka, Chinyanta Merine, Nobert Mukunto, Marjory Kamawu, Gilbert Chitalu, Hellen Mkandawire, Victor Mwape, Kawemba Ackim, Martin Mwansa, Kasenge Francis, Mwanda Rodgers, Sampa Edna, Dorothy Shimo, Rodwell Chulu, Phiri Isaac, Kamfwa Mofya, Lemmy Chibenga, Clement Gondo, Clara Chibuye, Mbewe Agness, Clement Mwelwa, Charity Mulenga, Mambwe Kasakula, Japhet Zulu, Banda Gideon, Sydin Shamutete, Pearson Hamwenda, Victor Mwitwa, Mercy Mumba, Elisah Titima, Misozi Phiri, Eric Mukuka, Benson Mulenga, Juliet Gondwe, Jay Jay Chilala, Joseph Sambumba, Christabel Chishala, Dennis Bwalya, Silver Lukwesa, Priscilla Lishiu, John L. Ngoma, George Lisomona, Mwenya Ignatius, Konkolo Kennedy, Humphrey Mulenga, Rashid B Mhango, Patrick Kambita, Dedu M. Sakala, Musa Chibawe, Chaba Chipili, Sikanyika Field, Hilary Chewe, Victoria Saina, Munyanga Kaluwa, Yvonne Katayi, Mwaka Nakweti, Kaoma Jousha, Chabala Bwalya, Charles Chanda, Elizabeth M Shumba, Clement Musiska, Lorrian Chisala, Gladys Ngandwe, Kasapo Mtembo, Dominic B. Chitondo, Angela Hagwagwa, Theresa Luhila, Chalwe Mutale, Andrew Kalonge, Weluzani Phiri, Griffson Moyo, Chishiba Kalusa, Martin Ngwata, Collins Chileshe, Derrick Mumba, Mbale M Paul, Malisar Kachima, Chibale Chisamo, Gift Nguni, Brighton Makumba, Benwell Siame, Mirriam Nkonde, John Kamanga, Kalembo D. Bwalya, Francis Chilala, Emmanual Lupikisha, Chrispin Kamfwa, Mwila Mwelwa, Jaquiline Mwape, George Kangwa, Mwangelwa Muyatwa, Chabala Rodwell, Ngambo Izambo, Hellen Chanda, Mutale Chibamba, Prosper Musonda, David K Kabwe, Mwanza Dickson, Mulenga Chiti, Richard Tembo, Clide Machalo, Bridget Zulu, Gloria Kapoko, Brian Muleba, Bwalya Gison, Musonda Nature, Mukuba Kaela, Derick Mumba, Chanda R, Kennedy Kabaghe, Jordan Mukwanka, Joseph Simusokwe, Betty Siachimpi, Frank Muwowo, Kalmia Tresford, Banda Blandina, Sharon Mazia, Beauty Changwe, Bupe Mwango B, Edgar Banda, Given Mwansa, Andrew Kangwa, Florence Ngosa, Robson Zulu, George Chisenga, Lucky Mubanga, Faith Kasanda, Nathan Simbeye, Max S Tailoka, Mathews Banda, Alex Talanti, Racheal M. Kapembwa, Levy Shonga, Kedrick Yabalwashi, Forbes Siyoka, Andrew Bwali, Mbale M. Paul, Dawry S Tembo, Enock Manengo, Suyvia Mweetwa, Catherin Sakala, Jessy Munguya, Emmanuel Numwa, Kolombo Whitney, Dorcas Nsalange, Mirriam Kambafwile, Kasapo Ntembo, Zulu Peter, Nyenda Kunda, Munsele Ignitius, Chama Musoka, Kelvin Bulaya, Martin Gwata, Greezer Shaputu, Bright Chama",,2019.0,FY2019,Local Taxes,Personal Levy,,165120.0,,,,,,,FY2019 personal levy,Kitwe-City-Council-2019-FS.pdf,Note 2,21.0,,
financial_statements_revenue_cdf,,,,,,,,,,KIT-REV-2020-LT-001,revenue_line_annual,"Mwaya Mpasa, Banda Saddock, Bwembya Charles, Chanda Rodgers, Chansa Fred, Chileshe Christopher, Chileshe Francis, Chiyaka Matthews, David Phiri, Kabuseni Francis, Katongo B Joseph, Katai Muposhi, Kante Hogart, Kapikila Peter, Malama Damani, Manda Masoka, Muposhi Katai, Muwowo Kelly, Mwalumuna Felix, Swaba Evans, Silomba Charles, Zimba Mary, Vincent Mukuka, Chinyanta Merine, Nobert Mukunto, Marjory Kamawu, Gilbert Chitalu, Hellen Mkandawire, Victor Mwape, Kawemba Ackim, Martin Mwansa, Kasenge Francis, Mwanda Rodgers, Sampa Edna, Dorothy Shimo, Rodwell Chulu, Phiri Isaac, Kamfwa Mofya, Lemmy Chibenga, Clement Gondo, Clara Chibuye, Mbewe Agness, Clement Mwelwa, Charity Mulenga, Mambwe Kasakula, Japhet Zulu, Banda Gideon, Sydin Shamutete, Pearson Hamwenda, Victor Mwitwa, Mercy Mumba, Elisah Titima, Misozi Phiri, Eric Mukuka, Benson Mulenga, Juliet Gondwe, Jay Jay Chilala, Joseph Sambumba, Christabel Chishala, Dennis Bwalya, Silver Lukwesa, Priscilla Lishiu, John L. Ngoma, George Lisomona, Mwenya Ignatius, Konkolo Kennedy, Humphrey Mulenga, Rashid B Mhango, Patrick Kambita, Dedu M. Sakala, Musa Chibawe, Chaba Chipili, Sikanyika Field, Hilary Chewe, Victoria Saina, Munyanga Kaluwa, Yvonne Katayi, Mwaka Nakweti, Kaoma Jousha, Chabala Bwalya, Charles Chanda, Elizabeth M Shumba, Clement Musiska, Lorrian Chisala, Gladys Ngandwe, Kasapo Mtembo, Dominic B. Chitondo, Angela Hagwagwa, Theresa Luhila, Chalwe Mutale, Andrew Kalonge, Weluzani Phiri, Griffson Moyo, Chishiba Kalusa, Martin Ngwata, Collins Chileshe, Derrick Mumba, Mbale M Paul, Malisar Kachima, Chibale Chisamo, Gift Nguni, Brighton Makumba, Benwell Siame, Mirriam Nkonde, John Kamanga, Kalembo D. Bwalya, Francis Chilala, Emmanual Lupikisha, Chrispin Kamfwa, Mwila Mwelwa, Jaquiline Mwape, George Kangwa, Mwangelwa Muyatwa, Chabala Rodwell, Ngambo Izambo, Hellen Chanda, Mutale Chibamba, Prosper Musonda, David K Kabwe, Mwanza Dickson, Mulenga Chiti, Richard Tembo, Clide Machalo, Bridget Zulu, Gloria Kapoko, Brian Muleba, Bwalya Gison, Musonda Nature, Mukuba Kaela, Derick Mumba, Chanda R, Kennedy Kabaghe, Jordan Mukwanka, Joseph Simusokwe, Betty Siachimpi, Frank Muwowo, Kalmia Tresford, Banda Blandina, Sharon Mazia, Beauty Changwe, Bupe Mwango B, Edgar Banda, Given Mwansa, Andrew Kangwa, Florence Ngosa, Robson Zulu, George Chisenga, Lucky Mubanga, Faith Kasanda, Nathan Simbeye, Max S Tailoka, Mathews Banda, Alex Talanti, Racheal M. Kapembwa, Levy Shonga, Kedrick Yabalwashi, Forbes Siyoka, Andrew Bwali, Mbale M. Paul, Dawry S Tembo, Enock Manengo, Suyvia Mweetwa, Catherin Sakala, Jessy Munguya, Emmanuel Numwa, Kolombo Whitney, Dorcas Nsalange, Mirriam Kambafwile, Kasapo Ntembo, Zulu Peter, Nyenda Kunda, Munsele Ignitius, Chama Musoka, Kelvin Bulaya, Martin Gwata, Greezer Shaputu, Bright Chama",,2020.0,FY2020,Local Taxes,Residential Rates,,5770169.0,,,,,,,FY2020 residential rates,Kitwe-City-Council-2020-FS.pdf,Note 2,22.0,,
financial_statements_revenue_cdf,,,,,,,,,,KIT-REV-2020-LT-002,revenue_line_annual,"Mwaya Mpasa, Banda Saddock, Bwembya Charles, Chanda Rodgers, Chansa Fred, Chileshe Christopher, Chileshe Francis, Chiyaka Matthews, David Phiri, Kabuseni Francis, Katongo B Joseph, Katai Muposhi, Kante Hogart, Kapikila Peter, Malama Damani, Manda Masoka, Muposhi Katai, Muwowo Kelly, Mwalumuna Felix, Swaba Evans, Silomba Charles, Zimba Mary, Vincent Mukuka, Chinyanta Merine, Nobert Mukunto, Marjory Kamawu, Gilbert Chitalu, Hellen Mkandawire, Victor Mwape, Kawemba Ackim, Martin Mwansa, Kasenge Francis, Mwanda Rodgers, Sampa Edna, Dorothy Shimo, Rodwell Chulu, Phiri Isaac, Kamfwa Mofya, Lemmy Chibenga, Clement Gondo, Clara Chibuye, Mbewe Agness, Clement Mwelwa, Charity Mulenga, Mambwe Kasakula, Japhet Zulu, Banda Gideon, Sydin Shamutete, Pearson Hamwenda, Victor Mwitwa, Mercy Mumba, Elisah Titima, Misozi Phiri, Eric Mukuka, Benson Mulenga, Juliet Gondwe, Jay Jay Chilala, Joseph Sambumba, Christabel Chishala, Dennis Bwalya, Silver Lukwesa, Priscilla Lishiu, John L. Ngoma, George Lisomona, Mwenya Ignatius, Konkolo Kennedy, Humphrey Mulenga, Rashid B Mhango, Patrick Kambita, Dedu M. Sakala, Musa Chibawe, Chaba Chipili, Sikanyika Field, Hilary Chewe, Victoria Saina, Munyanga Kaluwa, Yvonne Katayi, Mwaka Nakweti, Kaoma Jousha, Chabala Bwalya, Charles Chanda, Elizabeth M Shumba, Clement Musiska, Lorrian Chisala, Gladys Ngandwe, Kasapo Mtembo, Dominic B. Chitondo, Angela Hagwagwa, Theresa Luhila, Chalwe Mutale, Andrew Kalonge, Weluzani Phiri, Griffson Moyo, Chishiba Kalusa, Martin Ngwata, Collins Chileshe, Derrick Mumba, Mbale M Paul, Malisar Kachima, Chibale Chisamo, Gift Nguni, Brighton Makumba, Benwell Siame, Mirriam Nkonde, John Kamanga, Kalembo D. Bwalya, Francis Chilala, Emmanual Lupikisha, Chrispin Kamfwa, Mwila Mwelwa, Jaquiline Mwape, George Kangwa, Mwangelwa Muyatwa, Chabala Rodwell, Ngambo Izambo, Hellen Chanda, Mutale Chibamba, Prosper Musonda, David K Kabwe, Mwanza Dickson, Mulenga Chiti, Richard Tembo, Clide Machalo, Bridget Zulu, Gloria Kapoko, Brian Muleba, Bwalya Gison, Musonda Nature, Mukuba Kaela, Derick Mumba, Chanda R, Kennedy Kabaghe, Jordan Mukwanka, Joseph Simusokwe, Betty Siachimpi, Frank Muwowo, Kalmia Tresford, Banda Blandina, Sharon Mazia, Beauty Changwe, Bupe Mwango B, Edgar Banda, Given Mwansa, Andrew Kangwa, Florence Ngosa, Robson Zulu, George Chisenga, Lucky Mubanga, Faith Kasanda, Nathan Simbeye, Max S Tailoka, Mathews Banda, Alex Talanti, Racheal M. Kapembwa, Levy Shonga, Kedrick Yabalwashi, Forbes Siyoka, Andrew Bwali, Mbale M. Paul, Dawry S Tembo, Enock Manengo, Suyvia Mweetwa, Catherin Sakala, Jessy Munguya, Emmanuel Numwa, Kolombo Whitney, Dorcas Nsalange, Mirriam Kambafwile, Kasapo Ntembo, Zulu Peter, Nyenda Kunda, Munsele Ignitius, Chama Musoka, Kelvin Bulaya, Martin Gwata, Greezer Shaputu, Bright Chama",,2020.0,FY2020,Local Taxes,Industrial/Commercial Rates,,18899860.0,,,,,,,FY2020 industrial/commercial rates,Kitwe-City-Council-2020-FS.pdf,Note 2,22.0,,
financial_statements_revenue_cdf,,,,,,,,,,KIT-REV-2020-LT-003,revenue_line_annual,"Mwaya Mpasa, Banda Saddock, Bwembya Charles, Chanda Rodgers, Chansa Fred, Chileshe Christopher, Chileshe Francis, Chiyaka Matthews, David Phiri, Kabuseni Francis, Katongo B Joseph, Katai Muposhi, Kante Hogart, Kapikila Peter, Malama Damani, Manda Masoka, Muposhi Katai, Muwowo Kelly, Mwalumuna Felix, Swaba Evans, Silomba Charles, Zimba Mary, Vincent Mukuka, Chinyanta Merine, Nobert Mukunto, Marjory Kamawu, Gilbert Chitalu, Hellen Mkandawire, Victor Mwape, Kawemba Ackim, Martin Mwansa, Kasenge Francis, Mwanda Rodgers, Sampa Edna, Dorothy Shimo, Rodwell Chulu, Phiri Isaac, Kamfwa Mofya, Lemmy Chibenga, Clement Gondo, Clara Chibuye, Mbewe Agness, Clement Mwelwa, Charity Mulenga, Mambwe Kasakula, Japhet Zulu, Banda Gideon, Sydin Shamutete, Pearson Hamwenda, Victor Mwitwa, Mercy Mumba, Elisah Titima, Misozi Phiri, Eric Mukuka, Benson Mulenga, Juliet Gondwe, Jay Jay Chilala, Joseph Sambumba, Christabel Chishala, Dennis Bwalya, Silver Lukwesa, Priscilla Lishiu, John L. Ngoma, George Lisomona, Mwenya Ignatius, Konkolo Kennedy, Humphrey Mulenga, Rashid B Mhango, Patrick Kambita, Dedu M. Sakala, Musa Chibawe, Chaba Chipili, Sikanyika Field, Hilary Chewe, Victoria Saina, Munyanga Kaluwa, Yvonne Katayi, Mwaka Nakweti, Kaoma Jousha, Chabala Bwalya, Charles Chanda, Elizabeth M Shumba, Clement Musiska, Lorrian Chisala, Gladys Ngandwe, Kasapo Mtembo, Dominic B. Chitondo, Angela Hagwagwa, Theresa Luhila, Chalwe Mutale, Andrew Kalonge, Weluzani Phiri, Griffson Moyo, Chishiba Kalusa, Martin Ngwata, Collins Chileshe, Derrick Mumba, Mbale M Paul, Malisar Kachima, Chibale Chisamo, Gift Nguni, Brighton Makumba, Benwell Siame, Mirriam Nkonde, John Kamanga, Kalembo D. Bwalya, Francis Chilala, Emmanual Lupikisha, Chrispin Kamfwa, Mwila Mwelwa, Jaquiline Mwape, George Kangwa, Mwangelwa Muyatwa, Chabala Rodwell, Ngambo Izambo, Hellen Chanda, Mutale Chibamba, Prosper Musonda, David K Kabwe, Mwanza Dickson, Mulenga Chiti, Richard Tembo, Clide Machalo, Bridget Zulu, Gloria Kapoko, Brian Muleba, Bwalya Gison, Musonda Nature, Mukuba Kaela, Derick Mumba, Chanda R, Kennedy Kabaghe, Jordan Mukwanka, Joseph Simusokwe, Betty Siachimpi, Frank Muwowo, Kalmia Tresford, Banda Blandina, Sharon Mazia, Beauty Changwe, Bupe Mwango B, Edgar Banda, Given Mwansa, Andrew Kangwa, Florence Ngosa, Robson Zulu, George Chisenga, Lucky Mubanga, Faith Kasanda, Nathan Simbeye, Max S Tailoka, Mathews Banda, Alex Talanti, Racheal M. Kapembwa, Levy Shonga, Kedrick Yabalwashi, Forbes Siyoka, Andrew Bwali, Mbale M. Paul, Dawry S Tembo, Enock Manengo, Suyvia Mweetwa, Catherin Sakala, Jessy Munguya, Emmanuel Numwa, Kolombo Whitney, Dorcas Nsalange, Mirriam Kambafwile, Kasapo Ntembo, Zulu Peter, Nyenda Kunda, Munsele Ignitius, Chama Musoka, Kelvin Bulaya, Martin Gwata, Greezer Shaputu, Bright Chama",,2020.0,FY2020,Local Taxes,Mining Rates,,12500949.0,,,,,,,FY2020 mining rates,Kitwe-City-Council-2020-FS.pdf,Note 2,22.0,,
financial_statements_revenue_cdf,,,,,,,,,,KIT-REV-2020-LT-004,revenue_line_annual,"Mwaya Mpasa, Banda Saddock, Bwembya Charles, Chanda Rodgers, Chansa Fred, Chileshe Christopher, Chileshe Francis, Chiyaka Matthews, David Phiri, Kabuseni Francis, Katongo B Joseph, Katai Muposhi, Kante Hogart, Kapikila Peter, Malama Damani, Manda Masoka, Muposhi Katai, Muwowo Kelly, Mwalumuna Felix, Swaba Evans, Silomba Charles, Zimba Mary, Vincent Mukuka, Chinyanta Merine, Nobert Mukunto, Marjory Kamawu, Gilbert Chitalu, Hellen Mkandawire, Victor Mwape, Kawemba Ackim, Martin Mwansa, Kasenge Francis, Mwanda Rodgers, Sampa Edna, Dorothy Shimo, Rodwell Chulu, Phiri Isaac, Kamfwa Mofya, Lemmy Chibenga, Clement Gondo, Clara Chibuye, Mbewe Agness, Clement Mwelwa, Charity Mulenga, Mambwe Kasakula, Japhet Zulu, Banda Gideon, Sydin Shamutete, Pearson Hamwenda, Victor Mwitwa, Mercy Mumba, Elisah Titima, Misozi Phiri, Eric Mukuka, Benson Mulenga, Juliet Gondwe, Jay Jay Chilala, Joseph Sambumba, Christabel Chishala, Dennis Bwalya, Silver Lukwesa, Priscilla Lishiu, John L. Ngoma, George Lisomona, Mwenya Ignatius, Konkolo Kennedy, Humphrey Mulenga, Rashid B Mhango, Patrick Kambita, Dedu M. Sakala, Musa Chibawe, Chaba Chipili, Sikanyika Field, Hilary Chewe, Victoria Saina, Munyanga Kaluwa, Yvonne Katayi, Mwaka Nakweti, Kaoma Jousha, Chabala Bwalya, Charles Chanda, Elizabeth M Shumba, Clement Musiska, Lorrian Chisala, Gladys Ngandwe, Kasapo Mtembo, Dominic B. Chitondo, Angela Hagwagwa, Theresa Luhila, Chalwe Mutale, Andrew Kalonge, Weluzani Phiri, Griffson Moyo, Chishiba Kalusa, Martin Ngwata, Collins Chileshe, Derrick Mumba, Mbale M Paul, Malisar Kachima, Chibale Chisamo, Gift Nguni, Brighton Makumba, Benwell Siame, Mirriam Nkonde, John Kamanga, Kalembo D. Bwalya, Francis Chilala, Emmanual Lupikisha, Chrispin Kamfwa, Mwila Mwelwa, Jaquiline Mwape, George Kangwa, Mwangelwa Muyatwa, Chabala Rodwell, Ngambo Izambo, Hellen Chanda, Mutale Chibamba, Prosper Musonda, David K Kabwe, Mwanza Dickson, Mulenga Chiti, Richard Tembo, Clide Machalo, Bridget Zulu, Gloria Kapoko, Brian Muleba, Bwalya Gison, Musonda Nature, Mukuba Kaela, Derick Mumba, Chanda R, Kennedy Kabaghe, Jordan Mukwanka, Joseph Simusokwe, Betty Siachimpi, Frank Muwowo, Kalmia Tresford, Banda Blandina, Sharon Mazia, Beauty Changwe, Bupe Mwango B, Edgar Banda, Given Mwansa, Andrew Kangwa, Florence Ngosa, Robson Zulu, George Chisenga, Lucky Mubanga, Faith Kasanda, Nathan Simbeye, Max S Tailoka, Mathews Banda, Alex Talanti, Racheal M. Kapembwa, Levy Shonga, Kedrick Yabalwashi, Forbes Siyoka, Andrew Bwali, Mbale M. Paul, Dawry S Tembo, Enock Manengo, Suyvia Mweetwa, Catherin Sakala, Jessy Munguya, Emmanuel Numwa, Kolombo Whitney, Dorcas Nsalange, Mirriam Kambafwile, Kasapo Ntembo, Zulu Peter, Nyenda Kunda, Munsele Ignitius, Chama Musoka, Kelvin Bulaya, Martin Gwata, Greezer Shaputu, Bright Chama",,2020.0,FY2020,Local Taxes,Personal Levy,,159405.0,,,,,,,FY2020 personal levy,Kitwe-City-Council-2020-FS.pdf,Note 2,22.0,,
financial_statements_revenue_cdf,,,,,,,,,,KIT-REV-2021-LT-001,revenue_line_annual,"Mwaya Mpasa, Banda Saddock, Bwembya Charles, Chanda Rodgers, Chansa Fred, Chileshe Christopher, Chileshe Francis, Chiyaka Matthews, David Phiri, Kabuseni Francis, Katongo B Joseph, Katai Muposhi, Kante Hogart, Kapikila Peter, Malama Damani, Manda Masoka, Muposhi Katai, Muwowo Kelly, Mwalumuna Felix, Swaba Evans, Silomba Charles, Zimba Mary, Vincent Mukuka, Chinyanta Merine, Nobert Mukunto, Marjory Kamawu, Gilbert Chitalu, Hellen Mkandawire, Victor Mwape, Kawemba Ackim, Martin Mwansa, Kasenge Francis, Mwanda Rodgers, Sampa Edna, Dorothy Shimo, Rodwell Chulu, Phiri Isaac, Kamfwa Mofya, Lemmy Chibenga, Clement Gondo, Clara Chibuye, Mbewe Agness, Clement Mwelwa, Charity Mulenga, Mambwe Kasakula, Japhet Zulu, Banda Gideon, Sydin Shamutete, Pearson Hamwenda, Victor Mwitwa, Mercy Mumba, Elisah Titima, Misozi Phiri, Eric Mukuka, Benson Mulenga, Juliet Gondwe, Jay Jay Chilala, Joseph Sambumba, Christabel Chishala, Dennis Bwalya, Silver Lukwesa, Priscilla Lishiu, John L. Ngoma, George Lisomona, Mwenya Ignatius, Konkolo Kennedy, Humphrey Mulenga, Rashid B Mhango, Patrick Kambita, Dedu M. Sakala, Musa Chibawe, Chaba Chipili, Sikanyika Field, Hilary Chewe, Victoria Saina, Munyanga Kaluwa, Yvonne Katayi, Mwaka Nakweti, Kaoma Jousha, Chabala Bwalya, Charles Chanda, Elizabeth M Shumba, Clement Musiska, Lorrian Chisala, Gladys Ngandwe, Kasapo Mtembo, Dominic B. Chitondo, Angela Hagwagwa, Theresa Luhila, Chalwe Mutale, Andrew Kalonge, Weluzani Phiri, Griffson Moyo, Chishiba Kalusa, Martin Ngwata, Collins Chileshe, Derrick Mumba, Mbale M Paul, Malisar Kachima, Chibale Chisamo, Gift Nguni, Brighton Makumba, Benwell Siame, Mirriam Nkonde, John Kamanga, Kalembo D. Bwalya, Francis Chilala, Emmanual Lupikisha, Chrispin Kamfwa, Mwila Mwelwa, Jaquiline Mwape, George Kangwa, Mwangelwa Muyatwa, Chabala Rodwell, Ngambo Izambo, Hellen Chanda, Mutale Chibamba, Prosper Musonda, David K Kabwe, Mwanza Dickson, Mulenga Chiti, Richard Tembo, Clide Machalo, Bridget Zulu, Gloria Kapoko, Brian Muleba, Bwalya Gison, Musonda Nature, Mukuba Kaela, Derick Mumba, Chanda R, Kennedy Kabaghe, Jordan Mukwanka, Joseph Simusokwe, Betty Siachimpi, Frank Muwowo, Kalmia Tresford, Banda Blandina, Sharon Mazia, Beauty Changwe, Bupe Mwango B, Edgar Banda, Given Mwansa, Andrew Kangwa, Florence Ngosa, Robson Zulu, George Chisenga, Lucky Mubanga, Faith Kasanda, Nathan Simbeye, Max S Tailoka, Mathews Banda, Alex Talanti, Racheal M. Kapembwa, Levy Shonga, Kedrick Yabalwashi, Forbes Siyoka, Andrew Bwali, Mbale M. Paul, Dawry S Tembo, Enock Manengo, Suyvia Mweetwa, Catherin Sakala, Jessy Munguya, Emmanuel Numwa, Kolombo Whitney, Dorcas Nsalange, Mirriam Kambafwile, Kasapo Ntembo, Zulu Peter, Nyenda Kunda, Munsele Ignitius, Chama Musoka, Kelvin Bulaya, Martin Gwata, Greezer Shaputu, Bright Chama",,2021.0,FY2021,Local Taxes,Residential Rates,,5679780.0,,,,,,,FY2021 residential rates,Kitwe-City-Council-2021-FS.pdf,Note 2,22.0,,
financial_statements_revenue_cdf,,,,,,,,,,KIT-REV-2021-LT-002,revenue_line_annual,"Mwaya Mpasa, Banda Saddock, Bwembya Charles, Chanda Rodgers, Chansa Fred, Chileshe Christopher, Chileshe Francis, Chiyaka Matthews, David Phiri, Kabuseni Francis, Katongo B Joseph, Katai Muposhi, Kante Hogart, Kapikila Peter, Malama Damani, Manda Masoka, Muposhi Katai, Muwowo Kelly, Mwalumuna Felix, Swaba Evans, Silomba Charles, Zimba Mary, Vincent Mukuka, Chinyanta Merine, Nobert Mukunto, Marjory Kamawu, Gilbert Chitalu, Hellen Mkandawire, Victor Mwape, Kawemba Ackim, Martin Mwansa, Kasenge Francis, Mwanda Rodgers, Sampa Edna, Dorothy Shimo, Rodwell Chulu, Phiri Isaac, Kamfwa Mofya, Lemmy Chibenga, Clement Gondo, Clara Chibuye, Mbewe Agness, Clement Mwelwa, Charity Mulenga, Mambwe Kasakula, Japhet Zulu, Banda Gideon, Sydin Shamutete, Pearson Hamwenda, Victor Mwitwa, Mercy Mumba, Elisah Titima, Misozi Phiri, Eric Mukuka, Benson Mulenga, Juliet Gondwe, Jay Jay Chilala, Joseph Sambumba, Christabel Chishala, Dennis Bwalya, Silver Lukwesa, Priscilla Lishiu, John L. Ngoma, George Lisomona, Mwenya Ignatius, Konkolo Kennedy, Humphrey Mulenga, Rashid B Mhango, Patrick Kambita, Dedu M. Sakala, Musa Chibawe, Chaba Chipili, Sikanyika Field, Hilary Chewe, Victoria Saina, Munyanga Kaluwa, Yvonne Katayi, Mwaka Nakweti, Kaoma Jousha, Chabala Bwalya, Charles Chanda, Elizabeth M Shumba, Clement Musiska, Lorrian Chisala, Gladys Ngandwe, Kasapo Mtembo, Dominic B. Chitondo, Angela Hagwagwa, Theresa Luhila, Chalwe Mutale, Andrew Kalonge, Weluzani Phiri, Griffson Moyo, Chishiba Kalusa, Martin Ngwata, Collins Chileshe, Derrick Mumba, Mbale M Paul, Malisar Kachima, Chibale Chisamo, Gift Nguni, Brighton Makumba, Benwell Siame, Mirriam Nkonde, John Kamanga, Kalembo D. Bwalya, Francis Chilala, Emmanual Lupikisha, Chrispin Kamfwa, Mwila Mwelwa, Jaquiline Mwape, George Kangwa, Mwangelwa Muyatwa, Chabala Rodwell, Ngambo Izambo, Hellen Chanda, Mutale Chibamba, Prosper Musonda, David K Kabwe, Mwanza Dickson, Mulenga Chiti, Richard Tembo, Clide Machalo, Bridget Zulu, Gloria Kapoko, Brian Muleba, Bwalya Gison, Musonda Nature, Mukuba Kaela, Derick Mumba, Chanda R, Kennedy Kabaghe, Jordan Mukwanka, Joseph Simusokwe, Betty Siachimpi, Frank Muwowo, Kalmia Tresford, Banda Blandina, Sharon Mazia, Beauty Changwe, Bupe Mwango B, Edgar Banda, Given Mwansa, Andrew Kangwa, Florence Ngosa, Robson Zulu, George Chisenga, Lucky Mubanga, Faith Kasanda, Nathan Simbeye, Max S Tailoka, Mathews Banda, Alex Talanti, Racheal M. Kapembwa, Levy Shonga, Kedrick Yabalwashi, Forbes Siyoka, Andrew Bwali, Mbale M. Paul, Dawry S Tembo, Enock Manengo, Suyvia Mweetwa, Catherin Sakala, Jessy Munguya, Emmanuel Numwa, Kolombo Whitney, Dorcas Nsalange, Mirriam Kambafwile, Kasapo Ntembo, Zulu Peter, Nyenda Kunda, Munsele Ignitius, Chama Musoka, Kelvin Bulaya, Martin Gwata, Greezer Shaputu, Bright Chama",,2021.0,FY2021,Local Taxes,Industrial/Commercial Rates,,21488186.0,,,,,,,FY2021 industrial/commercial rates,Kitwe-City-Council-2021-FS.pdf,Note 2,22.0,,
financial_statements_revenue_cdf,,,,,,,,,,KIT-REV-2021-LT-003,revenue_line_annual,"Mwaya Mpasa, Banda Saddock, Bwembya Charles, Chanda Rodgers, Chansa Fred, Chileshe Christopher, Chileshe Francis, Chiyaka Matthews, David Phiri, Kabuseni Francis, Katongo B Joseph, Katai Muposhi, Kante Hogart, Kapikila Peter, Malama Damani, Manda Masoka, Muposhi Katai, Muwowo Kelly, Mwalumuna Felix, Swaba Evans, Silomba Charles, Zimba Mary, Vincent Mukuka, Chinyanta Merine, Nobert Mukunto, Marjory Kamawu, Gilbert Chitalu, Hellen Mkandawire, Victor Mwape, Kawemba Ackim, Martin Mwansa, Kasenge Francis, Mwanda Rodgers, Sampa Edna, Dorothy Shimo, Rodwell Chulu, Phiri Isaac, Kamfwa Mofya, Lemmy Chibenga, Clement Gondo, Clara Chibuye, Mbewe Agness, Clement Mwelwa, Charity Mulenga, Mambwe Kasakula, Japhet Zulu, Banda Gideon, Sydin Shamutete, Pearson Hamwenda, Victor Mwitwa, Mercy Mumba, Elisah Titima, Misozi Phiri, Eric Mukuka, Benson Mulenga, Juliet Gondwe, Jay Jay Chilala, Joseph Sambumba, Christabel Chishala, Dennis Bwalya, Silver Lukwesa, Priscilla Lishiu, John L. Ngoma, George Lisomona, Mwenya Ignatius, Konkolo Kennedy, Humphrey Mulenga, Rashid B Mhango, Patrick Kambita, Dedu M. Sakala, Musa Chibawe, Chaba Chipili, Sikanyika Field, Hilary Chewe, Victoria Saina, Munyanga Kaluwa, Yvonne Katayi, Mwaka Nakweti, Kaoma Jousha, Chabala Bwalya, Charles Chanda, Elizabeth M Shumba, Clement Musiska, Lorrian Chisala, Gladys Ngandwe, Kasapo Mtembo, Dominic B. Chitondo, Angela Hagwagwa, Theresa Luhila, Chalwe Mutale, Andrew Kalonge, Weluzani Phiri, Griffson Moyo, Chishiba Kalusa, Martin Ngwata, Collins Chileshe, Derrick Mumba, Mbale M Paul, Malisar Kachima, Chibale Chisamo, Gift Nguni, Brighton Makumba, Benwell Siame, Mirriam Nkonde, John Kamanga, Kalembo D. Bwalya, Francis Chilala, Emmanual Lupikisha, Chrispin Kamfwa, Mwila Mwelwa, Jaquiline Mwape, George Kangwa, Mwangelwa Muyatwa, Chabala Rodwell, Ngambo Izambo, Hellen Chanda, Mutale Chibamba, Prosper Musonda, David K Kabwe, Mwanza Dickson, Mulenga Chiti, Richard Tembo, Clide Machalo, Bridget Zulu, Gloria Kapoko, Brian Muleba, Bwalya Gison, Musonda Nature, Mukuba Kaela, Derick Mumba, Chanda R, Kennedy Kabaghe, Jordan Mukwanka, Joseph Simusokwe, Betty Siachimpi, Frank Muwowo, Kalmia Tresford, Banda Blandina, Sharon Mazia, Beauty Changwe, Bupe Mwango B, Edgar Banda, Given Mwansa, Andrew Kangwa, Florence Ngosa, Robson Zulu, George Chisenga, Lucky Mubanga, Faith Kasanda, Nathan Simbeye, Max S Tailoka, Mathews Banda, Alex Talanti, Racheal M. Kapembwa, Levy Shonga, Kedrick Yabalwashi, Forbes Siyoka, Andrew Bwali, Mbale M. Paul, Dawry S Tembo, Enock Manengo, Suyvia Mweetwa, Catherin Sakala, Jessy Munguya, Emmanuel Numwa, Kolombo Whitney, Dorcas Nsalange, Mirriam Kambafwile, Kasapo Ntembo, Zulu Peter, Nyenda Kunda, Munsele Ignitius, Chama Musoka, Kelvin Bulaya, Martin Gwata, Greezer Shaputu, Bright Chama",,2021.0,FY2021,Local Taxes,Mining Rates,,22740486.0,,,,,,,FY2021 mining rates,Kitwe-City-Council-2021-FS.pdf,Note 2,22.0,,
financial_statements_revenue_cdf,,,,,,,,,,KIT-REV-2021-LT-004,revenue_line_annual,"Mwaya Mpasa, Banda Saddock, Bwembya Charles, Chanda Rodgers, Chansa Fred, Chileshe Christopher, Chileshe Francis, Chiyaka Matthews, David Phiri, Kabuseni Francis, Katongo B Joseph, Katai Muposhi, Kante Hogart, Kapikila Peter, Malama Damani, Manda Masoka, Muposhi Katai, Muwowo Kelly, Mwalumuna Felix, Swaba Evans, Silomba Charles, Zimba Mary, Vincent Mukuka, Chinyanta Merine, Nobert Mukunto, Marjory Kamawu, Gilbert Chitalu, Hellen Mkandawire, Victor Mwape, Kawemba Ackim, Martin Mwansa, Kasenge Francis, Mwanda Rodgers, Sampa Edna, Dorothy Shimo, Rodwell Chulu, Phiri Isaac, Kamfwa Mofya, Lemmy Chibenga, Clement Gondo, Clara Chibuye, Mbewe Agness, Clement Mwelwa, Charity Mulenga, Mambwe Kasakula, Japhet Zulu, Banda Gideon, Sydin Shamutete, Pearson Hamwenda, Victor Mwitwa, Mercy Mumba, Elisah Titima, Misozi Phiri, Eric Mukuka, Benson Mulenga, Juliet Gondwe, Jay Jay Chilala, Joseph Sambumba, Christabel Chishala, Dennis Bwalya, Silver Lukwesa, Priscilla Lishiu, John L. Ngoma, George Lisomona, Mwenya Ignatius, Konkolo Kennedy, Humphrey Mulenga, Rashid B Mhango, Patrick Kambita, Dedu M. Sakala, Musa Chibawe, Chaba Chipili, Sikanyika Field, Hilary Chewe, Victoria Saina, Munyanga Kaluwa, Yvonne Katayi, Mwaka Nakweti, Kaoma Jousha, Chabala Bwalya, Charles Chanda, Elizabeth M Shumba, Clement Musiska, Lorrian Chisala, Gladys Ngandwe, Kasapo Mtembo, Dominic B. Chitondo, Angela Hagwagwa, Theresa Luhila, Chalwe Mutale, Andrew Kalonge, Weluzani Phiri, Griffson Moyo, Chishiba Kalusa, Martin Ngwata, Collins Chileshe, Derrick Mumba, Mbale M Paul, Malisar Kachima, Chibale Chisamo, Gift Nguni, Brighton Makumba, Benwell Siame, Mirriam Nkonde, John Kamanga, Kalembo D. Bwalya, Francis Chilala, Emmanual Lupikisha, Chrispin Kamfwa, Mwila Mwelwa, Jaquiline Mwape, George Kangwa, Mwangelwa Muyatwa, Chabala Rodwell, Ngambo Izambo, Hellen Chanda, Mutale Chibamba, Prosper Musonda, David K Kabwe, Mwanza Dickson, Mulenga Chiti, Richard Tembo, Clide Machalo, Bridget Zulu, Gloria Kapoko, Brian Muleba, Bwalya Gison, Musonda Nature, Mukuba Kaela, Derick Mumba, Chanda R, Kennedy Kabaghe, Jordan Mukwanka, Joseph Simusokwe, Betty Siachimpi, Frank Muwowo, Kalmia Tresford, Banda Blandina, Sharon Mazia, Beauty Changwe, Bupe Mwango B, Edgar Banda, Given Mwansa, Andrew Kangwa, Florence Ngosa, Robson Zulu, George Chisenga, Lucky Mubanga, Faith Kasanda, Nathan Simbeye, Max S Tailoka, Mathews Banda, Alex Talanti, Racheal M. Kapembwa, Levy Shonga, Kedrick Yabalwashi, Forbes Siyoka, Andrew Bwali, Mbale M. Paul, Dawry S Tembo, Enock Manengo, Suyvia Mweetwa, Catherin Sakala, Jessy Munguya, Emmanuel Numwa, Kolombo Whitney, Dorcas Nsalange, Mirriam Kambafwile, Kasapo Ntembo, Zulu Peter, Nyenda Kunda, Munsele Ignitius, Chama Musoka, Kelvin Bulaya, Martin Gwata, Greezer Shaputu, Bright Chama",,2021.0,FY2021,Local Taxes,Personal Levy,,124831.0,,,,,,,FY2021 personal levy,Kitwe-City-Council-2021-FS.pdf,Note 2,22.0,,
financial_statements_revenue_cdf,,,,,,,,,,KIT-REV-2022-LT-001,revenue_line_annual,"Mwaya Mpasa, Banda Saddock, Bwembya Charles, Chanda Rodgers, Chansa Fred, Chileshe Christopher, Chileshe Francis, Chiyaka Matthews, David Phiri, Kabuseni Francis, Katongo B Joseph, Katai Muposhi, Kante Hogart, Kapikila Peter, Malama Damani, Manda Masoka, Muposhi Katai, Muwowo Kelly, Mwalumuna Felix, Swaba Evans, Silomba Charles, Zimba Mary, Vincent Mukuka, Chinyanta Merine, Nobert Mukunto, Marjory Kamawu, Gilbert Chitalu, Hellen Mkandawire, Victor Mwape, Kawemba Ackim, Martin Mwansa, Kasenge Francis, Mwanda Rodgers, Sampa Edna, Dorothy Shimo, Rodwell Chulu, Phiri Isaac, Kamfwa Mofya, Lemmy Chibenga, Clement Gondo, Clara Chibuye, Mbewe Agness, Clement Mwelwa, Charity Mulenga, Mambwe Kasakula, Japhet Zulu, Banda Gideon, Sydin Shamutete, Pearson Hamwenda, Victor Mwitwa, Mercy Mumba, Elisah Titima, Misozi Phiri, Eric Mukuka, Benson Mulenga, Juliet Gondwe, Jay Jay Chilala, Joseph Sambumba, Christabel Chishala, Dennis Bwalya, Silver Lukwesa, Priscilla Lishiu, John L. Ngoma, George Lisomona, Mwenya Ignatius, Konkolo Kennedy, Humphrey Mulenga, Rashid B Mhango, Patrick Kambita, Dedu M. Sakala, Musa Chibawe, Chaba Chipili, Sikanyika Field, Hilary Chewe, Victoria Saina, Munyanga Kaluwa, Yvonne Katayi, Mwaka Nakweti, Kaoma Jousha, Chabala Bwalya, Charles Chanda, Elizabeth M Shumba, Clement Musiska, Lorrian Chisala, Gladys Ngandwe, Kasapo Mtembo, Dominic B. Chitondo, Angela Hagwagwa, Theresa Luhila, Chalwe Mutale, Andrew Kalonge, Weluzani Phiri, Griffson Moyo, Chishiba Kalusa, Martin Ngwata, Collins Chileshe, Derrick Mumba, Mbale M Paul, Malisar Kachima, Chibale Chisamo, Gift Nguni, Brighton Makumba, Benwell Siame, Mirriam Nkonde, John Kamanga, Kalembo D. Bwalya, Francis Chilala, Emmanual Lupikisha, Chrispin Kamfwa, Mwila Mwelwa, Jaquiline Mwape, George Kangwa, Mwangelwa Muyatwa, Chabala Rodwell, Ngambo Izambo, Hellen Chanda, Mutale Chibamba, Prosper Musonda, David K Kabwe, Mwanza Dickson, Mulenga Chiti, Richard Tembo, Clide Machalo, Bridget Zulu, Gloria Kapoko, Brian Muleba, Bwalya Gison, Musonda Nature, Mukuba Kaela, Derick Mumba, Chanda R, Kennedy Kabaghe, Jordan Mukwanka, Joseph Simusokwe, Betty Siachimpi, Frank Muwowo, Kalmia Tresford, Banda Blandina, Sharon Mazia, Beauty Changwe, Bupe Mwango B, Edgar Banda, Given Mwansa, Andrew Kangwa, Florence Ngosa, Robson Zulu, George Chisenga, Lucky Mubanga, Faith Kasanda, Nathan Simbeye, Max S Tailoka, Mathews Banda, Alex Talanti, Racheal M. Kapembwa, Levy Shonga, Kedrick Yabalwashi, Forbes Siyoka, Andrew Bwali, Mbale M. Paul, Dawry S Tembo, Enock Manengo, Suyvia Mweetwa, Catherin Sakala, Jessy Munguya, Emmanuel Numwa, Kolombo Whitney, Dorcas Nsalange, Mirriam Kambafwile, Kasapo Ntembo, Zulu Peter, Nyenda Kunda, Munsele Ignitius, Chama Musoka, Kelvin Bulaya, Martin Gwata, Greezer Shaputu, Bright Chama",,2022.0,FY2022,Local Taxes,Residential Rates,,6155413.0,,,,,,,FY2022 residential rates,Kitwe-City-Council-2022-Financial-Statements.docx,Note 2,21.0,,
financial_statements_revenue_cdf,,,,,,,,,,KIT-REV-2022-LT-002,revenue_line_annual,"Mwaya Mpasa, Banda Saddock, Bwembya Charles, Chanda Rodgers, Chansa Fred, Chileshe Christopher, Chileshe Francis, Chiyaka Matthews, David Phiri, Kabuseni Francis, Katongo B Joseph, Katai Muposhi, Kante Hogart, Kapikila Peter, Malama Damani, Manda Masoka, Muposhi Katai, Muwowo Kelly, Mwalumuna Felix, Swaba Evans, Silomba Charles, Zimba Mary, Vincent Mukuka, Chinyanta Merine, Nobert Mukunto, Marjory Kamawu, Gilbert Chitalu, Hellen Mkandawire, Victor Mwape, Kawemba Ackim, Martin Mwansa, Kasenge Francis, Mwanda Rodgers, Sampa Edna, Dorothy Shimo, Rodwell Chulu, Phiri Isaac, Kamfwa Mofya, Lemmy Chibenga, Clement Gondo, Clara Chibuye, Mbewe Agness, Clement Mwelwa, Charity Mulenga, Mambwe Kasakula, Japhet Zulu, Banda Gideon, Sydin Shamutete, Pearson Hamwenda, Victor Mwitwa, Mercy Mumba, Elisah Titima, Misozi Phiri, Eric Mukuka, Benson Mulenga, Juliet Gondwe, Jay Jay Chilala, Joseph Sambumba, Christabel Chishala, Dennis Bwalya, Silver Lukwesa, Priscilla Lishiu, John L. Ngoma, George Lisomona, Mwenya Ignatius, Konkolo Kennedy, Humphrey Mulenga, Rashid B Mhango, Patrick Kambita, Dedu M. Sakala, Musa Chibawe, Chaba Chipili, Sikanyika Field, Hilary Chewe, Victoria Saina, Munyanga Kaluwa, Yvonne Katayi, Mwaka Nakweti, Kaoma Jousha, Chabala Bwalya, Charles Chanda, Elizabeth M Shumba, Clement Musiska, Lorrian Chisala, Gladys Ngandwe, Kasapo Mtembo, Dominic B. Chitondo, Angela Hagwagwa, Theresa Luhila, Chalwe Mutale, Andrew Kalonge, Weluzani Phiri, Griffson Moyo, Chishiba Kalusa, Martin Ngwata, Collins Chileshe, Derrick Mumba, Mbale M Paul, Malisar Kachima, Chibale Chisamo, Gift Nguni, Brighton Makumba, Benwell Siame, Mirriam Nkonde, John Kamanga, Kalembo D. Bwalya, Francis Chilala, Emmanual Lupikisha, Chrispin Kamfwa, Mwila Mwelwa, Jaquiline Mwape, George Kangwa, Mwangelwa Muyatwa, Chabala Rodwell, Ngambo Izambo, Hellen Chanda, Mutale Chibamba, Prosper Musonda, David K Kabwe, Mwanza Dickson, Mulenga Chiti, Richard Tembo, Clide Machalo, Bridget Zulu, Gloria Kapoko, Brian Muleba, Bwalya Gison, Musonda Nature, Mukuba Kaela, Derick Mumba, Chanda R, Kennedy Kabaghe, Jordan Mukwanka, Joseph Simusokwe, Betty Siachimpi, Frank Muwowo, Kalmia Tresford, Banda Blandina, Sharon Mazia, Beauty Changwe, Bupe Mwango B, Edgar Banda, Given Mwansa, Andrew Kangwa, Florence Ngosa, Robson Zulu, George Chisenga, Lucky Mubanga, Faith Kasanda, Nathan Simbeye, Max S Tailoka, Mathews Banda, Alex Talanti, Racheal M. Kapembwa, Levy Shonga, Kedrick Yabalwashi, Forbes Siyoka, Andrew Bwali, Mbale M. Paul, Dawry S Tembo, Enock Manengo, Suyvia Mweetwa, Catherin Sakala, Jessy Munguya, Emmanuel Numwa, Kolombo Whitney, Dorcas Nsalange, Mirriam Kambafwile, Kasapo Ntembo, Zulu Peter, Nyenda Kunda, Munsele Ignitius, Chama Musoka, Kelvin Bulaya, Martin Gwata, Greezer Shaputu, Bright Chama",,2022.0,FY2022,Local Taxes,Industrial/Commercial Rates,,19357395.0,,,,,,,FY2022 industrial/commercial rates,Kitwe-City-Council-2022-Financial-Statements.docx,Note 2,21.0,,
financial_statements_revenue_cdf,,,,,,,,,,KIT-REV-2022-LT-003,revenue_line_annual,"Mwaya Mpasa, Banda Saddock, Bwembya Charles, Chanda Rodgers, Chansa Fred, Chileshe Christopher, Chileshe Francis, Chiyaka Matthews, David Phiri, Kabuseni Francis, Katongo B Joseph, Katai Muposhi, Kante Hogart, Kapikila Peter, Malama Damani, Manda Masoka, Muposhi Katai, Muwowo Kelly, Mwalumuna Felix, Swaba Evans, Silomba Charles, Zimba Mary, Vincent Mukuka, Chinyanta Merine, Nobert Mukunto, Marjory Kamawu, Gilbert Chitalu, Hellen Mkandawire, Victor Mwape, Kawemba Ackim, Martin Mwansa, Kasenge Francis, Mwanda Rodgers, Sampa Edna, Dorothy Shimo, Rodwell Chulu, Phiri Isaac, Kamfwa Mofya, Lemmy Chibenga, Clement Gondo, Clara Chibuye, Mbewe Agness, Clement Mwelwa, Charity Mulenga, Mambwe Kasakula, Japhet Zulu, Banda Gideon, Sydin Shamutete, Pearson Hamwenda, Victor Mwitwa, Mercy Mumba, Elisah Titima, Misozi Phiri, Eric Mukuka, Benson Mulenga, Juliet Gondwe, Jay Jay Chilala, Joseph Sambumba, Christabel Chishala, Dennis Bwalya, Silver Lukwesa, Priscilla Lishiu, John L. Ngoma, George Lisomona, Mwenya Ignatius, Konkolo Kennedy, Humphrey Mulenga, Rashid B Mhango, Patrick Kambita, Dedu M. Sakala, Musa Chibawe, Chaba Chipili, Sikanyika Field, Hilary Chewe, Victoria Saina, Munyanga Kaluwa, Yvonne Katayi, Mwaka Nakweti, Kaoma Jousha, Chabala Bwalya, Charles Chanda, Elizabeth M Shumba, Clement Musiska, Lorrian Chisala, Gladys Ngandwe, Kasapo Mtembo, Dominic B. Chitondo, Angela Hagwagwa, Theresa Luhila, Chalwe Mutale, Andrew Kalonge, Weluzani Phiri, Griffson Moyo, Chishiba Kalusa, Martin Ngwata, Collins Chileshe, Derrick Mumba, Mbale M Paul, Malisar Kachima, Chibale Chisamo, Gift Nguni, Brighton Makumba, Benwell Siame, Mirriam Nkonde, John Kamanga, Kalembo D. Bwalya, Francis Chilala, Emmanual Lupikisha, Chrispin Kamfwa, Mwila Mwelwa, Jaquiline Mwape, George Kangwa, Mwangelwa Muyatwa, Chabala Rodwell, Ngambo Izambo, Hellen Chanda, Mutale Chibamba, Prosper Musonda, David K Kabwe, Mwanza Dickson, Mulenga Chiti, Richard Tembo, Clide Machalo, Bridget Zulu, Gloria Kapoko, Brian Muleba, Bwalya Gison, Musonda Nature, Mukuba Kaela, Derick Mumba, Chanda R, Kennedy Kabaghe, Jordan Mukwanka, Joseph Simusokwe, Betty Siachimpi, Frank Muwowo, Kalmia Tresford, Banda Blandina, Sharon Mazia, Beauty Changwe, Bupe Mwango B, Edgar Banda, Given Mwansa, Andrew Kangwa, Florence Ngosa, Robson Zulu, George Chisenga, Lucky Mubanga, Faith Kasanda, Nathan Simbeye, Max S Tailoka, Mathews Banda, Alex Talanti, Racheal M. Kapembwa, Levy Shonga, Kedrick Yabalwashi, Forbes Siyoka, Andrew Bwali, Mbale M. Paul, Dawry S Tembo, Enock Manengo, Suyvia Mweetwa, Catherin Sakala, Jessy Munguya, Emmanuel Numwa, Kolombo Whitney, Dorcas Nsalange, Mirriam Kambafwile, Kasapo Ntembo, Zulu Peter, Nyenda Kunda, Munsele Ignitius, Chama Musoka, Kelvin Bulaya, Martin Gwata, Greezer Shaputu, Bright Chama",,2022.0,FY2022,Local Taxes,Mining Rates,,31124492.0,,,,,,,FY2022 mining rates,Kitwe-City-Council-2022-Financial-Statements.docx,Note 2,21.0,,
financial_statements_revenue_cdf,,,,,,,,,,KIT-REV-2022-LT-004,revenue_line_annual,"Mwaya Mpasa, Banda Saddock, Bwembya Charles, Chanda Rodgers, Chansa Fred, Chileshe Christopher, Chileshe Francis, Chiyaka Matthews, David Phiri, Kabuseni Francis, Katongo B Joseph, Katai Muposhi, Kante Hogart, Kapikila Peter, Malama Damani, Manda Masoka, Muposhi Katai, Muwowo Kelly, Mwalumuna Felix, Swaba Evans, Silomba Charles, Zimba Mary, Vincent Mukuka, Chinyanta Merine, Nobert Mukunto, Marjory Kamawu, Gilbert Chitalu, Hellen Mkandawire, Victor Mwape, Kawemba Ackim, Martin Mwansa, Kasenge Francis, Mwanda Rodgers, Sampa Edna, Dorothy Shimo, Rodwell Chulu, Phiri Isaac, Kamfwa Mofya, Lemmy Chibenga, Clement Gondo, Clara Chibuye, Mbewe Agness, Clement Mwelwa, Charity Mulenga, Mambwe Kasakula, Japhet Zulu, Banda Gideon, Sydin Shamutete, Pearson Hamwenda, Victor Mwitwa, Mercy Mumba, Elisah Titima, Misozi Phiri, Eric Mukuka, Benson Mulenga, Juliet Gondwe, Jay Jay Chilala, Joseph Sambumba, Christabel Chishala, Dennis Bwalya, Silver Lukwesa, Priscilla Lishiu, John L. Ngoma, George Lisomona, Mwenya Ignatius, Konkolo Kennedy, Humphrey Mulenga, Rashid B Mhango, Patrick Kambita, Dedu M. Sakala, Musa Chibawe, Chaba Chipili, Sikanyika Field, Hilary Chewe, Victoria Saina, Munyanga Kaluwa, Yvonne Katayi, Mwaka Nakweti, Kaoma Jousha, Chabala Bwalya, Charles Chanda, Elizabeth M Shumba, Clement Musiska, Lorrian Chisala, Gladys Ngandwe, Kasapo Mtembo, Dominic B. Chitondo, Angela Hagwagwa, Theresa Luhila, Chalwe Mutale, Andrew Kalonge, Weluzani Phiri, Griffson Moyo, Chishiba Kalusa, Martin Ngwata, Collins Chileshe, Derrick Mumba, Mbale M Paul, Malisar Kachima, Chibale Chisamo, Gift Nguni, Brighton Makumba, Benwell Siame, Mirriam Nkonde, John Kamanga, Kalembo D. Bwalya, Francis Chilala, Emmanual Lupikisha, Chrispin Kamfwa, Mwila Mwelwa, Jaquiline Mwape, George Kangwa, Mwangelwa Muyatwa, Chabala Rodwell, Ngambo Izambo, Hellen Chanda, Mutale Chibamba, Prosper Musonda, David K Kabwe, Mwanza Dickson, Mulenga Chiti, Richard Tembo, Clide Machalo, Bridget Zulu, Gloria Kapoko, Brian Muleba, Bwalya Gison, Musonda Nature, Mukuba Kaela, Derick Mumba, Chanda R, Kennedy Kabaghe, Jordan Mukwanka, Joseph Simusokwe, Betty Siachimpi, Frank Muwowo, Kalmia Tresford, Banda Blandina, Sharon Mazia, Beauty Changwe, Bupe Mwango B, Edgar Banda, Given Mwansa, Andrew Kangwa, Florence Ngosa, Robson Zulu, George Chisenga, Lucky Mubanga, Faith Kasanda, Nathan Simbeye, Max S Tailoka, Mathews Banda, Alex Talanti, Racheal M. Kapembwa, Levy Shonga, Kedrick Yabalwashi, Forbes Siyoka, Andrew Bwali, Mbale M. Paul, Dawry S Tembo, Enock Manengo, Suyvia Mweetwa, Catherin Sakala, Jessy Munguya, Emmanuel Numwa, Kolombo Whitney, Dorcas Nsalange, Mirriam Kambafwile, Kasapo Ntembo, Zulu Peter, Nyenda Kunda, Munsele Ignitius, Chama Musoka, Kelvin Bulaya, Martin Gwata, Greezer Shaputu, Bright Chama",,2022.0,FY2022,Local Taxes,Personal Levy,,126770.0,,,,,,,FY2022 personal levy,Kitwe-City-Council-2022-Financial-Statements.docx,Note 2,21.0,,
financial_statements_revenue_cdf,,,,,,,,,,KIT-REV-2023-LT-001,revenue_line_annual,"Mwaya Mpasa, Banda Saddock, Bwembya Charles, Chanda Rodgers, Chansa Fred, Chileshe Christopher, Chileshe Francis, Chiyaka Matthews, David Phiri, Kabuseni Francis, Katongo B Joseph, Katai Muposhi, Kante Hogart, Kapikila Peter, Malama Damani, Manda Masoka, Muposhi Katai, Muwowo Kelly, Mwalumuna Felix, Swaba Evans, Silomba Charles, Zimba Mary, Vincent Mukuka, Chinyanta Merine, Nobert Mukunto, Marjory Kamawu, Gilbert Chitalu, Hellen Mkandawire, Victor Mwape, Kawemba Ackim, Martin Mwansa, Kasenge Francis, Mwanda Rodgers, Sampa Edna, Dorothy Shimo, Rodwell Chulu, Phiri Isaac, Kamfwa Mofya, Lemmy Chibenga, Clement Gondo, Clara Chibuye, Mbewe Agness, Clement Mwelwa, Charity Mulenga, Mambwe Kasakula, Japhet Zulu, Banda Gideon, Sydin Shamutete, Pearson Hamwenda, Victor Mwitwa, Mercy Mumba, Elisah Titima, Misozi Phiri, Eric Mukuka, Benson Mulenga, Juliet Gondwe, Jay Jay Chilala, Joseph Sambumba, Christabel Chishala, Dennis Bwalya, Silver Lukwesa, Priscilla Lishiu, John L. Ngoma, George Lisomona, Mwenya Ignatius, Konkolo Kennedy, Humphrey Mulenga, Rashid B Mhango, Patrick Kambita, Dedu M. Sakala, Musa Chibawe, Chaba Chipili, Sikanyika Field, Hilary Chewe, Victoria Saina, Munyanga Kaluwa, Yvonne Katayi, Mwaka Nakweti, Kaoma Jousha, Chabala Bwalya, Charles Chanda, Elizabeth M Shumba, Clement Musiska, Lorrian Chisala, Gladys Ngandwe, Kasapo Mtembo, Dominic B. Chitondo, Angela Hagwagwa, Theresa Luhila, Chalwe Mutale, Andrew Kalonge, Weluzani Phiri, Griffson Moyo, Chishiba Kalusa, Martin Ngwata, Collins Chileshe, Derrick Mumba, Mbale M Paul, Malisar Kachima, Chibale Chisamo, Gift Nguni, Brighton Makumba, Benwell Siame, Mirriam Nkonde, John Kamanga, Kalembo D. Bwalya, Francis Chilala, Emmanual Lupikisha, Chrispin Kamfwa, Mwila Mwelwa, Jaquiline Mwape, George Kangwa, Mwangelwa Muyatwa, Chabala Rodwell, Ngambo Izambo, Hellen Chanda, Mutale Chibamba, Prosper Musonda, David K Kabwe, Mwanza Dickson, Mulenga Chiti, Richard Tembo, Clide Machalo, Bridget Zulu, Gloria Kapoko, Brian Muleba, Bwalya Gison, Musonda Nature, Mukuba Kaela, Derick Mumba, Chanda R, Kennedy Kabaghe, Jordan Mukwanka, Joseph Simusokwe, Betty Siachimpi, Frank Muwowo, Kalmia Tresford, Banda Blandina, Sharon Mazia, Beauty Changwe, Bupe Mwango B, Edgar Banda, Given Mwansa, Andrew Kangwa, Florence Ngosa, Robson Zulu, George Chisenga, Lucky Mubanga, Faith Kasanda, Nathan Simbeye, Max S Tailoka, Mathews Banda, Alex Talanti, Racheal M. Kapembwa, Levy Shonga, Kedrick Yabalwashi, Forbes Siyoka, Andrew Bwali, Mbale M. Paul, Dawry S Tembo, Enock Manengo, Suyvia Mweetwa, Catherin Sakala, Jessy Munguya, Emmanuel Numwa, Kolombo Whitney, Dorcas Nsalange, Mirriam Kambafwile, Kasapo Ntembo, Zulu Peter, Nyenda Kunda, Munsele Ignitius, Chama Musoka, Kelvin Bulaya, Martin Gwata, Greezer Shaputu, Bright Chama",,2023.0,FY2023,Local Taxes,Residential Rates,,7506104.0,,,,,,,FY2023 residential rates,Kitwe-C-C-2023-Financial-Statements-SIGNED.pdf,Note 2,24.0,,
financial_statements_revenue_cdf,,,,,,,,,,KIT-REV-2023-LT-002,revenue_line_annual,"Mwaya Mpasa, Banda Saddock, Bwembya Charles, Chanda Rodgers, Chansa Fred, Chileshe Christopher, Chileshe Francis, Chiyaka Matthews, David Phiri, Kabuseni Francis, Katongo B Joseph, Katai Muposhi, Kante Hogart, Kapikila Peter, Malama Damani, Manda Masoka, Muposhi Katai, Muwowo Kelly, Mwalumuna Felix, Swaba Evans, Silomba Charles, Zimba Mary, Vincent Mukuka, Chinyanta Merine, Nobert Mukunto, Marjory Kamawu, Gilbert Chitalu, Hellen Mkandawire, Victor Mwape, Kawemba Ackim, Martin Mwansa, Kasenge Francis, Mwanda Rodgers, Sampa Edna, Dorothy Shimo, Rodwell Chulu, Phiri Isaac, Kamfwa Mofya, Lemmy Chibenga, Clement Gondo, Clara Chibuye, Mbewe Agness, Clement Mwelwa, Charity Mulenga, Mambwe Kasakula, Japhet Zulu, Banda Gideon, Sydin Shamutete, Pearson Hamwenda, Victor Mwitwa, Mercy Mumba, Elisah Titima, Misozi Phiri, Eric Mukuka, Benson Mulenga, Juliet Gondwe, Jay Jay Chilala, Joseph Sambumba, Christabel Chishala, Dennis Bwalya, Silver Lukwesa, Priscilla Lishiu, John L. Ngoma, George Lisomona, Mwenya Ignatius, Konkolo Kennedy, Humphrey Mulenga, Rashid B Mhango, Patrick Kambita, Dedu M. Sakala, Musa Chibawe, Chaba Chipili, Sikanyika Field, Hilary Chewe, Victoria Saina, Munyanga Kaluwa, Yvonne Katayi, Mwaka Nakweti, Kaoma Jousha, Chabala Bwalya, Charles Chanda, Elizabeth M Shumba, Clement Musiska, Lorrian Chisala, Gladys Ngandwe, Kasapo Mtembo, Dominic B. Chitondo, Angela Hagwagwa, Theresa Luhila, Chalwe Mutale, Andrew Kalonge, Weluzani Phiri, Griffson Moyo, Chishiba Kalusa, Martin Ngwata, Collins Chileshe, Derrick Mumba, Mbale M Paul, Malisar Kachima, Chibale Chisamo, Gift Nguni, Brighton Makumba, Benwell Siame, Mirriam Nkonde, John Kamanga, Kalembo D. Bwalya, Francis Chilala, Emmanual Lupikisha, Chrispin Kamfwa, Mwila Mwelwa, Jaquiline Mwape, George Kangwa, Mwangelwa Muyatwa, Chabala Rodwell, Ngambo Izambo, Hellen Chanda, Mutale Chibamba, Prosper Musonda, David K Kabwe, Mwanza Dickson, Mulenga Chiti, Richard Tembo, Clide Machalo, Bridget Zulu, Gloria Kapoko, Brian Muleba, Bwalya Gison, Musonda Nature, Mukuba Kaela, Derick Mumba, Chanda R, Kennedy Kabaghe, Jordan Mukwanka, Joseph Simusokwe, Betty Siachimpi, Frank Muwowo, Kalmia Tresford, Banda Blandina, Sharon Mazia, Beauty Changwe, Bupe Mwango B, Edgar Banda, Given Mwansa, Andrew Kangwa, Florence Ngosa, Robson Zulu, George Chisenga, Lucky Mubanga, Faith Kasanda, Nathan Simbeye, Max S Tailoka, Mathews Banda, Alex Talanti, Racheal M. Kapembwa, Levy Shonga, Kedrick Yabalwashi, Forbes Siyoka, Andrew Bwali, Mbale M. Paul, Dawry S Tembo, Enock Manengo, Suyvia Mweetwa, Catherin Sakala, Jessy Munguya, Emmanuel Numwa, Kolombo Whitney, Dorcas Nsalange, Mirriam Kambafwile, Kasapo Ntembo, Zulu Peter, Nyenda Kunda, Munsele Ignitius, Chama Musoka, Kelvin Bulaya, Martin Gwata, Greezer Shaputu, Bright Chama",,2023.0,FY2023,Local Taxes,Industrial/Commercial Rates,,19032047.0,,,,,,,FY2023 industrial/commercial rates,Kitwe-C-C-2023-Financial-Statements-SIGNED.pdf,Note 2,24.0,,
financial_statements_revenue_cdf,,,,,,,,,,KIT-REV-2023-LT-003,revenue_line_annual,"Mwaya Mpasa, Banda Saddock, Bwembya Charles, Chanda Rodgers, Chansa Fred, Chileshe Christopher, Chileshe Francis, Chiyaka Matthews, David Phiri, Kabuseni Francis, Katongo B Joseph, Katai Muposhi, Kante Hogart, Kapikila Peter, Malama Damani, Manda Masoka, Muposhi Katai, Muwowo Kelly, Mwalumuna Felix, Swaba Evans, Silomba Charles, Zimba Mary, Vincent Mukuka, Chinyanta Merine, Nobert Mukunto, Marjory Kamawu, Gilbert Chitalu, Hellen Mkandawire, Victor Mwape, Kawemba Ackim, Martin Mwansa, Kasenge Francis, Mwanda Rodgers, Sampa Edna, Dorothy Shimo, Rodwell Chulu, Phiri Isaac, Kamfwa Mofya, Lemmy Chibenga, Clement Gondo, Clara Chibuye, Mbewe Agness, Clement Mwelwa, Charity Mulenga, Mambwe Kasakula, Japhet Zulu, Banda Gideon, Sydin Shamutete, Pearson Hamwenda, Victor Mwitwa, Mercy Mumba, Elisah Titima, Misozi Phiri, Eric Mukuka, Benson Mulenga, Juliet Gondwe, Jay Jay Chilala, Joseph Sambumba, Christabel Chishala, Dennis Bwalya, Silver Lukwesa, Priscilla Lishiu, John L. Ngoma, George Lisomona, Mwenya Ignatius, Konkolo Kennedy, Humphrey Mulenga, Rashid B Mhango, Patrick Kambita, Dedu M. Sakala, Musa Chibawe, Chaba Chipili, Sikanyika Field, Hilary Chewe, Victoria Saina, Munyanga Kaluwa, Yvonne Katayi, Mwaka Nakweti, Kaoma Jousha, Chabala Bwalya, Charles Chanda, Elizabeth M Shumba, Clement Musiska, Lorrian Chisala, Gladys Ngandwe, Kasapo Mtembo, Dominic B. Chitondo, Angela Hagwagwa, Theresa Luhila, Chalwe Mutale, Andrew Kalonge, Weluzani Phiri, Griffson Moyo, Chishiba Kalusa, Martin Ngwata, Collins Chileshe, Derrick Mumba, Mbale M Paul, Malisar Kachima, Chibale Chisamo, Gift Nguni, Brighton Makumba, Benwell Siame, Mirriam Nkonde, John Kamanga, Kalembo D. Bwalya, Francis Chilala, Emmanual Lupikisha, Chrispin Kamfwa, Mwila Mwelwa, Jaquiline Mwape, George Kangwa, Mwangelwa Muyatwa, Chabala Rodwell, Ngambo Izambo, Hellen Chanda, Mutale Chibamba, Prosper Musonda, David K Kabwe, Mwanza Dickson, Mulenga Chiti, Richard Tembo, Clide Machalo, Bridget Zulu, Gloria Kapoko, Brian Muleba, Bwalya Gison, Musonda Nature, Mukuba Kaela, Derick Mumba, Chanda R, Kennedy Kabaghe, Jordan Mukwanka, Joseph Simusokwe, Betty Siachimpi, Frank Muwowo, Kalmia Tresford, Banda Blandina, Sharon Mazia, Beauty Changwe, Bupe Mwango B, Edgar Banda, Given Mwansa, Andrew Kangwa, Florence Ngosa, Robson Zulu, George Chisenga, Lucky Mubanga, Faith Kasanda, Nathan Simbeye, Max S Tailoka, Mathews Banda, Alex Talanti, Racheal M. Kapembwa, Levy Shonga, Kedrick Yabalwashi, Forbes Siyoka, Andrew Bwali, Mbale M. Paul, Dawry S Tembo, Enock Manengo, Suyvia Mweetwa, Catherin Sakala, Jessy Munguya, Emmanuel Numwa, Kolombo Whitney, Dorcas Nsalange, Mirriam Kambafwile, Kasapo Ntembo, Zulu Peter, Nyenda Kunda, Munsele Ignitius, Chama Musoka, Kelvin Bulaya, Martin Gwata, Greezer Shaputu, Bright Chama",,2023.0,FY2023,Local Taxes,Mining Rates,,76399799.0,,,,,,,FY2023 mining rates,Kitwe-C-C-2023-Financial-Statements-SIGNED.pdf,Note 2,24.0,,
financial_statements_revenue_cdf,,,,,,,,,,KIT-REV-2023-LT-004,revenue_line_annual,"Mwaya Mpasa, Banda Saddock, Bwembya Charles, Chanda Rodgers, Chansa Fred, Chileshe Christopher, Chileshe Francis, Chiyaka Matthews, David Phiri, Kabuseni Francis, Katongo B Joseph, Katai Muposhi, Kante Hogart, Kapikila Peter, Malama Damani, Manda Masoka, Muposhi Katai, Muwowo Kelly, Mwalumuna Felix, Swaba Evans, Silomba Charles, Zimba Mary, Vincent Mukuka, Chinyanta Merine, Nobert Mukunto, Marjory Kamawu, Gilbert Chitalu, Hellen Mkandawire, Victor Mwape, Kawemba Ackim, Martin Mwansa, Kasenge Francis, Mwanda Rodgers, Sampa Edna, Dorothy Shimo, Rodwell Chulu, Phiri Isaac, Kamfwa Mofya, Lemmy Chibenga, Clement Gondo, Clara Chibuye, Mbewe Agness, Clement Mwelwa, Charity Mulenga, Mambwe Kasakula, Japhet Zulu, Banda Gideon, Sydin Shamutete, Pearson Hamwenda, Victor Mwitwa, Mercy Mumba, Elisah Titima, Misozi Phiri, Eric Mukuka, Benson Mulenga, Juliet Gondwe, Jay Jay Chilala, Joseph Sambumba, Christabel Chishala, Dennis Bwalya, Silver Lukwesa, Priscilla Lishiu, John L. Ngoma, George Lisomona, Mwenya Ignatius, Konkolo Kennedy, Humphrey Mulenga, Rashid B Mhango, Patrick Kambita, Dedu M. Sakala, Musa Chibawe, Chaba Chipili, Sikanyika Field, Hilary Chewe, Victoria Saina, Munyanga Kaluwa, Yvonne Katayi, Mwaka Nakweti, Kaoma Jousha, Chabala Bwalya, Charles Chanda, Elizabeth M Shumba, Clement Musiska, Lorrian Chisala, Gladys Ngandwe, Kasapo Mtembo, Dominic B. Chitondo, Angela Hagwagwa, Theresa Luhila, Chalwe Mutale, Andrew Kalonge, Weluzani Phiri, Griffson Moyo, Chishiba Kalusa, Martin Ngwata, Collins Chileshe, Derrick Mumba, Mbale M Paul, Malisar Kachima, Chibale Chisamo, Gift Nguni, Brighton Makumba, Benwell Siame, Mirriam Nkonde, John Kamanga, Kalembo D. Bwalya, Francis Chilala, Emmanual Lupikisha, Chrispin Kamfwa, Mwila Mwelwa, Jaquiline Mwape, George Kangwa, Mwangelwa Muyatwa, Chabala Rodwell, Ngambo Izambo, Hellen Chanda, Mutale Chibamba, Prosper Musonda, David K Kabwe, Mwanza Dickson, Mulenga Chiti, Richard Tembo, Clide Machalo, Bridget Zulu, Gloria Kapoko, Brian Muleba, Bwalya Gison, Musonda Nature, Mukuba Kaela, Derick Mumba, Chanda R, Kennedy Kabaghe, Jordan Mukwanka, Joseph Simusokwe, Betty Siachimpi, Frank Muwowo, Kalmia Tresford, Banda Blandina, Sharon Mazia, Beauty Changwe, Bupe Mwango B, Edgar Banda, Given Mwansa, Andrew Kangwa, Florence Ngosa, Robson Zulu, George Chisenga, Lucky Mubanga, Faith Kasanda, Nathan Simbeye, Max S Tailoka, Mathews Banda, Alex Talanti, Racheal M. Kapembwa, Levy Shonga, Kedrick Yabalwashi, Forbes Siyoka, Andrew Bwali, Mbale M. Paul, Dawry S Tembo, Enock Manengo, Suyvia Mweetwa, Catherin Sakala, Jessy Munguya, Emmanuel Numwa, Kolombo Whitney, Dorcas Nsalange, Mirriam Kambafwile, Kasapo Ntembo, Zulu Peter, Nyenda Kunda, Munsele Ignitius, Chama Musoka, Kelvin Bulaya, Martin Gwata, Greezer Shaputu, Bright Chama",,2023.0,FY2023,Local Taxes,Personal Levy,,170279.0,,,,,,,FY2023 personal levy,Kitwe-C-C-2023-Financial-Statements-SIGNED.pdf,Note 2,24.0,,
financial_statements_revenue_cdf,,,,,,,,,,KIT-REV-2024-LT-001,revenue_line_annual,"Mwaya Mpasa, Banda Saddock, Bwembya Charles, Chanda Rodgers, Chansa Fred, Chileshe Christopher, Chileshe Francis, Chiyaka Matthews, David Phiri, Kabuseni Francis, Katongo B Joseph, Katai Muposhi, Kante Hogart, Kapikila Peter, Malama Damani, Manda Masoka, Muposhi Katai, Muwowo Kelly, Mwalumuna Felix, Swaba Evans, Silomba Charles, Zimba Mary, Vincent Mukuka, Chinyanta Merine, Nobert Mukunto, Marjory Kamawu, Gilbert Chitalu, Hellen Mkandawire, Victor Mwape, Kawemba Ackim, Martin Mwansa, Kasenge Francis, Mwanda Rodgers, Sampa Edna, Dorothy Shimo, Rodwell Chulu, Phiri Isaac, Kamfwa Mofya, Lemmy Chibenga, Clement Gondo, Clara Chibuye, Mbewe Agness, Clement Mwelwa, Charity Mulenga, Mambwe Kasakula, Japhet Zulu, Banda Gideon, Sydin Shamutete, Pearson Hamwenda, Victor Mwitwa, Mercy Mumba, Elisah Titima, Misozi Phiri, Eric Mukuka, Benson Mulenga, Juliet Gondwe, Jay Jay Chilala, Joseph Sambumba, Christabel Chishala, Dennis Bwalya, Silver Lukwesa, Priscilla Lishiu, John L. Ngoma, George Lisomona, Mwenya Ignatius, Konkolo Kennedy, Humphrey Mulenga, Rashid B Mhango, Patrick Kambita, Dedu M. Sakala, Musa Chibawe, Chaba Chipili, Sikanyika Field, Hilary Chewe, Victoria Saina, Munyanga Kaluwa, Yvonne Katayi, Mwaka Nakweti, Kaoma Jousha, Chabala Bwalya, Charles Chanda, Elizabeth M Shumba, Clement Musiska, Lorrian Chisala, Gladys Ngandwe, Kasapo Mtembo, Dominic B. Chitondo, Angela Hagwagwa, Theresa Luhila, Chalwe Mutale, Andrew Kalonge, Weluzani Phiri, Griffson Moyo, Chishiba Kalusa, Martin Ngwata, Collins Chileshe, Derrick Mumba, Mbale M Paul, Malisar Kachima, Chibale Chisamo, Gift Nguni, Brighton Makumba, Benwell Siame, Mirriam Nkonde, John Kamanga, Kalembo D. Bwalya, Francis Chilala, Emmanual Lupikisha, Chrispin Kamfwa, Mwila Mwelwa, Jaquiline Mwape, George Kangwa, Mwangelwa Muyatwa, Chabala Rodwell, Ngambo Izambo, Hellen Chanda, Mutale Chibamba, Prosper Musonda, David K Kabwe, Mwanza Dickson, Mulenga Chiti, Richard Tembo, Clide Machalo, Bridget Zulu, Gloria Kapoko, Brian Muleba, Bwalya Gison, Musonda Nature, Mukuba Kaela, Derick Mumba, Chanda R, Kennedy Kabaghe, Jordan Mukwanka, Joseph Simusokwe, Betty Siachimpi, Frank Muwowo, Kalmia Tresford, Banda Blandina, Sharon Mazia, Beauty Changwe, Bupe Mwango B, Edgar Banda, Given Mwansa, Andrew Kangwa, Florence Ngosa, Robson Zulu, George Chisenga, Lucky Mubanga, Faith Kasanda, Nathan Simbeye, Max S Tailoka, Mathews Banda, Alex Talanti, Racheal M. Kapembwa, Levy Shonga, Kedrick Yabalwashi, Forbes Siyoka, Andrew Bwali, Mbale M. Paul, Dawry S Tembo, Enock Manengo, Suyvia Mweetwa, Catherin Sakala, Jessy Munguya, Emmanuel Numwa, Kolombo Whitney, Dorcas Nsalange, Mirriam Kambafwile, Kasapo Ntembo, Zulu Peter, Nyenda Kunda, Munsele Ignitius, Chama Musoka, Kelvin Bulaya, Martin Gwata, Greezer Shaputu, Bright Chama",,2024.0,FY2024,Local Taxes,Residential Rates,,7462769.0,,,,,,,FY2024 residential rates,Kitwe-C-C-2024-Audited-financial-statements-final-071125.pdf,Note 2,25.0,,
financial_statements_revenue_cdf,,,,,,,,,,KIT-REV-2024-LT-002,revenue_line_annual,"Mwaya Mpasa, Banda Saddock, Bwembya Charles, Chanda Rodgers, Chansa Fred, Chileshe Christopher, Chileshe Francis, Chiyaka Matthews, David Phiri, Kabuseni Francis, Katongo B Joseph, Katai Muposhi, Kante Hogart, Kapikila Peter, Malama Damani, Manda Masoka, Muposhi Katai, Muwowo Kelly, Mwalumuna Felix, Swaba Evans, Silomba Charles, Zimba Mary, Vincent Mukuka, Chinyanta Merine, Nobert Mukunto, Marjory Kamawu, Gilbert Chitalu, Hellen Mkandawire, Victor Mwape, Kawemba Ackim, Martin Mwansa, Kasenge Francis, Mwanda Rodgers, Sampa Edna, Dorothy Shimo, Rodwell Chulu, Phiri Isaac, Kamfwa Mofya, Lemmy Chibenga, Clement Gondo, Clara Chibuye, Mbewe Agness, Clement Mwelwa, Charity Mulenga, Mambwe Kasakula, Japhet Zulu, Banda Gideon, Sydin Shamutete, Pearson Hamwenda, Victor Mwitwa, Mercy Mumba, Elisah Titima, Misozi Phiri, Eric Mukuka, Benson Mulenga, Juliet Gondwe, Jay Jay Chilala, Joseph Sambumba, Christabel Chishala, Dennis Bwalya, Silver Lukwesa, Priscilla Lishiu, John L. Ngoma, George Lisomona, Mwenya Ignatius, Konkolo Kennedy, Humphrey Mulenga, Rashid B Mhango, Patrick Kambita, Dedu M. Sakala, Musa Chibawe, Chaba Chipili, Sikanyika Field, Hilary Chewe, Victoria Saina, Munyanga Kaluwa, Yvonne Katayi, Mwaka Nakweti, Kaoma Jousha, Chabala Bwalya, Charles Chanda, Elizabeth M Shumba, Clement Musiska, Lorrian Chisala, Gladys Ngandwe, Kasapo Mtembo, Dominic B. Chitondo, Angela Hagwagwa, Theresa Luhila, Chalwe Mutale, Andrew Kalonge, Weluzani Phiri, Griffson Moyo, Chishiba Kalusa, Martin Ngwata, Collins Chileshe, Derrick Mumba, Mbale M Paul, Malisar Kachima, Chibale Chisamo, Gift Nguni, Brighton Makumba, Benwell Siame, Mirriam Nkonde, John Kamanga, Kalembo D. Bwalya, Francis Chilala, Emmanual Lupikisha, Chrispin Kamfwa, Mwila Mwelwa, Jaquiline Mwape, George Kangwa, Mwangelwa Muyatwa, Chabala Rodwell, Ngambo Izambo, Hellen Chanda, Mutale Chibamba, Prosper Musonda, David K Kabwe, Mwanza Dickson, Mulenga Chiti, Richard Tembo, Clide Machalo, Bridget Zulu, Gloria Kapoko, Brian Muleba, Bwalya Gison, Musonda Nature, Mukuba Kaela, Derick Mumba, Chanda R, Kennedy Kabaghe, Jordan Mukwanka, Joseph Simusokwe, Betty Siachimpi, Frank Muwowo, Kalmia Tresford, Banda Blandina, Sharon Mazia, Beauty Changwe, Bupe Mwango B, Edgar Banda, Given Mwansa, Andrew Kangwa, Florence Ngosa, Robson Zulu, George Chisenga, Lucky Mubanga, Faith Kasanda, Nathan Simbeye, Max S Tailoka, Mathews Banda, Alex Talanti, Racheal M. Kapembwa, Levy Shonga, Kedrick Yabalwashi, Forbes Siyoka, Andrew Bwali, Mbale M. Paul, Dawry S Tembo, Enock Manengo, Suyvia Mweetwa, Catherin Sakala, Jessy Munguya, Emmanuel Numwa, Kolombo Whitney, Dorcas Nsalange, Mirriam Kambafwile, Kasapo Ntembo, Zulu Peter, Nyenda Kunda, Munsele Ignitius, Chama Musoka, Kelvin Bulaya, Martin Gwata, Greezer Shaputu, Bright Chama",,2024.0,FY2024,Local Taxes,Industrial/Commercial Rates,,24546043.0,,,,,,,FY2024 industrial/commercial rates,Kitwe-C-C-2024-Audited-financial-statements-final-071125.pdf,Note 2,25.0,,
financial_statements_revenue_cdf,,,,,,,,,,KIT-REV-2024-LT-003,revenue_line_annual,"Mwaya Mpasa, Banda Saddock, Bwembya Charles, Chanda Rodgers, Chansa Fred, Chileshe Christopher, Chileshe Francis, Chiyaka Matthews, David Phiri, Kabuseni Francis, Katongo B Joseph, Katai Muposhi, Kante Hogart, Kapikila Peter, Malama Damani, Manda Masoka, Muposhi Katai, Muwowo Kelly, Mwalumuna Felix, Swaba Evans, Silomba Charles, Zimba Mary, Vincent Mukuka, Chinyanta Merine, Nobert Mukunto, Marjory Kamawu, Gilbert Chitalu, Hellen Mkandawire, Victor Mwape, Kawemba Ackim, Martin Mwansa, Kasenge Francis, Mwanda Rodgers, Sampa Edna, Dorothy Shimo, Rodwell Chulu, Phiri Isaac, Kamfwa Mofya, Lemmy Chibenga, Clement Gondo, Clara Chibuye, Mbewe Agness, Clement Mwelwa, Charity Mulenga, Mambwe Kasakula, Japhet Zulu, Banda Gideon, Sydin Shamutete, Pearson Hamwenda, Victor Mwitwa, Mercy Mumba, Elisah Titima, Misozi Phiri, Eric Mukuka, Benson Mulenga, Juliet Gondwe, Jay Jay Chilala, Joseph Sambumba, Christabel Chishala, Dennis Bwalya, Silver Lukwesa, Priscilla Lishiu, John L. Ngoma, George Lisomona, Mwenya Ignatius, Konkolo Kennedy, Humphrey Mulenga, Rashid B Mhango, Patrick Kambita, Dedu M. Sakala, Musa Chibawe, Chaba Chipili, Sikanyika Field, Hilary Chewe, Victoria Saina, Munyanga Kaluwa, Yvonne Katayi, Mwaka Nakweti, Kaoma Jousha, Chabala Bwalya, Charles Chanda, Elizabeth M Shumba, Clement Musiska, Lorrian Chisala, Gladys Ngandwe, Kasapo Mtembo, Dominic B. Chitondo, Angela Hagwagwa, Theresa Luhila, Chalwe Mutale, Andrew Kalonge, Weluzani Phiri, Griffson Moyo, Chishiba Kalusa, Martin Ngwata, Collins Chileshe, Derrick Mumba, Mbale M Paul, Malisar Kachima, Chibale Chisamo, Gift Nguni, Brighton Makumba, Benwell Siame, Mirriam Nkonde, John Kamanga, Kalembo D. Bwalya, Francis Chilala, Emmanual Lupikisha, Chrispin Kamfwa, Mwila Mwelwa, Jaquiline Mwape, George Kangwa, Mwangelwa Muyatwa, Chabala Rodwell, Ngambo Izambo, Hellen Chanda, Mutale Chibamba, Prosper Musonda, David K Kabwe, Mwanza Dickson, Mulenga Chiti, Richard Tembo, Clide Machalo, Bridget Zulu, Gloria Kapoko, Brian Muleba, Bwalya Gison, Musonda Nature, Mukuba Kaela, Derick Mumba, Chanda R, Kennedy Kabaghe, Jordan Mukwanka, Joseph Simusokwe, Betty Siachimpi, Frank Muwowo, Kalmia Tresford, Banda Blandina, Sharon Mazia, Beauty Changwe, Bupe Mwango B, Edgar Banda, Given Mwansa, Andrew Kangwa, Florence Ngosa, Robson Zulu, George Chisenga, Lucky Mubanga, Faith Kasanda, Nathan Simbeye, Max S Tailoka, Mathews Banda, Alex Talanti, Racheal M. Kapembwa, Levy Shonga, Kedrick Yabalwashi, Forbes Siyoka, Andrew Bwali, Mbale M. Paul, Dawry S Tembo, Enock Manengo, Suyvia Mweetwa, Catherin Sakala, Jessy Munguya, Emmanuel Numwa, Kolombo Whitney, Dorcas Nsalange, Mirriam Kambafwile, Kasapo Ntembo, Zulu Peter, Nyenda Kunda, Munsele Ignitius, Chama Musoka, Kelvin Bulaya, Martin Gwata, Greezer Shaputu, Bright Chama",,2024.0,FY2024,Local Taxes,Mining Rates,,186119095.0,,,,,,,FY2024 mining rates,Kitwe-C-C-2024-Audited-financial-statements-final-071125.pdf,Note 2,25.0,,
financial_statements_revenue_cdf,,,,,,,,,,KIT-REV-2024-LT-004,revenue_line_annual,"Mwaya Mpasa, Banda Saddock, Bwembya Charles, Chanda Rodgers, Chansa Fred, Chileshe Christopher, Chileshe Francis, Chiyaka Matthews, David Phiri, Kabuseni Francis, Katongo B Joseph, Katai Muposhi, Kante Hogart, Kapikila Peter, Malama Damani, Manda Masoka, Muposhi Katai, Muwowo Kelly, Mwalumuna Felix, Swaba Evans, Silomba Charles, Zimba Mary, Vincent Mukuka, Chinyanta Merine, Nobert Mukunto, Marjory Kamawu, Gilbert Chitalu, Hellen Mkandawire, Victor Mwape, Kawemba Ackim, Martin Mwansa, Kasenge Francis, Mwanda Rodgers, Sampa Edna, Dorothy Shimo, Rodwell Chulu, Phiri Isaac, Kamfwa Mofya, Lemmy Chibenga, Clement Gondo, Clara Chibuye, Mbewe Agness, Clement Mwelwa, Charity Mulenga, Mambwe Kasakula, Japhet Zulu, Banda Gideon, Sydin Shamutete, Pearson Hamwenda, Victor Mwitwa, Mercy Mumba, Elisah Titima, Misozi Phiri, Eric Mukuka, Benson Mulenga, Juliet Gondwe, Jay Jay Chilala, Joseph Sambumba, Christabel Chishala, Dennis Bwalya, Silver Lukwesa, Priscilla Lishiu, John L. Ngoma, George Lisomona, Mwenya Ignatius, Konkolo Kennedy, Humphrey Mulenga, Rashid B Mhango, Patrick Kambita, Dedu M. Sakala, Musa Chibawe, Chaba Chipili, Sikanyika Field, Hilary Chewe, Victoria Saina, Munyanga Kaluwa, Yvonne Katayi, Mwaka Nakweti, Kaoma Jousha, Chabala Bwalya, Charles Chanda, Elizabeth M Shumba, Clement Musiska, Lorrian Chisala, Gladys Ngandwe, Kasapo Mtembo, Dominic B. Chitondo, Angela Hagwagwa, Theresa Luhila, Chalwe Mutale, Andrew Kalonge, Weluzani Phiri, Griffson Moyo, Chishiba Kalusa, Martin Ngwata, Collins Chileshe, Derrick Mumba, Mbale M Paul, Malisar Kachima, Chibale Chisamo, Gift Nguni, Brighton Makumba, Benwell Siame, Mirriam Nkonde, John Kamanga, Kalembo D. Bwalya, Francis Chilala, Emmanual Lupikisha, Chrispin Kamfwa, Mwila Mwelwa, Jaquiline Mwape, George Kangwa, Mwangelwa Muyatwa, Chabala Rodwell, Ngambo Izambo, Hellen Chanda, Mutale Chibamba, Prosper Musonda, David K Kabwe, Mwanza Dickson, Mulenga Chiti, Richard Tembo, Clide Machalo, Bridget Zulu, Gloria Kapoko, Brian Muleba, Bwalya Gison, Musonda Nature, Mukuba Kaela, Derick Mumba, Chanda R, Kennedy Kabaghe, Jordan Mukwanka, Joseph Simusokwe, Betty Siachimpi, Frank Muwowo, Kalmia Tresford, Banda Blandina, Sharon Mazia, Beauty Changwe, Bupe Mwango B, Edgar Banda, Given Mwansa, Andrew Kangwa, Florence Ngosa, Robson Zulu, George Chisenga, Lucky Mubanga, Faith Kasanda, Nathan Simbeye, Max S Tailoka, Mathews Banda, Alex Talanti, Racheal M. Kapembwa, Levy Shonga, Kedrick Yabalwashi, Forbes Siyoka, Andrew Bwali, Mbale M. Paul, Dawry S Tembo, Enock Manengo, Suyvia Mweetwa, Catherin Sakala, Jessy Munguya, Emmanuel Numwa, Kolombo Whitney, Dorcas Nsalange, Mirriam Kambafwile, Kasapo Ntembo, Zulu Peter, Nyenda Kunda, Munsele Ignitius, Chama Musoka, Kelvin Bulaya, Martin Gwata, Greezer Shaputu, Bright Chama",,2024.0,FY2024,Local Taxes,Personal Levy,,421093.0,,,,,,,FY2024 personal levy,Kitwe-C-C-2024-Audited-financial-statements-final-071125.pdf,Note 2,25.0,,
financial_statements_revenue_cdf,,,,,,,,,,KIT-REV-2023-FC-001,revenue_line_annual,"Mwaya Mpasa, Banda Saddock, Bwembya Charles, Chanda Rodgers, Chansa Fred, Chileshe Christopher, Chileshe Francis, Chiyaka Matthews, David Phiri, Kabuseni Francis, Katongo B Joseph, Katai Muposhi, Kante Hogart, Kapikila Peter, Malama Damani, Manda Masoka, Muposhi Katai, Muwowo Kelly, Mwalumuna Felix, Swaba Evans, Silomba Charles, Zimba Mary, Vincent Mukuka, Chinyanta Merine, Nobert Mukunto, Marjory Kamawu, Gilbert Chitalu, Hellen Mkandawire, Victor Mwape, Kawemba Ackim, Martin Mwansa, Kasenge Francis, Mwanda Rodgers, Sampa Edna, Dorothy Shimo, Rodwell Chulu, Phiri Isaac, Kamfwa Mofya, Lemmy Chibenga, Clement Gondo, Clara Chibuye, Mbewe Agness, Clement Mwelwa, Charity Mulenga, Mambwe Kasakula, Japhet Zulu, Banda Gideon, Sydin Shamutete, Pearson Hamwenda, Victor Mwitwa, Mercy Mumba, Elisah Titima, Misozi Phiri, Eric Mukuka, Benson Mulenga, Juliet Gondwe, Jay Jay Chilala, Joseph Sambumba, Christabel Chishala, Dennis Bwalya, Silver Lukwesa, Priscilla Lishiu, John L. Ngoma, George Lisomona, Mwenya Ignatius, Konkolo Kennedy, Humphrey Mulenga, Rashid B Mhango, Patrick Kambita, Dedu M. Sakala, Musa Chibawe, Chaba Chipili, Sikanyika Field, Hilary Chewe, Victoria Saina, Munyanga Kaluwa, Yvonne Katayi, Mwaka Nakweti, Kaoma Jousha, Chabala Bwalya, Charles Chanda, Elizabeth M Shumba, Clement Musiska, Lorrian Chisala, Gladys Ngandwe, Kasapo Mtembo, Dominic B. Chitondo, Angela Hagwagwa, Theresa Luhila, Chalwe Mutale, Andrew Kalonge, Weluzani Phiri, Griffson Moyo, Chishiba Kalusa, Martin Ngwata, Collins Chileshe, Derrick Mumba, Mbale M Paul, Malisar Kachima, Chibale Chisamo, Gift Nguni, Brighton Makumba, Benwell Siame, Mirriam Nkonde, John Kamanga, Kalembo D. Bwalya, Francis Chilala, Emmanual Lupikisha, Chrispin Kamfwa, Mwila Mwelwa, Jaquiline Mwape, George Kangwa, Mwangelwa Muyatwa, Chabala Rodwell, Ngambo Izambo, Hellen Chanda, Mutale Chibamba, Prosper Musonda, David K Kabwe, Mwanza Dickson, Mulenga Chiti, Richard Tembo, Clide Machalo, Bridget Zulu, Gloria Kapoko, Brian Muleba, Bwalya Gison, Musonda Nature, Mukuba Kaela, Derick Mumba, Chanda R, Kennedy Kabaghe, Jordan Mukwanka, Joseph Simusokwe, Betty Siachimpi, Frank Muwowo, Kalmia Tresford, Banda Blandina, Sharon Mazia, Beauty Changwe, Bupe Mwango B, Edgar Banda, Given Mwansa, Andrew Kangwa, Florence Ngosa, Robson Zulu, George Chisenga, Lucky Mubanga, Faith Kasanda, Nathan Simbeye, Max S Tailoka, Mathews Banda, Alex Talanti, Racheal M. Kapembwa, Levy Shonga, Kedrick Yabalwashi, Forbes Siyoka, Andrew Bwali, Mbale M. Paul, Dawry S Tembo, Enock Manengo, Suyvia Mweetwa, Catherin Sakala, Jessy Munguya, Emmanuel Numwa, Kolombo Whitney, Dorcas Nsalange, Mirriam Kambafwile, Kasapo Ntembo, Zulu Peter, Nyenda Kunda, Munsele Ignitius, Chama Musoka, Kelvin Bulaya, Martin Gwata, Greezer Shaputu, Bright Chama",,2023.0,FY2023,Fees and Charges,Total Fees and Charges,,30706709.0,,,,,,,FY2023 total fees and charges,Kitwe-C-C-2023-Financial-Statements-SIGNED.pdf,Note 3,24.0,,
financial_statements_revenue_cdf,,,,,,,,,,KIT-REV-2023-FC-002,revenue_line_annual,"Mwaya Mpasa, Banda Saddock, Bwembya Charles, Chanda Rodgers, Chansa Fred, Chileshe Christopher, Chileshe Francis, Chiyaka Matthews, David Phiri, Kabuseni Francis, Katongo B Joseph, Katai Muposhi, Kante Hogart, Kapikila Peter, Malama Damani, Manda Masoka, Muposhi Katai, Muwowo Kelly, Mwalumuna Felix, Swaba Evans, Silomba Charles, Zimba Mary, Vincent Mukuka, Chinyanta Merine, Nobert Mukunto, Marjory Kamawu, Gilbert Chitalu, Hellen Mkandawire, Victor Mwape, Kawemba Ackim, Martin Mwansa, Kasenge Francis, Mwanda Rodgers, Sampa Edna, Dorothy Shimo, Rodwell Chulu, Phiri Isaac, Kamfwa Mofya, Lemmy Chibenga, Clement Gondo, Clara Chibuye, Mbewe Agness, Clement Mwelwa, Charity Mulenga, Mambwe Kasakula, Japhet Zulu, Banda Gideon, Sydin Shamutete, Pearson Hamwenda, Victor Mwitwa, Mercy Mumba, Elisah Titima, Misozi Phiri, Eric Mukuka, Benson Mulenga, Juliet Gondwe, Jay Jay Chilala, Joseph Sambumba, Christabel Chishala, Dennis Bwalya, Silver Lukwesa, Priscilla Lishiu, John L. Ngoma, George Lisomona, Mwenya Ignatius, Konkolo Kennedy, Humphrey Mulenga, Rashid B Mhango, Patrick Kambita, Dedu M. Sakala, Musa Chibawe, Chaba Chipili, Sikanyika Field, Hilary Chewe, Victoria Saina, Munyanga Kaluwa, Yvonne Katayi, Mwaka Nakweti, Kaoma Jousha, Chabala Bwalya, Charles Chanda, Elizabeth M Shumba, Clement Musiska, Lorrian Chisala, Gladys Ngandwe, Kasapo Mtembo, Dominic B. Chitondo, Angela Hagwagwa, Theresa Luhila, Chalwe Mutale, Andrew Kalonge, Weluzani Phiri, Griffson Moyo, Chishiba Kalusa, Martin Ngwata, Collins Chileshe, Derrick Mumba, Mbale M Paul, Malisar Kachima, Chibale Chisamo, Gift Nguni, Brighton Makumba, Benwell Siame, Mirriam Nkonde, John Kamanga, Kalembo D. Bwalya, Francis Chilala, Emmanual Lupikisha, Chrispin Kamfwa, Mwila Mwelwa, Jaquiline Mwape, George Kangwa, Mwangelwa Muyatwa, Chabala Rodwell, Ngambo Izambo, Hellen Chanda, Mutale Chibamba, Prosper Musonda, David K Kabwe, Mwanza Dickson, Mulenga Chiti, Richard Tembo, Clide Machalo, Bridget Zulu, Gloria Kapoko, Brian Muleba, Bwalya Gison, Musonda Nature, Mukuba Kaela, Derick Mumba, Chanda R, Kennedy Kabaghe, Jordan Mukwanka, Joseph Simusokwe, Betty Siachimpi, Frank Muwowo, Kalmia Tresford, Banda Blandina, Sharon Mazia, Beauty Changwe, Bupe Mwango B, Edgar Banda, Given Mwansa, Andrew Kangwa, Florence Ngosa, Robson Zulu, George Chisenga, Lucky Mubanga, Faith Kasanda, Nathan Simbeye, Max S Tailoka, Mathews Banda, Alex Talanti, Racheal M. Kapembwa, Levy Shonga, Kedrick Yabalwashi, Forbes Siyoka, Andrew Bwali, Mbale M. Paul, Dawry S Tembo, Enock Manengo, Suyvia Mweetwa, Catherin Sakala, Jessy Munguya, Emmanuel Numwa, Kolombo Whitney, Dorcas Nsalange, Mirriam Kambafwile, Kasapo Ntembo, Zulu Peter, Nyenda Kunda, Munsele Ignitius, Chama Musoka, Kelvin Bulaya, Martin Gwata, Greezer Shaputu, Bright Chama",,2023.0,FY2023,Fees and Charges,Market Fees,,3882724.0,,,,,,,FY2023 market fees,Kitwe-C-C-2023-Financial-Statements-SIGNED.pdf,Note 3,24.0,,
financial_statements_revenue_cdf,,,,,,,,,,KIT-REV-2023-FC-003,revenue_line_annual,"Mwaya Mpasa, Banda Saddock, Bwembya Charles, Chanda Rodgers, Chansa Fred, Chileshe Christopher, Chileshe Francis, Chiyaka Matthews, David Phiri, Kabuseni Francis, Katongo B Joseph, Katai Muposhi, Kante Hogart, Kapikila Peter, Malama Damani, Manda Masoka, Muposhi Katai, Muwowo Kelly, Mwalumuna Felix, Swaba Evans, Silomba Charles, Zimba Mary, Vincent Mukuka, Chinyanta Merine, Nobert Mukunto, Marjory Kamawu, Gilbert Chitalu, Hellen Mkandawire, Victor Mwape, Kawemba Ackim, Martin Mwansa, Kasenge Francis, Mwanda Rodgers, Sampa Edna, Dorothy Shimo, Rodwell Chulu, Phiri Isaac, Kamfwa Mofya, Lemmy Chibenga, Clement Gondo, Clara Chibuye, Mbewe Agness, Clement Mwelwa, Charity Mulenga, Mambwe Kasakula, Japhet Zulu, Banda Gideon, Sydin Shamutete, Pearson Hamwenda, Victor Mwitwa, Mercy Mumba, Elisah Titima, Misozi Phiri, Eric Mukuka, Benson Mulenga, Juliet Gondwe, Jay Jay Chilala, Joseph Sambumba, Christabel Chishala, Dennis Bwalya, Silver Lukwesa, Priscilla Lishiu, John L. Ngoma, George Lisomona, Mwenya Ignatius, Konkolo Kennedy, Humphrey Mulenga, Rashid B Mhango, Patrick Kambita, Dedu M. Sakala, Musa Chibawe, Chaba Chipili, Sikanyika Field, Hilary Chewe, Victoria Saina, Munyanga Kaluwa, Yvonne Katayi, Mwaka Nakweti, Kaoma Jousha, Chabala Bwalya, Charles Chanda, Elizabeth M Shumba, Clement Musiska, Lorrian Chisala, Gladys Ngandwe, Kasapo Mtembo, Dominic B. Chitondo, Angela Hagwagwa, Theresa Luhila, Chalwe Mutale, Andrew Kalonge, Weluzani Phiri, Griffson Moyo, Chishiba Kalusa, Martin Ngwata, Collins Chileshe, Derrick Mumba, Mbale M Paul, Malisar Kachima, Chibale Chisamo, Gift Nguni, Brighton Makumba, Benwell Siame, Mirriam Nkonde, John Kamanga, Kalembo D. Bwalya, Francis Chilala, Emmanual Lupikisha, Chrispin Kamfwa, Mwila Mwelwa, Jaquiline Mwape, George Kangwa, Mwangelwa Muyatwa, Chabala Rodwell, Ngambo Izambo, Hellen Chanda, Mutale Chibamba, Prosper Musonda, David K Kabwe, Mwanza Dickson, Mulenga Chiti, Richard Tembo, Clide Machalo, Bridget Zulu, Gloria Kapoko, Brian Muleba, Bwalya Gison, Musonda Nature, Mukuba Kaela, Derick Mumba, Chanda R, Kennedy Kabaghe, Jordan Mukwanka, Joseph Simusokwe, Betty Siachimpi, Frank Muwowo, Kalmia Tresford, Banda Blandina, Sharon Mazia, Beauty Changwe, Bupe Mwango B, Edgar Banda, Given Mwansa, Andrew Kangwa, Florence Ngosa, Robson Zulu, George Chisenga, Lucky Mubanga, Faith Kasanda, Nathan Simbeye, Max S Tailoka, Mathews Banda, Alex Talanti, Racheal M. Kapembwa, Levy Shonga, Kedrick Yabalwashi, Forbes Siyoka, Andrew Bwali, Mbale M. Paul, Dawry S Tembo, Enock Manengo, Suyvia Mweetwa, Catherin Sakala, Jessy Munguya, Emmanuel Numwa, Kolombo Whitney, Dorcas Nsalange, Mirriam Kambafwile, Kasapo Ntembo, Zulu Peter, Nyenda Kunda, Munsele Ignitius, Chama Musoka, Kelvin Bulaya, Martin Gwata, Greezer Shaputu, Bright Chama",,2023.0,FY2023,Fees and Charges,Bus Station Fees,,5702116.0,,,,,,,FY2023 bus station fees,Kitwe-C-C-2023-Financial-Statements-SIGNED.pdf,Note 3,24.0,,
financial_statements_revenue_cdf,,,,,,,,,,KIT-REV-2023-FC-004,revenue_line_annual,"Mwaya Mpasa, Banda Saddock, Bwembya Charles, Chanda Rodgers, Chansa Fred, Chileshe Christopher, Chileshe Francis, Chiyaka Matthews, David Phiri, Kabuseni Francis, Katongo B Joseph, Katai Muposhi, Kante Hogart, Kapikila Peter, Malama Damani, Manda Masoka, Muposhi Katai, Muwowo Kelly, Mwalumuna Felix, Swaba Evans, Silomba Charles, Zimba Mary, Vincent Mukuka, Chinyanta Merine, Nobert Mukunto, Marjory Kamawu, Gilbert Chitalu, Hellen Mkandawire, Victor Mwape, Kawemba Ackim, Martin Mwansa, Kasenge Francis, Mwanda Rodgers, Sampa Edna, Dorothy Shimo, Rodwell Chulu, Phiri Isaac, Kamfwa Mofya, Lemmy Chibenga, Clement Gondo, Clara Chibuye, Mbewe Agness, Clement Mwelwa, Charity Mulenga, Mambwe Kasakula, Japhet Zulu, Banda Gideon, Sydin Shamutete, Pearson Hamwenda, Victor Mwitwa, Mercy Mumba, Elisah Titima, Misozi Phiri, Eric Mukuka, Benson Mulenga, Juliet Gondwe, Jay Jay Chilala, Joseph Sambumba, Christabel Chishala, Dennis Bwalya, Silver Lukwesa, Priscilla Lishiu, John L. Ngoma, George Lisomona, Mwenya Ignatius, Konkolo Kennedy, Humphrey Mulenga, Rashid B Mhango, Patrick Kambita, Dedu M. Sakala, Musa Chibawe, Chaba Chipili, Sikanyika Field, Hilary Chewe, Victoria Saina, Munyanga Kaluwa, Yvonne Katayi, Mwaka Nakweti, Kaoma Jousha, Chabala Bwalya, Charles Chanda, Elizabeth M Shumba, Clement Musiska, Lorrian Chisala, Gladys Ngandwe, Kasapo Mtembo, Dominic B. Chitondo, Angela Hagwagwa, Theresa Luhila, Chalwe Mutale, Andrew Kalonge, Weluzani Phiri, Griffson Moyo, Chishiba Kalusa, Martin Ngwata, Collins Chileshe, Derrick Mumba, Mbale M Paul, Malisar Kachima, Chibale Chisamo, Gift Nguni, Brighton Makumba, Benwell Siame, Mirriam Nkonde, John Kamanga, Kalembo D. Bwalya, Francis Chilala, Emmanual Lupikisha, Chrispin Kamfwa, Mwila Mwelwa, Jaquiline Mwape, George Kangwa, Mwangelwa Muyatwa, Chabala Rodwell, Ngambo Izambo, Hellen Chanda, Mutale Chibamba, Prosper Musonda, David K Kabwe, Mwanza Dickson, Mulenga Chiti, Richard Tembo, Clide Machalo, Bridget Zulu, Gloria Kapoko, Brian Muleba, Bwalya Gison, Musonda Nature, Mukuba Kaela, Derick Mumba, Chanda R, Kennedy Kabaghe, Jordan Mukwanka, Joseph Simusokwe, Betty Siachimpi, Frank Muwowo, Kalmia Tresford, Banda Blandina, Sharon Mazia, Beauty Changwe, Bupe Mwango B, Edgar Banda, Given Mwansa, Andrew Kangwa, Florence Ngosa, Robson Zulu, George Chisenga, Lucky Mubanga, Faith Kasanda, Nathan Simbeye, Max S Tailoka, Mathews Banda, Alex Talanti, Racheal M. Kapembwa, Levy Shonga, Kedrick Yabalwashi, Forbes Siyoka, Andrew Bwali, Mbale M. Paul, Dawry S Tembo, Enock Manengo, Suyvia Mweetwa, Catherin Sakala, Jessy Munguya, Emmanuel Numwa, Kolombo Whitney, Dorcas Nsalange, Mirriam Kambafwile, Kasapo Ntembo, Zulu Peter, Nyenda Kunda, Munsele Ignitius, Chama Musoka, Kelvin Bulaya, Martin Gwata, Greezer Shaputu, Bright Chama",,2023.0,FY2023,Fees and Charges,Grave Reservation,,4480070.0,,,,,,,FY2023 grave reservation fees,Kitwe-C-C-2023-Financial-Statements-SIGNED.pdf,Note 3,24.0,,
financial_statements_revenue_cdf,,,,,,,,,,KIT-REV-2023-FC-005,revenue_line_annual,"Mwaya Mpasa, Banda Saddock, Bwembya Charles, Chanda Rodgers, Chansa Fred, Chileshe Christopher, Chileshe Francis, Chiyaka Matthews, David Phiri, Kabuseni Francis, Katongo B Joseph, Katai Muposhi, Kante Hogart, Kapikila Peter, Malama Damani, Manda Masoka, Muposhi Katai, Muwowo Kelly, Mwalumuna Felix, Swaba Evans, Silomba Charles, Zimba Mary, Vincent Mukuka, Chinyanta Merine, Nobert Mukunto, Marjory Kamawu, Gilbert Chitalu, Hellen Mkandawire, Victor Mwape, Kawemba Ackim, Martin Mwansa, Kasenge Francis, Mwanda Rodgers, Sampa Edna, Dorothy Shimo, Rodwell Chulu, Phiri Isaac, Kamfwa Mofya, Lemmy Chibenga, Clement Gondo, Clara Chibuye, Mbewe Agness, Clement Mwelwa, Charity Mulenga, Mambwe Kasakula, Japhet Zulu, Banda Gideon, Sydin Shamutete, Pearson Hamwenda, Victor Mwitwa, Mercy Mumba, Elisah Titima, Misozi Phiri, Eric Mukuka, Benson Mulenga, Juliet Gondwe, Jay Jay Chilala, Joseph Sambumba, Christabel Chishala, Dennis Bwalya, Silver Lukwesa, Priscilla Lishiu, John L. Ngoma, George Lisomona, Mwenya Ignatius, Konkolo Kennedy, Humphrey Mulenga, Rashid B Mhango, Patrick Kambita, Dedu M. Sakala, Musa Chibawe, Chaba Chipili, Sikanyika Field, Hilary Chewe, Victoria Saina, Munyanga Kaluwa, Yvonne Katayi, Mwaka Nakweti, Kaoma Jousha, Chabala Bwalya, Charles Chanda, Elizabeth M Shumba, Clement Musiska, Lorrian Chisala, Gladys Ngandwe, Kasapo Mtembo, Dominic B. Chitondo, Angela Hagwagwa, Theresa Luhila, Chalwe Mutale, Andrew Kalonge, Weluzani Phiri, Griffson Moyo, Chishiba Kalusa, Martin Ngwata, Collins Chileshe, Derrick Mumba, Mbale M Paul, Malisar Kachima, Chibale Chisamo, Gift Nguni, Brighton Makumba, Benwell Siame, Mirriam Nkonde, John Kamanga, Kalembo D. Bwalya, Francis Chilala, Emmanual Lupikisha, Chrispin Kamfwa, Mwila Mwelwa, Jaquiline Mwape, George Kangwa, Mwangelwa Muyatwa, Chabala Rodwell, Ngambo Izambo, Hellen Chanda, Mutale Chibamba, Prosper Musonda, David K Kabwe, Mwanza Dickson, Mulenga Chiti, Richard Tembo, Clide Machalo, Bridget Zulu, Gloria Kapoko, Brian Muleba, Bwalya Gison, Musonda Nature, Mukuba Kaela, Derick Mumba, Chanda R, Kennedy Kabaghe, Jordan Mukwanka, Joseph Simusokwe, Betty Siachimpi, Frank Muwowo, Kalmia Tresford, Banda Blandina, Sharon Mazia, Beauty Changwe, Bupe Mwango B, Edgar Banda, Given Mwansa, Andrew Kangwa, Florence Ngosa, Robson Zulu, George Chisenga, Lucky Mubanga, Faith Kasanda, Nathan Simbeye, Max S Tailoka, Mathews Banda, Alex Talanti, Racheal M. Kapembwa, Levy Shonga, Kedrick Yabalwashi, Forbes Siyoka, Andrew Bwali, Mbale M. Paul, Dawry S Tembo, Enock Manengo, Suyvia Mweetwa, Catherin Sakala, Jessy Munguya, Emmanuel Numwa, Kolombo Whitney, Dorcas Nsalange, Mirriam Kambafwile, Kasapo Ntembo, Zulu Peter, Nyenda Kunda, Munsele Ignitius, Chama Musoka, Kelvin Bulaya, Martin Gwata, Greezer Shaputu, Bright Chama",,2023.0,FY2023,Fees and Charges,Billboards and Banners,,1921981.0,,,,,,,FY2023 billboard fees,Kitwe-C-C-2023-Financial-Statements-SIGNED.pdf,Note 3,24.0,,
financial_statements_revenue_cdf,,,,,,,,,,KIT-REV-2023-LV-001,revenue_line_annual,"Mwaya Mpasa, Banda Saddock, Bwembya Charles, Chanda Rodgers, Chansa Fred, Chileshe Christopher, Chileshe Francis, Chiyaka Matthews, David Phiri, Kabuseni Francis, Katongo B Joseph, Katai Muposhi, Kante Hogart, Kapikila Peter, Malama Damani, Manda Masoka, Muposhi Katai, Muwowo Kelly, Mwalumuna Felix, Swaba Evans, Silomba Charles, Zimba Mary, Vincent Mukuka, Chinyanta Merine, Nobert Mukunto, Marjory Kamawu, Gilbert Chitalu, Hellen Mkandawire, Victor Mwape, Kawemba Ackim, Martin Mwansa, Kasenge Francis, Mwanda Rodgers, Sampa Edna, Dorothy Shimo, Rodwell Chulu, Phiri Isaac, Kamfwa Mofya, Lemmy Chibenga, Clement Gondo, Clara Chibuye, Mbewe Agness, Clement Mwelwa, Charity Mulenga, Mambwe Kasakula, Japhet Zulu, Banda Gideon, Sydin Shamutete, Pearson Hamwenda, Victor Mwitwa, Mercy Mumba, Elisah Titima, Misozi Phiri, Eric Mukuka, Benson Mulenga, Juliet Gondwe, Jay Jay Chilala, Joseph Sambumba, Christabel Chishala, Dennis Bwalya, Silver Lukwesa, Priscilla Lishiu, John L. Ngoma, George Lisomona, Mwenya Ignatius, Konkolo Kennedy, Humphrey Mulenga, Rashid B Mhango, Patrick Kambita, Dedu M. Sakala, Musa Chibawe, Chaba Chipili, Sikanyika Field, Hilary Chewe, Victoria Saina, Munyanga Kaluwa, Yvonne Katayi, Mwaka Nakweti, Kaoma Jousha, Chabala Bwalya, Charles Chanda, Elizabeth M Shumba, Clement Musiska, Lorrian Chisala, Gladys Ngandwe, Kasapo Mtembo, Dominic B. Chitondo, Angela Hagwagwa, Theresa Luhila, Chalwe Mutale, Andrew Kalonge, Weluzani Phiri, Griffson Moyo, Chishiba Kalusa, Martin Ngwata, Collins Chileshe, Derrick Mumba, Mbale M Paul, Malisar Kachima, Chibale Chisamo, Gift Nguni, Brighton Makumba, Benwell Siame, Mirriam Nkonde, John Kamanga, Kalembo D. Bwalya, Francis Chilala, Emmanual Lupikisha, Chrispin Kamfwa, Mwila Mwelwa, Jaquiline Mwape, George Kangwa, Mwangelwa Muyatwa, Chabala Rodwell, Ngambo Izambo, Hellen Chanda, Mutale Chibamba, Prosper Musonda, David K Kabwe, Mwanza Dickson, Mulenga Chiti, Richard Tembo, Clide Machalo, Bridget Zulu, Gloria Kapoko, Brian Muleba, Bwalya Gison, Musonda Nature, Mukuba Kaela, Derick Mumba, Chanda R, Kennedy Kabaghe, Jordan Mukwanka, Joseph Simusokwe, Betty Siachimpi, Frank Muwowo, Kalmia Tresford, Banda Blandina, Sharon Mazia, Beauty Changwe, Bupe Mwango B, Edgar Banda, Given Mwansa, Andrew Kangwa, Florence Ngosa, Robson Zulu, George Chisenga, Lucky Mubanga, Faith Kasanda, Nathan Simbeye, Max S Tailoka, Mathews Banda, Alex Talanti, Racheal M. Kapembwa, Levy Shonga, Kedrick Yabalwashi, Forbes Siyoka, Andrew Bwali, Mbale M. Paul, Dawry S Tembo, Enock Manengo, Suyvia Mweetwa, Catherin Sakala, Jessy Munguya, Emmanuel Numwa, Kolombo Whitney, Dorcas Nsalange, Mirriam Kambafwile, Kasapo Ntembo, Zulu Peter, Nyenda Kunda, Munsele Ignitius, Chama Musoka, Kelvin Bulaya, Martin Gwata, Greezer Shaputu, Bright Chama",,2023.0,FY2023,Levies,Retail Levy,,6493459.0,,,,,,,FY2023 retail levy,Kitwe-C-C-2023-Financial-Statements-SIGNED.pdf,Note 5,27.0,,
financial_statements_revenue_cdf,,,,,,,,,,KIT-REV-2023-LV-002,revenue_line_annual,"Mwaya Mpasa, Banda Saddock, Bwembya Charles, Chanda Rodgers, Chansa Fred, Chileshe Christopher, Chileshe Francis, Chiyaka Matthews, David Phiri, Kabuseni Francis, Katongo B Joseph, Katai Muposhi, Kante Hogart, Kapikila Peter, Malama Damani, Manda Masoka, Muposhi Katai, Muwowo Kelly, Mwalumuna Felix, Swaba Evans, Silomba Charles, Zimba Mary, Vincent Mukuka, Chinyanta Merine, Nobert Mukunto, Marjory Kamawu, Gilbert Chitalu, Hellen Mkandawire, Victor Mwape, Kawemba Ackim, Martin Mwansa, Kasenge Francis, Mwanda Rodgers, Sampa Edna, Dorothy Shimo, Rodwell Chulu, Phiri Isaac, Kamfwa Mofya, Lemmy Chibenga, Clement Gondo, Clara Chibuye, Mbewe Agness, Clement Mwelwa, Charity Mulenga, Mambwe Kasakula, Japhet Zulu, Banda Gideon, Sydin Shamutete, Pearson Hamwenda, Victor Mwitwa, Mercy Mumba, Elisah Titima, Misozi Phiri, Eric Mukuka, Benson Mulenga, Juliet Gondwe, Jay Jay Chilala, Joseph Sambumba, Christabel Chishala, Dennis Bwalya, Silver Lukwesa, Priscilla Lishiu, John L. Ngoma, George Lisomona, Mwenya Ignatius, Konkolo Kennedy, Humphrey Mulenga, Rashid B Mhango, Patrick Kambita, Dedu M. Sakala, Musa Chibawe, Chaba Chipili, Sikanyika Field, Hilary Chewe, Victoria Saina, Munyanga Kaluwa, Yvonne Katayi, Mwaka Nakweti, Kaoma Jousha, Chabala Bwalya, Charles Chanda, Elizabeth M Shumba, Clement Musiska, Lorrian Chisala, Gladys Ngandwe, Kasapo Mtembo, Dominic B. Chitondo, Angela Hagwagwa, Theresa Luhila, Chalwe Mutale, Andrew Kalonge, Weluzani Phiri, Griffson Moyo, Chishiba Kalusa, Martin Ngwata, Collins Chileshe, Derrick Mumba, Mbale M Paul, Malisar Kachima, Chibale Chisamo, Gift Nguni, Brighton Makumba, Benwell Siame, Mirriam Nkonde, John Kamanga, Kalembo D. Bwalya, Francis Chilala, Emmanual Lupikisha, Chrispin Kamfwa, Mwila Mwelwa, Jaquiline Mwape, George Kangwa, Mwangelwa Muyatwa, Chabala Rodwell, Ngambo Izambo, Hellen Chanda, Mutale Chibamba, Prosper Musonda, David K Kabwe, Mwanza Dickson, Mulenga Chiti, Richard Tembo, Clide Machalo, Bridget Zulu, Gloria Kapoko, Brian Muleba, Bwalya Gison, Musonda Nature, Mukuba Kaela, Derick Mumba, Chanda R, Kennedy Kabaghe, Jordan Mukwanka, Joseph Simusokwe, Betty Siachimpi, Frank Muwowo, Kalmia Tresford, Banda Blandina, Sharon Mazia, Beauty Changwe, Bupe Mwango B, Edgar Banda, Given Mwansa, Andrew Kangwa, Florence Ngosa, Robson Zulu, George Chisenga, Lucky Mubanga, Faith Kasanda, Nathan Simbeye, Max S Tailoka, Mathews Banda, Alex Talanti, Racheal M. Kapembwa, Levy Shonga, Kedrick Yabalwashi, Forbes Siyoka, Andrew Bwali, Mbale M. Paul, Dawry S Tembo, Enock Manengo, Suyvia Mweetwa, Catherin Sakala, Jessy Munguya, Emmanuel Numwa, Kolombo Whitney, Dorcas Nsalange, Mirriam Kambafwile, Kasapo Ntembo, Zulu Peter, Nyenda Kunda, Munsele Ignitius, Chama Musoka, Kelvin Bulaya, Martin Gwata, Greezer Shaputu, Bright Chama",,2023.0,FY2023,Levies,Petroleum Levy,,1040680.0,,,,,,,FY2023 petroleum levy,Kitwe-C-C-2023-Financial-Statements-SIGNED.pdf,Note 5,27.0,,
financial_statements_revenue_cdf,,,,,,,,,,KIT-REV-2023-PM-001,revenue_line_annual,"Mwaya Mpasa, Banda Saddock, Bwembya Charles, Chanda Rodgers, Chansa Fred, Chileshe Christopher, Chileshe Francis, Chiyaka Matthews, David Phiri, Kabuseni Francis, Katongo B Joseph, Katai Muposhi, Kante Hogart, Kapikila Peter, Malama Damani, Manda Masoka, Muposhi Katai, Muwowo Kelly, Mwalumuna Felix, Swaba Evans, Silomba Charles, Zimba Mary, Vincent Mukuka, Chinyanta Merine, Nobert Mukunto, Marjory Kamawu, Gilbert Chitalu, Hellen Mkandawire, Victor Mwape, Kawemba Ackim, Martin Mwansa, Kasenge Francis, Mwanda Rodgers, Sampa Edna, Dorothy Shimo, Rodwell Chulu, Phiri Isaac, Kamfwa Mofya, Lemmy Chibenga, Clement Gondo, Clara Chibuye, Mbewe Agness, Clement Mwelwa, Charity Mulenga, Mambwe Kasakula, Japhet Zulu, Banda Gideon, Sydin Shamutete, Pearson Hamwenda, Victor Mwitwa, Mercy Mumba, Elisah Titima, Misozi Phiri, Eric Mukuka, Benson Mulenga, Juliet Gondwe, Jay Jay Chilala, Joseph Sambumba, Christabel Chishala, Dennis Bwalya, Silver Lukwesa, Priscilla Lishiu, John L. Ngoma, George Lisomona, Mwenya Ignatius, Konkolo Kennedy, Humphrey Mulenga, Rashid B Mhango, Patrick Kambita, Dedu M. Sakala, Musa Chibawe, Chaba Chipili, Sikanyika Field, Hilary Chewe, Victoria Saina, Munyanga Kaluwa, Yvonne Katayi, Mwaka Nakweti, Kaoma Jousha, Chabala Bwalya, Charles Chanda, Elizabeth M Shumba, Clement Musiska, Lorrian Chisala, Gladys Ngandwe, Kasapo Mtembo, Dominic B. Chitondo, Angela Hagwagwa, Theresa Luhila, Chalwe Mutale, Andrew Kalonge, Weluzani Phiri, Griffson Moyo, Chishiba Kalusa, Martin Ngwata, Collins Chileshe, Derrick Mumba, Mbale M Paul, Malisar Kachima, Chibale Chisamo, Gift Nguni, Brighton Makumba, Benwell Siame, Mirriam Nkonde, John Kamanga, Kalembo D. Bwalya, Francis Chilala, Emmanual Lupikisha, Chrispin Kamfwa, Mwila Mwelwa, Jaquiline Mwape, George Kangwa, Mwangelwa Muyatwa, Chabala Rodwell, Ngambo Izambo, Hellen Chanda, Mutale Chibamba, Prosper Musonda, David K Kabwe, Mwanza Dickson, Mulenga Chiti, Richard Tembo, Clide Machalo, Bridget Zulu, Gloria Kapoko, Brian Muleba, Bwalya Gison, Musonda Nature, Mukuba Kaela, Derick Mumba, Chanda R, Kennedy Kabaghe, Jordan Mukwanka, Joseph Simusokwe, Betty Siachimpi, Frank Muwowo, Kalmia Tresford, Banda Blandina, Sharon Mazia, Beauty Changwe, Bupe Mwango B, Edgar Banda, Given Mwansa, Andrew Kangwa, Florence Ngosa, Robson Zulu, George Chisenga, Lucky Mubanga, Faith Kasanda, Nathan Simbeye, Max S Tailoka, Mathews Banda, Alex Talanti, Racheal M. Kapembwa, Levy Shonga, Kedrick Yabalwashi, Forbes Siyoka, Andrew Bwali, Mbale M. Paul, Dawry S Tembo, Enock Manengo, Suyvia Mweetwa, Catherin Sakala, Jessy Munguya, Emmanuel Numwa, Kolombo Whitney, Dorcas Nsalange, Mirriam Kambafwile, Kasapo Ntembo, Zulu Peter, Nyenda Kunda, Munsele Ignitius, Chama Musoka, Kelvin Bulaya, Martin Gwata, Greezer Shaputu, Bright Chama",,2023.0,FY2023,Permits,Health Permit,,6554389.0,,,,,,,FY2023 health permits,Kitwe-C-C-2023-Financial-Statements-SIGNED.pdf,Note 6,28.0,,
financial_statements_revenue_cdf,,,,,,,,,,KIT-REV-2023-PM-002,revenue_line_annual,"Mwaya Mpasa, Banda Saddock, Bwembya Charles, Chanda Rodgers, Chansa Fred, Chileshe Christopher, Chileshe Francis, Chiyaka Matthews, David Phiri, Kabuseni Francis, Katongo B Joseph, Katai Muposhi, Kante Hogart, Kapikila Peter, Malama Damani, Manda Masoka, Muposhi Katai, Muwowo Kelly, Mwalumuna Felix, Swaba Evans, Silomba Charles, Zimba Mary, Vincent Mukuka, Chinyanta Merine, Nobert Mukunto, Marjory Kamawu, Gilbert Chitalu, Hellen Mkandawire, Victor Mwape, Kawemba Ackim, Martin Mwansa, Kasenge Francis, Mwanda Rodgers, Sampa Edna, Dorothy Shimo, Rodwell Chulu, Phiri Isaac, Kamfwa Mofya, Lemmy Chibenga, Clement Gondo, Clara Chibuye, Mbewe Agness, Clement Mwelwa, Charity Mulenga, Mambwe Kasakula, Japhet Zulu, Banda Gideon, Sydin Shamutete, Pearson Hamwenda, Victor Mwitwa, Mercy Mumba, Elisah Titima, Misozi Phiri, Eric Mukuka, Benson Mulenga, Juliet Gondwe, Jay Jay Chilala, Joseph Sambumba, Christabel Chishala, Dennis Bwalya, Silver Lukwesa, Priscilla Lishiu, John L. Ngoma, George Lisomona, Mwenya Ignatius, Konkolo Kennedy, Humphrey Mulenga, Rashid B Mhango, Patrick Kambita, Dedu M. Sakala, Musa Chibawe, Chaba Chipili, Sikanyika Field, Hilary Chewe, Victoria Saina, Munyanga Kaluwa, Yvonne Katayi, Mwaka Nakweti, Kaoma Jousha, Chabala Bwalya, Charles Chanda, Elizabeth M Shumba, Clement Musiska, Lorrian Chisala, Gladys Ngandwe, Kasapo Mtembo, Dominic B. Chitondo, Angela Hagwagwa, Theresa Luhila, Chalwe Mutale, Andrew Kalonge, Weluzani Phiri, Griffson Moyo, Chishiba Kalusa, Martin Ngwata, Collins Chileshe, Derrick Mumba, Mbale M Paul, Malisar Kachima, Chibale Chisamo, Gift Nguni, Brighton Makumba, Benwell Siame, Mirriam Nkonde, John Kamanga, Kalembo D. Bwalya, Francis Chilala, Emmanual Lupikisha, Chrispin Kamfwa, Mwila Mwelwa, Jaquiline Mwape, George Kangwa, Mwangelwa Muyatwa, Chabala Rodwell, Ngambo Izambo, Hellen Chanda, Mutale Chibamba, Prosper Musonda, David K Kabwe, Mwanza Dickson, Mulenga Chiti, Richard Tembo, Clide Machalo, Bridget Zulu, Gloria Kapoko, Brian Muleba, Bwalya Gison, Musonda Nature, Mukuba Kaela, Derick Mumba, Chanda R, Kennedy Kabaghe, Jordan Mukwanka, Joseph Simusokwe, Betty Siachimpi, Frank Muwowo, Kalmia Tresford, Banda Blandina, Sharon Mazia, Beauty Changwe, Bupe Mwango B, Edgar Banda, Given Mwansa, Andrew Kangwa, Florence Ngosa, Robson Zulu, George Chisenga, Lucky Mubanga, Faith Kasanda, Nathan Simbeye, Max S Tailoka, Mathews Banda, Alex Talanti, Racheal M. Kapembwa, Levy Shonga, Kedrick Yabalwashi, Forbes Siyoka, Andrew Bwali, Mbale M. Paul, Dawry S Tembo, Enock Manengo, Suyvia Mweetwa, Catherin Sakala, Jessy Munguya, Emmanuel Numwa, Kolombo Whitney, Dorcas Nsalange, Mirriam Kambafwile, Kasapo Ntembo, Zulu Peter, Nyenda Kunda, Munsele Ignitius, Chama Musoka, Kelvin Bulaya, Martin Gwata, Greezer Shaputu, Bright Chama",,2023.0,FY2023,Permits,Fire Certificates,,3478794.0,,,,,,,FY2023 fire certificates,Kitwe-C-C-2023-Financial-Statements-SIGNED.pdf,Note 6,28.0,,
financial_statements_revenue_cdf,,,,,,,,,,KIT-REV-2024-LV-001,revenue_line_annual,"Mwaya Mpasa, Banda Saddock, Bwembya Charles, Chanda Rodgers, Chansa Fred, Chileshe Christopher, Chileshe Francis, Chiyaka Matthews, David Phiri, Kabuseni Francis, Katongo B Joseph, Katai Muposhi, Kante Hogart, Kapikila Peter, Malama Damani, Manda Masoka, Muposhi Katai, Muwowo Kelly, Mwalumuna Felix, Swaba Evans, Silomba Charles, Zimba Mary, Vincent Mukuka, Chinyanta Merine, Nobert Mukunto, Marjory Kamawu, Gilbert Chitalu, Hellen Mkandawire, Victor Mwape, Kawemba Ackim, Martin Mwansa, Kasenge Francis, Mwanda Rodgers, Sampa Edna, Dorothy Shimo, Rodwell Chulu, Phiri Isaac, Kamfwa Mofya, Lemmy Chibenga, Clement Gondo, Clara Chibuye, Mbewe Agness, Clement Mwelwa, Charity Mulenga, Mambwe Kasakula, Japhet Zulu, Banda Gideon, Sydin Shamutete, Pearson Hamwenda, Victor Mwitwa, Mercy Mumba, Elisah Titima, Misozi Phiri, Eric Mukuka, Benson Mulenga, Juliet Gondwe, Jay Jay Chilala, Joseph Sambumba, Christabel Chishala, Dennis Bwalya, Silver Lukwesa, Priscilla Lishiu, John L. Ngoma, George Lisomona, Mwenya Ignatius, Konkolo Kennedy, Humphrey Mulenga, Rashid B Mhango, Patrick Kambita, Dedu M. Sakala, Musa Chibawe, Chaba Chipili, Sikanyika Field, Hilary Chewe, Victoria Saina, Munyanga Kaluwa, Yvonne Katayi, Mwaka Nakweti, Kaoma Jousha, Chabala Bwalya, Charles Chanda, Elizabeth M Shumba, Clement Musiska, Lorrian Chisala, Gladys Ngandwe, Kasapo Mtembo, Dominic B. Chitondo, Angela Hagwagwa, Theresa Luhila, Chalwe Mutale, Andrew Kalonge, Weluzani Phiri, Griffson Moyo, Chishiba Kalusa, Martin Ngwata, Collins Chileshe, Derrick Mumba, Mbale M Paul, Malisar Kachima, Chibale Chisamo, Gift Nguni, Brighton Makumba, Benwell Siame, Mirriam Nkonde, John Kamanga, Kalembo D. Bwalya, Francis Chilala, Emmanual Lupikisha, Chrispin Kamfwa, Mwila Mwelwa, Jaquiline Mwape, George Kangwa, Mwangelwa Muyatwa, Chabala Rodwell, Ngambo Izambo, Hellen Chanda, Mutale Chibamba, Prosper Musonda, David K Kabwe, Mwanza Dickson, Mulenga Chiti, Richard Tembo, Clide Machalo, Bridget Zulu, Gloria Kapoko, Brian Muleba, Bwalya Gison, Musonda Nature, Mukuba Kaela, Derick Mumba, Chanda R, Kennedy Kabaghe, Jordan Mukwanka, Joseph Simusokwe, Betty Siachimpi, Frank Muwowo, Kalmia Tresford, Banda Blandina, Sharon Mazia, Beauty Changwe, Bupe Mwango B, Edgar Banda, Given Mwansa, Andrew Kangwa, Florence Ngosa, Robson Zulu, George Chisenga, Lucky Mubanga, Faith Kasanda, Nathan Simbeye, Max S Tailoka, Mathews Banda, Alex Talanti, Racheal M. Kapembwa, Levy Shonga, Kedrick Yabalwashi, Forbes Siyoka, Andrew Bwali, Mbale M. Paul, Dawry S Tembo, Enock Manengo, Suyvia Mweetwa, Catherin Sakala, Jessy Munguya, Emmanuel Numwa, Kolombo Whitney, Dorcas Nsalange, Mirriam Kambafwile, Kasapo Ntembo, Zulu Peter, Nyenda Kunda, Munsele Ignitius, Chama Musoka, Kelvin Bulaya, Martin Gwata, Greezer Shaputu, Bright Chama",,2024.0,FY2024,Levies,Retail Levy,,10120090.0,,,,,,,FY2024 retail levy,Kitwe-C-C-2024-Audited-financial-statements-final-071125.pdf,Note 5,28.0,,
financial_statements_revenue_cdf,,,,,,,,,,KIT-REV-2024-LV-002,revenue_line_annual,"Mwaya Mpasa, Banda Saddock, Bwembya Charles, Chanda Rodgers, Chansa Fred, Chileshe Christopher, Chileshe Francis, Chiyaka Matthews, David Phiri, Kabuseni Francis, Katongo B Joseph, Katai Muposhi, Kante Hogart, Kapikila Peter, Malama Damani, Manda Masoka, Muposhi Katai, Muwowo Kelly, Mwalumuna Felix, Swaba Evans, Silomba Charles, Zimba Mary, Vincent Mukuka, Chinyanta Merine, Nobert Mukunto, Marjory Kamawu, Gilbert Chitalu, Hellen Mkandawire, Victor Mwape, Kawemba Ackim, Martin Mwansa, Kasenge Francis, Mwanda Rodgers, Sampa Edna, Dorothy Shimo, Rodwell Chulu, Phiri Isaac, Kamfwa Mofya, Lemmy Chibenga, Clement Gondo, Clara Chibuye, Mbewe Agness, Clement Mwelwa, Charity Mulenga, Mambwe Kasakula, Japhet Zulu, Banda Gideon, Sydin Shamutete, Pearson Hamwenda, Victor Mwitwa, Mercy Mumba, Elisah Titima, Misozi Phiri, Eric Mukuka, Benson Mulenga, Juliet Gondwe, Jay Jay Chilala, Joseph Sambumba, Christabel Chishala, Dennis Bwalya, Silver Lukwesa, Priscilla Lishiu, John L. Ngoma, George Lisomona, Mwenya Ignatius, Konkolo Kennedy, Humphrey Mulenga, Rashid B Mhango, Patrick Kambita, Dedu M. Sakala, Musa Chibawe, Chaba Chipili, Sikanyika Field, Hilary Chewe, Victoria Saina, Munyanga Kaluwa, Yvonne Katayi, Mwaka Nakweti, Kaoma Jousha, Chabala Bwalya, Charles Chanda, Elizabeth M Shumba, Clement Musiska, Lorrian Chisala, Gladys Ngandwe, Kasapo Mtembo, Dominic B. Chitondo, Angela Hagwagwa, Theresa Luhila, Chalwe Mutale, Andrew Kalonge, Weluzani Phiri, Griffson Moyo, Chishiba Kalusa, Martin Ngwata, Collins Chileshe, Derrick Mumba, Mbale M Paul, Malisar Kachima, Chibale Chisamo, Gift Nguni, Brighton Makumba, Benwell Siame, Mirriam Nkonde, John Kamanga, Kalembo D. Bwalya, Francis Chilala, Emmanual Lupikisha, Chrispin Kamfwa, Mwila Mwelwa, Jaquiline Mwape, George Kangwa, Mwangelwa Muyatwa, Chabala Rodwell, Ngambo Izambo, Hellen Chanda, Mutale Chibamba, Prosper Musonda, David K Kabwe, Mwanza Dickson, Mulenga Chiti, Richard Tembo, Clide Machalo, Bridget Zulu, Gloria Kapoko, Brian Muleba, Bwalya Gison, Musonda Nature, Mukuba Kaela, Derick Mumba, Chanda R, Kennedy Kabaghe, Jordan Mukwanka, Joseph Simusokwe, Betty Siachimpi, Frank Muwowo, Kalmia Tresford, Banda Blandina, Sharon Mazia, Beauty Changwe, Bupe Mwango B, Edgar Banda, Given Mwansa, Andrew Kangwa, Florence Ngosa, Robson Zulu, George Chisenga, Lucky Mubanga, Faith Kasanda, Nathan Simbeye, Max S Tailoka, Mathews Banda, Alex Talanti, Racheal M. Kapembwa, Levy Shonga, Kedrick Yabalwashi, Forbes Siyoka, Andrew Bwali, Mbale M. Paul, Dawry S Tembo, Enock Manengo, Suyvia Mweetwa, Catherin Sakala, Jessy Munguya, Emmanuel Numwa, Kolombo Whitney, Dorcas Nsalange, Mirriam Kambafwile, Kasapo Ntembo, Zulu Peter, Nyenda Kunda, Munsele Ignitius, Chama Musoka, Kelvin Bulaya, Martin Gwata, Greezer Shaputu, Bright Chama",,2024.0,FY2024,Levies,Petroleum Levy,,1254140.0,,,,,,,FY2024 petroleum levy,Kitwe-C-C-2024-Audited-financial-statements-final-071125.pdf,Note 5,28.0,,
financial_statements_revenue_cdf,,,,,,,,,,KIT-REV-2024-PM-001,revenue_line_annual,"Mwaya Mpasa, Banda Saddock, Bwembya Charles, Chanda Rodgers, Chansa Fred, Chileshe Christopher, Chileshe Francis, Chiyaka Matthews, David Phiri, Kabuseni Francis, Katongo B Joseph, Katai Muposhi, Kante Hogart, Kapikila Peter, Malama Damani, Manda Masoka, Muposhi Katai, Muwowo Kelly, Mwalumuna Felix, Swaba Evans, Silomba Charles, Zimba Mary, Vincent Mukuka, Chinyanta Merine, Nobert Mukunto, Marjory Kamawu, Gilbert Chitalu, Hellen Mkandawire, Victor Mwape, Kawemba Ackim, Martin Mwansa, Kasenge Francis, Mwanda Rodgers, Sampa Edna, Dorothy Shimo, Rodwell Chulu, Phiri Isaac, Kamfwa Mofya, Lemmy Chibenga, Clement Gondo, Clara Chibuye, Mbewe Agness, Clement Mwelwa, Charity Mulenga, Mambwe Kasakula, Japhet Zulu, Banda Gideon, Sydin Shamutete, Pearson Hamwenda, Victor Mwitwa, Mercy Mumba, Elisah Titima, Misozi Phiri, Eric Mukuka, Benson Mulenga, Juliet Gondwe, Jay Jay Chilala, Joseph Sambumba, Christabel Chishala, Dennis Bwalya, Silver Lukwesa, Priscilla Lishiu, John L. Ngoma, George Lisomona, Mwenya Ignatius, Konkolo Kennedy, Humphrey Mulenga, Rashid B Mhango, Patrick Kambita, Dedu M. Sakala, Musa Chibawe, Chaba Chipili, Sikanyika Field, Hilary Chewe, Victoria Saina, Munyanga Kaluwa, Yvonne Katayi, Mwaka Nakweti, Kaoma Jousha, Chabala Bwalya, Charles Chanda, Elizabeth M Shumba, Clement Musiska, Lorrian Chisala, Gladys Ngandwe, Kasapo Mtembo, Dominic B. Chitondo, Angela Hagwagwa, Theresa Luhila, Chalwe Mutale, Andrew Kalonge, Weluzani Phiri, Griffson Moyo, Chishiba Kalusa, Martin Ngwata, Collins Chileshe, Derrick Mumba, Mbale M Paul, Malisar Kachima, Chibale Chisamo, Gift Nguni, Brighton Makumba, Benwell Siame, Mirriam Nkonde, John Kamanga, Kalembo D. Bwalya, Francis Chilala, Emmanual Lupikisha, Chrispin Kamfwa, Mwila Mwelwa, Jaquiline Mwape, George Kangwa, Mwangelwa Muyatwa, Chabala Rodwell, Ngambo Izambo, Hellen Chanda, Mutale Chibamba, Prosper Musonda, David K Kabwe, Mwanza Dickson, Mulenga Chiti, Richard Tembo, Clide Machalo, Bridget Zulu, Gloria Kapoko, Brian Muleba, Bwalya Gison, Musonda Nature, Mukuba Kaela, Derick Mumba, Chanda R, Kennedy Kabaghe, Jordan Mukwanka, Joseph Simusokwe, Betty Siachimpi, Frank Muwowo, Kalmia Tresford, Banda Blandina, Sharon Mazia, Beauty Changwe, Bupe Mwango B, Edgar Banda, Given Mwansa, Andrew Kangwa, Florence Ngosa, Robson Zulu, George Chisenga, Lucky Mubanga, Faith Kasanda, Nathan Simbeye, Max S Tailoka, Mathews Banda, Alex Talanti, Racheal M. Kapembwa, Levy Shonga, Kedrick Yabalwashi, Forbes Siyoka, Andrew Bwali, Mbale M. Paul, Dawry S Tembo, Enock Manengo, Suyvia Mweetwa, Catherin Sakala, Jessy Munguya, Emmanuel Numwa, Kolombo Whitney, Dorcas Nsalange, Mirriam Kambafwile, Kasapo Ntembo, Zulu Peter, Nyenda Kunda, Munsele Ignitius, Chama Musoka, Kelvin Bulaya, Martin Gwata, Greezer Shaputu, Bright Chama",,2024.0,FY2024,Permits,Health Permit,,8732678.0,,,,,,,FY2024 health permits,Kitwe-C-C-2024-Audited-financial-statements-final-071125.pdf,Note 6,28.0,,
financial_statements_revenue_cdf,,,,,,,,,,KIT-REV-2024-PM-002,revenue_line_annual,"Mwaya Mpasa, Banda Saddock, Bwembya Charles, Chanda Rodgers, Chansa Fred, Chileshe Christopher, Chileshe Francis, Chiyaka Matthews, David Phiri, Kabuseni Francis, Katongo B Joseph, Katai Muposhi, Kante Hogart, Kapikila Peter, Malama Damani, Manda Masoka, Muposhi Katai, Muwowo Kelly, Mwalumuna Felix, Swaba Evans, Silomba Charles, Zimba Mary, Vincent Mukuka, Chinyanta Merine, Nobert Mukunto, Marjory Kamawu, Gilbert Chitalu, Hellen Mkandawire, Victor Mwape, Kawemba Ackim, Martin Mwansa, Kasenge Francis, Mwanda Rodgers, Sampa Edna, Dorothy Shimo, Rodwell Chulu, Phiri Isaac, Kamfwa Mofya, Lemmy Chibenga, Clement Gondo, Clara Chibuye, Mbewe Agness, Clement Mwelwa, Charity Mulenga, Mambwe Kasakula, Japhet Zulu, Banda Gideon, Sydin Shamutete, Pearson Hamwenda, Victor Mwitwa, Mercy Mumba, Elisah Titima, Misozi Phiri, Eric Mukuka, Benson Mulenga, Juliet Gondwe, Jay Jay Chilala, Joseph Sambumba, Christabel Chishala, Dennis Bwalya, Silver Lukwesa, Priscilla Lishiu, John L. Ngoma, George Lisomona, Mwenya Ignatius, Konkolo Kennedy, Humphrey Mulenga, Rashid B Mhango, Patrick Kambita, Dedu M. Sakala, Musa Chibawe, Chaba Chipili, Sikanyika Field, Hilary Chewe, Victoria Saina, Munyanga Kaluwa, Yvonne Katayi, Mwaka Nakweti, Kaoma Jousha, Chabala Bwalya, Charles Chanda, Elizabeth M Shumba, Clement Musiska, Lorrian Chisala, Gladys Ngandwe, Kasapo Mtembo, Dominic B. Chitondo, Angela Hagwagwa, Theresa Luhila, Chalwe Mutale, Andrew Kalonge, Weluzani Phiri, Griffson Moyo, Chishiba Kalusa, Martin Ngwata, Collins Chileshe, Derrick Mumba, Mbale M Paul, Malisar Kachima, Chibale Chisamo, Gift Nguni, Brighton Makumba, Benwell Siame, Mirriam Nkonde, John Kamanga, Kalembo D. Bwalya, Francis Chilala, Emmanual Lupikisha, Chrispin Kamfwa, Mwila Mwelwa, Jaquiline Mwape, George Kangwa, Mwangelwa Muyatwa, Chabala Rodwell, Ngambo Izambo, Hellen Chanda, Mutale Chibamba, Prosper Musonda, David K Kabwe, Mwanza Dickson, Mulenga Chiti, Richard Tembo, Clide Machalo, Bridget Zulu, Gloria Kapoko, Brian Muleba, Bwalya Gison, Musonda Nature, Mukuba Kaela, Derick Mumba, Chanda R, Kennedy Kabaghe, Jordan Mukwanka, Joseph Simusokwe, Betty Siachimpi, Frank Muwowo, Kalmia Tresford, Banda Blandina, Sharon Mazia, Beauty Changwe, Bupe Mwango B, Edgar Banda, Given Mwansa, Andrew Kangwa, Florence Ngosa, Robson Zulu, George Chisenga, Lucky Mubanga, Faith Kasanda, Nathan Simbeye, Max S Tailoka, Mathews Banda, Alex Talanti, Racheal M. Kapembwa, Levy Shonga, Kedrick Yabalwashi, Forbes Siyoka, Andrew Bwali, Mbale M. Paul, Dawry S Tembo, Enock Manengo, Suyvia Mweetwa, Catherin Sakala, Jessy Munguya, Emmanuel Numwa, Kolombo Whitney, Dorcas Nsalange, Mirriam Kambafwile, Kasapo Ntembo, Zulu Peter, Nyenda Kunda, Munsele Ignitius, Chama Musoka, Kelvin Bulaya, Martin Gwata, Greezer Shaputu, Bright Chama",,2024.0,FY2024,Permits,Fire Certificates,,4872949.0,,,,,,,FY2024 fire certificates,Kitwe-C-C-2024-Audited-financial-statements-final-071125.pdf,Note 6,28.0,,
financial_statements_revenue_cdf,,,,,,,,,,KIT-REV-2024-PM-003,revenue_line_annual,"Mwaya Mpasa, Banda Saddock, Bwembya Charles, Chanda Rodgers, Chansa Fred, Chileshe Christopher, Chileshe Francis, Chiyaka Matthews, David Phiri, Kabuseni Francis, Katongo B Joseph, Katai Muposhi, Kante Hogart, Kapikila Peter, Malama Damani, Manda Masoka, Muposhi Katai, Muwowo Kelly, Mwalumuna Felix, Swaba Evans, Silomba Charles, Zimba Mary, Vincent Mukuka, Chinyanta Merine, Nobert Mukunto, Marjory Kamawu, Gilbert Chitalu, Hellen Mkandawire, Victor Mwape, Kawemba Ackim, Martin Mwansa, Kasenge Francis, Mwanda Rodgers, Sampa Edna, Dorothy Shimo, Rodwell Chulu, Phiri Isaac, Kamfwa Mofya, Lemmy Chibenga, Clement Gondo, Clara Chibuye, Mbewe Agness, Clement Mwelwa, Charity Mulenga, Mambwe Kasakula, Japhet Zulu, Banda Gideon, Sydin Shamutete, Pearson Hamwenda, Victor Mwitwa, Mercy Mumba, Elisah Titima, Misozi Phiri, Eric Mukuka, Benson Mulenga, Juliet Gondwe, Jay Jay Chilala, Joseph Sambumba, Christabel Chishala, Dennis Bwalya, Silver Lukwesa, Priscilla Lishiu, John L. Ngoma, George Lisomona, Mwenya Ignatius, Konkolo Kennedy, Humphrey Mulenga, Rashid B Mhango, Patrick Kambita, Dedu M. Sakala, Musa Chibawe, Chaba Chipili, Sikanyika Field, Hilary Chewe, Victoria Saina, Munyanga Kaluwa, Yvonne Katayi, Mwaka Nakweti, Kaoma Jousha, Chabala Bwalya, Charles Chanda, Elizabeth M Shumba, Clement Musiska, Lorrian Chisala, Gladys Ngandwe, Kasapo Mtembo, Dominic B. Chitondo, Angela Hagwagwa, Theresa Luhila, Chalwe Mutale, Andrew Kalonge, Weluzani Phiri, Griffson Moyo, Chishiba Kalusa, Martin Ngwata, Collins Chileshe, Derrick Mumba, Mbale M Paul, Malisar Kachima, Chibale Chisamo, Gift Nguni, Brighton Makumba, Benwell Siame, Mirriam Nkonde, John Kamanga, Kalembo D. Bwalya, Francis Chilala, Emmanual Lupikisha, Chrispin Kamfwa, Mwila Mwelwa, Jaquiline Mwape, George Kangwa, Mwangelwa Muyatwa, Chabala Rodwell, Ngambo Izambo, Hellen Chanda, Mutale Chibamba, Prosper Musonda, David K Kabwe, Mwanza Dickson, Mulenga Chiti, Richard Tembo, Clide Machalo, Bridget Zulu, Gloria Kapoko, Brian Muleba, Bwalya Gison, Musonda Nature, Mukuba Kaela, Derick Mumba, Chanda R, Kennedy Kabaghe, Jordan Mukwanka, Joseph Simusokwe, Betty Siachimpi, Frank Muwowo, Kalmia Tresford, Banda Blandina, Sharon Mazia, Beauty Changwe, Bupe Mwango B, Edgar Banda, Given Mwansa, Andrew Kangwa, Florence Ngosa, Robson Zulu, George Chisenga, Lucky Mubanga, Faith Kasanda, Nathan Simbeye, Max S Tailoka, Mathews Banda, Alex Talanti, Racheal M. Kapembwa, Levy Shonga, Kedrick Yabalwashi, Forbes Siyoka, Andrew Bwali, Mbale M. Paul, Dawry S Tembo, Enock Manengo, Suyvia Mweetwa, Catherin Sakala, Jessy Munguya, Emmanuel Numwa, Kolombo Whitney, Dorcas Nsalange, Mirriam Kambafwile, Kasapo Ntembo, Zulu Peter, Nyenda Kunda, Munsele Ignitius, Chama Musoka, Kelvin Bulaya, Martin Gwata, Greezer Shaputu, Bright Chama",,2024.0,FY2024,Permits,Burial Permits,,4544058.0,,,,,,,FY2024 burial permits (new line item),Kitwe-C-C-2024-Audited-financial-statements-final-071125.pdf,Note 6,28.0,,
financial_statements_revenue_cdf,,,,,,,,,,KIT-EXP-2018-001,expenditure_line_annual,"Mwaya Mpasa, Banda Saddock, Bwembya Charles, Chanda Rodgers, Chansa Fred, Chileshe Christopher, Chileshe Francis, Chiyaka Matthews, David Phiri, Kabuseni Francis, Katongo B Joseph, Katai Muposhi, Kante Hogart, Kapikila Peter, Malama Damani, Manda Masoka, Muposhi Katai, Muwowo Kelly, Mwalumuna Felix, Swaba Evans, Silomba Charles, Zimba Mary, Vincent Mukuka, Chinyanta Merine, Nobert Mukunto, Marjory Kamawu, Gilbert Chitalu, Hellen Mkandawire, Victor Mwape, Kawemba Ackim, Martin Mwansa, Kasenge Francis, Mwanda Rodgers, Sampa Edna, Dorothy Shimo, Rodwell Chulu, Phiri Isaac, Kamfwa Mofya, Lemmy Chibenga, Clement Gondo, Clara Chibuye, Mbewe Agness, Clement Mwelwa, Charity Mulenga, Mambwe Kasakula, Japhet Zulu, Banda Gideon, Sydin Shamutete, Pearson Hamwenda, Victor Mwitwa, Mercy Mumba, Elisah Titima, Misozi Phiri, Eric Mukuka, Benson Mulenga, Juliet Gondwe, Jay Jay Chilala, Joseph Sambumba, Christabel Chishala, Dennis Bwalya, Silver Lukwesa, Priscilla Lishiu, John L. Ngoma, George Lisomona, Mwenya Ignatius, Konkolo Kennedy, Humphrey Mulenga, Rashid B Mhango, Patrick Kambita, Dedu M. Sakala, Musa Chibawe, Chaba Chipili, Sikanyika Field, Hilary Chewe, Victoria Saina, Munyanga Kaluwa, Yvonne Katayi, Mwaka Nakweti, Kaoma Jousha, Chabala Bwalya, Charles Chanda, Elizabeth M Shumba, Clement Musiska, Lorrian Chisala, Gladys Ngandwe, Kasapo Mtembo, Dominic B. Chitondo, Angela Hagwagwa, Theresa Luhila, Chalwe Mutale, Andrew Kalonge, Weluzani Phiri, Griffson Moyo, Chishiba Kalusa, Martin Ngwata, Collins Chileshe, Derrick Mumba, Mbale M Paul, Malisar Kachima, Chibale Chisamo, Gift Nguni, Brighton Makumba, Benwell Siame, Mirriam Nkonde, John Kamanga, Kalembo D. Bwalya, Francis Chilala, Emmanual Lupikisha, Chrispin Kamfwa, Mwila Mwelwa, Jaquiline Mwape, George Kangwa, Mwangelwa Muyatwa, Chabala Rodwell, Ngambo Izambo, Hellen Chanda, Mutale Chibamba, Prosper Musonda, David K Kabwe, Mwanza Dickson, Mulenga Chiti, Richard Tembo, Clide Machalo, Bridget Zulu, Gloria Kapoko, Brian Muleba, Bwalya Gison, Musonda Nature, Mukuba Kaela, Derick Mumba, Chanda R, Kennedy Kabaghe, Jordan Mukwanka, Joseph Simusokwe, Betty Siachimpi, Frank Muwowo, Kalmia Tresford, Banda Blandina, Sharon Mazia, Beauty Changwe, Bupe Mwango B, Edgar Banda, Given Mwansa, Andrew Kangwa, Florence Ngosa, Robson Zulu, George Chisenga, Lucky Mubanga, Faith Kasanda, Nathan Simbeye, Max S Tailoka, Mathews Banda, Alex Talanti, Racheal M. Kapembwa, Levy Shonga, Kedrick Yabalwashi, Forbes Siyoka, Andrew Bwali, Mbale M. Paul, Dawry S Tembo, Enock Manengo, Suyvia Mweetwa, Catherin Sakala, Jessy Munguya, Emmanuel Numwa, Kolombo Whitney, Dorcas Nsalange, Mirriam Kambafwile, Kasapo Ntembo, Zulu Peter, Nyenda Kunda, Munsele Ignitius, Chama Musoka, Kelvin Bulaya, Martin Gwata, Greezer Shaputu, Bright Chama",,2018.0,FY2018,Personal Emoluments,Personal Emoluments,,66983271.0,,,,,,,FY2018 personal emoluments,Kitwe-City-Council-2018-FS.pdf,Note 13,24.0,,
financial_statements_revenue_cdf,,,,,,,,,,KIT-EXP-2018-002,expenditure_line_annual,"Mwaya Mpasa, Banda Saddock, Bwembya Charles, Chanda Rodgers, Chansa Fred, Chileshe Christopher, Chileshe Francis, Chiyaka Matthews, David Phiri, Kabuseni Francis, Katongo B Joseph, Katai Muposhi, Kante Hogart, Kapikila Peter, Malama Damani, Manda Masoka, Muposhi Katai, Muwowo Kelly, Mwalumuna Felix, Swaba Evans, Silomba Charles, Zimba Mary, Vincent Mukuka, Chinyanta Merine, Nobert Mukunto, Marjory Kamawu, Gilbert Chitalu, Hellen Mkandawire, Victor Mwape, Kawemba Ackim, Martin Mwansa, Kasenge Francis, Mwanda Rodgers, Sampa Edna, Dorothy Shimo, Rodwell Chulu, Phiri Isaac, Kamfwa Mofya, Lemmy Chibenga, Clement Gondo, Clara Chibuye, Mbewe Agness, Clement Mwelwa, Charity Mulenga, Mambwe Kasakula, Japhet Zulu, Banda Gideon, Sydin Shamutete, Pearson Hamwenda, Victor Mwitwa, Mercy Mumba, Elisah Titima, Misozi Phiri, Eric Mukuka, Benson Mulenga, Juliet Gondwe, Jay Jay Chilala, Joseph Sambumba, Christabel Chishala, Dennis Bwalya, Silver Lukwesa, Priscilla Lishiu, John L. Ngoma, George Lisomona, Mwenya Ignatius, Konkolo Kennedy, Humphrey Mulenga, Rashid B Mhango, Patrick Kambita, Dedu M. Sakala, Musa Chibawe, Chaba Chipili, Sikanyika Field, Hilary Chewe, Victoria Saina, Munyanga Kaluwa, Yvonne Katayi, Mwaka Nakweti, Kaoma Jousha, Chabala Bwalya, Charles Chanda, Elizabeth M Shumba, Clement Musiska, Lorrian Chisala, Gladys Ngandwe, Kasapo Mtembo, Dominic B. Chitondo, Angela Hagwagwa, Theresa Luhila, Chalwe Mutale, Andrew Kalonge, Weluzani Phiri, Griffson Moyo, Chishiba Kalusa, Martin Ngwata, Collins Chileshe, Derrick Mumba, Mbale M Paul, Malisar Kachima, Chibale Chisamo, Gift Nguni, Brighton Makumba, Benwell Siame, Mirriam Nkonde, John Kamanga, Kalembo D. Bwalya, Francis Chilala, Emmanual Lupikisha, Chrispin Kamfwa, Mwila Mwelwa, Jaquiline Mwape, George Kangwa, Mwangelwa Muyatwa, Chabala Rodwell, Ngambo Izambo, Hellen Chanda, Mutale Chibamba, Prosper Musonda, David K Kabwe, Mwanza Dickson, Mulenga Chiti, Richard Tembo, Clide Machalo, Bridget Zulu, Gloria Kapoko, Brian Muleba, Bwalya Gison, Musonda Nature, Mukuba Kaela, Derick Mumba, Chanda R, Kennedy Kabaghe, Jordan Mukwanka, Joseph Simusokwe, Betty Siachimpi, Frank Muwowo, Kalmia Tresford, Banda Blandina, Sharon Mazia, Beauty Changwe, Bupe Mwango B, Edgar Banda, Given Mwansa, Andrew Kangwa, Florence Ngosa, Robson Zulu, George Chisenga, Lucky Mubanga, Faith Kasanda, Nathan Simbeye, Max S Tailoka, Mathews Banda, Alex Talanti, Racheal M. Kapembwa, Levy Shonga, Kedrick Yabalwashi, Forbes Siyoka, Andrew Bwali, Mbale M. Paul, Dawry S Tembo, Enock Manengo, Suyvia Mweetwa, Catherin Sakala, Jessy Munguya, Emmanuel Numwa, Kolombo Whitney, Dorcas Nsalange, Mirriam Kambafwile, Kasapo Ntembo, Zulu Peter, Nyenda Kunda, Munsele Ignitius, Chama Musoka, Kelvin Bulaya, Martin Gwata, Greezer Shaputu, Bright Chama",,2018.0,FY2018,Goods and Services,Use of Goods and Services,,28413727.0,,,,,,,FY2018 goods and services,Kitwe-City-Council-2018-FS.pdf,Note 14,26.0,,
financial_statements_revenue_cdf,,,,,,,,,,KIT-EXP-2019-001,expenditure_line_annual,"Mwaya Mpasa, Banda Saddock, Bwembya Charles, Chanda Rodgers, Chansa Fred, Chileshe Christopher, Chileshe Francis, Chiyaka Matthews, David Phiri, Kabuseni Francis, Katongo B Joseph, Katai Muposhi, Kante Hogart, Kapikila Peter, Malama Damani, Manda Masoka, Muposhi Katai, Muwowo Kelly, Mwalumuna Felix, Swaba Evans, Silomba Charles, Zimba Mary, Vincent Mukuka, Chinyanta Merine, Nobert Mukunto, Marjory Kamawu, Gilbert Chitalu, Hellen Mkandawire, Victor Mwape, Kawemba Ackim, Martin Mwansa, Kasenge Francis, Mwanda Rodgers, Sampa Edna, Dorothy Shimo, Rodwell Chulu, Phiri Isaac, Kamfwa Mofya, Lemmy Chibenga, Clement Gondo, Clara Chibuye, Mbewe Agness, Clement Mwelwa, Charity Mulenga, Mambwe Kasakula, Japhet Zulu, Banda Gideon, Sydin Shamutete, Pearson Hamwenda, Victor Mwitwa, Mercy Mumba, Elisah Titima, Misozi Phiri, Eric Mukuka, Benson Mulenga, Juliet Gondwe, Jay Jay Chilala, Joseph Sambumba, Christabel Chishala, Dennis Bwalya, Silver Lukwesa, Priscilla Lishiu, John L. Ngoma, George Lisomona, Mwenya Ignatius, Konkolo Kennedy, Humphrey Mulenga, Rashid B Mhango, Patrick Kambita, Dedu M. Sakala, Musa Chibawe, Chaba Chipili, Sikanyika Field, Hilary Chewe, Victoria Saina, Munyanga Kaluwa, Yvonne Katayi, Mwaka Nakweti, Kaoma Jousha, Chabala Bwalya, Charles Chanda, Elizabeth M Shumba, Clement Musiska, Lorrian Chisala, Gladys Ngandwe, Kasapo Mtembo, Dominic B. Chitondo, Angela Hagwagwa, Theresa Luhila, Chalwe Mutale, Andrew Kalonge, Weluzani Phiri, Griffson Moyo, Chishiba Kalusa, Martin Ngwata, Collins Chileshe, Derrick Mumba, Mbale M Paul, Malisar Kachima, Chibale Chisamo, Gift Nguni, Brighton Makumba, Benwell Siame, Mirriam Nkonde, John Kamanga, Kalembo D. Bwalya, Francis Chilala, Emmanual Lupikisha, Chrispin Kamfwa, Mwila Mwelwa, Jaquiline Mwape, George Kangwa, Mwangelwa Muyatwa, Chabala Rodwell, Ngambo Izambo, Hellen Chanda, Mutale Chibamba, Prosper Musonda, David K Kabwe, Mwanza Dickson, Mulenga Chiti, Richard Tembo, Clide Machalo, Bridget Zulu, Gloria Kapoko, Brian Muleba, Bwalya Gison, Musonda Nature, Mukuba Kaela, Derick Mumba, Chanda R, Kennedy Kabaghe, Jordan Mukwanka, Joseph Simusokwe, Betty Siachimpi, Frank Muwowo, Kalmia Tresford, Banda Blandina, Sharon Mazia, Beauty Changwe, Bupe Mwango B, Edgar Banda, Given Mwansa, Andrew Kangwa, Florence Ngosa, Robson Zulu, George Chisenga, Lucky Mubanga, Faith Kasanda, Nathan Simbeye, Max S Tailoka, Mathews Banda, Alex Talanti, Racheal M. Kapembwa, Levy Shonga, Kedrick Yabalwashi, Forbes Siyoka, Andrew Bwali, Mbale M. Paul, Dawry S Tembo, Enock Manengo, Suyvia Mweetwa, Catherin Sakala, Jessy Munguya, Emmanuel Numwa, Kolombo Whitney, Dorcas Nsalange, Mirriam Kambafwile, Kasapo Ntembo, Zulu Peter, Nyenda Kunda, Munsele Ignitius, Chama Musoka, Kelvin Bulaya, Martin Gwata, Greezer Shaputu, Bright Chama",,2019.0,FY2019,Personal Emoluments,Personal Emoluments,,70268646.0,,,,,,,FY2019 personal emoluments,Kitwe-City-Council-2019-FS.pdf,Note 13,27.0,,
financial_statements_revenue_cdf,,,,,,,,,,KIT-EXP-2019-002,expenditure_line_annual,"Mwaya Mpasa, Banda Saddock, Bwembya Charles, Chanda Rodgers, Chansa Fred, Chileshe Christopher, Chileshe Francis, Chiyaka Matthews, David Phiri, Kabuseni Francis, Katongo B Joseph, Katai Muposhi, Kante Hogart, Kapikila Peter, Malama Damani, Manda Masoka, Muposhi Katai, Muwowo Kelly, Mwalumuna Felix, Swaba Evans, Silomba Charles, Zimba Mary, Vincent Mukuka, Chinyanta Merine, Nobert Mukunto, Marjory Kamawu, Gilbert Chitalu, Hellen Mkandawire, Victor Mwape, Kawemba Ackim, Martin Mwansa, Kasenge Francis, Mwanda Rodgers, Sampa Edna, Dorothy Shimo, Rodwell Chulu, Phiri Isaac, Kamfwa Mofya, Lemmy Chibenga, Clement Gondo, Clara Chibuye, Mbewe Agness, Clement Mwelwa, Charity Mulenga, Mambwe Kasakula, Japhet Zulu, Banda Gideon, Sydin Shamutete, Pearson Hamwenda, Victor Mwitwa, Mercy Mumba, Elisah Titima, Misozi Phiri, Eric Mukuka, Benson Mulenga, Juliet Gondwe, Jay Jay Chilala, Joseph Sambumba, Christabel Chishala, Dennis Bwalya, Silver Lukwesa, Priscilla Lishiu, John L. Ngoma, George Lisomona, Mwenya Ignatius, Konkolo Kennedy, Humphrey Mulenga, Rashid B Mhango, Patrick Kambita, Dedu M. Sakala, Musa Chibawe, Chaba Chipili, Sikanyika Field, Hilary Chewe, Victoria Saina, Munyanga Kaluwa, Yvonne Katayi, Mwaka Nakweti, Kaoma Jousha, Chabala Bwalya, Charles Chanda, Elizabeth M Shumba, Clement Musiska, Lorrian Chisala, Gladys Ngandwe, Kasapo Mtembo, Dominic B. Chitondo, Angela Hagwagwa, Theresa Luhila, Chalwe Mutale, Andrew Kalonge, Weluzani Phiri, Griffson Moyo, Chishiba Kalusa, Martin Ngwata, Collins Chileshe, Derrick Mumba, Mbale M Paul, Malisar Kachima, Chibale Chisamo, Gift Nguni, Brighton Makumba, Benwell Siame, Mirriam Nkonde, John Kamanga, Kalembo D. Bwalya, Francis Chilala, Emmanual Lupikisha, Chrispin Kamfwa, Mwila Mwelwa, Jaquiline Mwape, George Kangwa, Mwangelwa Muyatwa, Chabala Rodwell, Ngambo Izambo, Hellen Chanda, Mutale Chibamba, Prosper Musonda, David K Kabwe, Mwanza Dickson, Mulenga Chiti, Richard Tembo, Clide Machalo, Bridget Zulu, Gloria Kapoko, Brian Muleba, Bwalya Gison, Musonda Nature, Mukuba Kaela, Derick Mumba, Chanda R, Kennedy Kabaghe, Jordan Mukwanka, Joseph Simusokwe, Betty Siachimpi, Frank Muwowo, Kalmia Tresford, Banda Blandina, Sharon Mazia, Beauty Changwe, Bupe Mwango B, Edgar Banda, Given Mwansa, Andrew Kangwa, Florence Ngosa, Robson Zulu, George Chisenga, Lucky Mubanga, Faith Kasanda, Nathan Simbeye, Max S Tailoka, Mathews Banda, Alex Talanti, Racheal M. Kapembwa, Levy Shonga, Kedrick Yabalwashi, Forbes Siyoka, Andrew Bwali, Mbale M. Paul, Dawry S Tembo, Enock Manengo, Suyvia Mweetwa, Catherin Sakala, Jessy Munguya, Emmanuel Numwa, Kolombo Whitney, Dorcas Nsalange, Mirriam Kambafwile, Kasapo Ntembo, Zulu Peter, Nyenda Kunda, Munsele Ignitius, Chama Musoka, Kelvin Bulaya, Martin Gwata, Greezer Shaputu, Bright Chama",,2019.0,FY2019,Goods and Services,Use of Goods and Services,,41715575.0,,,,,,,FY2019 goods and services,Kitwe-City-Council-2019-FS.pdf,Note 14,27.0,,
financial_statements_revenue_cdf,,,,,,,,,,KIT-EXP-2020-001,expenditure_line_annual,"Mwaya Mpasa, Banda Saddock, Bwembya Charles, Chanda Rodgers, Chansa Fred, Chileshe Christopher, Chileshe Francis, Chiyaka Matthews, David Phiri, Kabuseni Francis, Katongo B Joseph, Katai Muposhi, Kante Hogart, Kapikila Peter, Malama Damani, Manda Masoka, Muposhi Katai, Muwowo Kelly, Mwalumuna Felix, Swaba Evans, Silomba Charles, Zimba Mary, Vincent Mukuka, Chinyanta Merine, Nobert Mukunto, Marjory Kamawu, Gilbert Chitalu, Hellen Mkandawire, Victor Mwape, Kawemba Ackim, Martin Mwansa, Kasenge Francis, Mwanda Rodgers, Sampa Edna, Dorothy Shimo, Rodwell Chulu, Phiri Isaac, Kamfwa Mofya, Lemmy Chibenga, Clement Gondo, Clara Chibuye, Mbewe Agness, Clement Mwelwa, Charity Mulenga, Mambwe Kasakula, Japhet Zulu, Banda Gideon, Sydin Shamutete, Pearson Hamwenda, Victor Mwitwa, Mercy Mumba, Elisah Titima, Misozi Phiri, Eric Mukuka, Benson Mulenga, Juliet Gondwe, Jay Jay Chilala, Joseph Sambumba, Christabel Chishala, Dennis Bwalya, Silver Lukwesa, Priscilla Lishiu, John L. Ngoma, George Lisomona, Mwenya Ignatius, Konkolo Kennedy, Humphrey Mulenga, Rashid B Mhango, Patrick Kambita, Dedu M. Sakala, Musa Chibawe, Chaba Chipili, Sikanyika Field, Hilary Chewe, Victoria Saina, Munyanga Kaluwa, Yvonne Katayi, Mwaka Nakweti, Kaoma Jousha, Chabala Bwalya, Charles Chanda, Elizabeth M Shumba, Clement Musiska, Lorrian Chisala, Gladys Ngandwe, Kasapo Mtembo, Dominic B. Chitondo, Angela Hagwagwa, Theresa Luhila, Chalwe Mutale, Andrew Kalonge, Weluzani Phiri, Griffson Moyo, Chishiba Kalusa, Martin Ngwata, Collins Chileshe, Derrick Mumba, Mbale M Paul, Malisar Kachima, Chibale Chisamo, Gift Nguni, Brighton Makumba, Benwell Siame, Mirriam Nkonde, John Kamanga, Kalembo D. Bwalya, Francis Chilala, Emmanual Lupikisha, Chrispin Kamfwa, Mwila Mwelwa, Jaquiline Mwape, George Kangwa, Mwangelwa Muyatwa, Chabala Rodwell, Ngambo Izambo, Hellen Chanda, Mutale Chibamba, Prosper Musonda, David K Kabwe, Mwanza Dickson, Mulenga Chiti, Richard Tembo, Clide Machalo, Bridget Zulu, Gloria Kapoko, Brian Muleba, Bwalya Gison, Musonda Nature, Mukuba Kaela, Derick Mumba, Chanda R, Kennedy Kabaghe, Jordan Mukwanka, Joseph Simusokwe, Betty Siachimpi, Frank Muwowo, Kalmia Tresford, Banda Blandina, Sharon Mazia, Beauty Changwe, Bupe Mwango B, Edgar Banda, Given Mwansa, Andrew Kangwa, Florence Ngosa, Robson Zulu, George Chisenga, Lucky Mubanga, Faith Kasanda, Nathan Simbeye, Max S Tailoka, Mathews Banda, Alex Talanti, Racheal M. Kapembwa, Levy Shonga, Kedrick Yabalwashi, Forbes Siyoka, Andrew Bwali, Mbale M. Paul, Dawry S Tembo, Enock Manengo, Suyvia Mweetwa, Catherin Sakala, Jessy Munguya, Emmanuel Numwa, Kolombo Whitney, Dorcas Nsalange, Mirriam Kambafwile, Kasapo Ntembo, Zulu Peter, Nyenda Kunda, Munsele Ignitius, Chama Musoka, Kelvin Bulaya, Martin Gwata, Greezer Shaputu, Bright Chama",,2020.0,FY2020,Personal Emoluments,Personal Emoluments,,65765139.0,,,,,,,FY2020 personal emoluments,Kitwe-City-Council-2020-FS.pdf,Note 13,27.0,,
financial_statements_revenue_cdf,,,,,,,,,,KIT-EXP-2020-002,expenditure_line_annual,"Mwaya Mpasa, Banda Saddock, Bwembya Charles, Chanda Rodgers, Chansa Fred, Chileshe Christopher, Chileshe Francis, Chiyaka Matthews, David Phiri, Kabuseni Francis, Katongo B Joseph, Katai Muposhi, Kante Hogart, Kapikila Peter, Malama Damani, Manda Masoka, Muposhi Katai, Muwowo Kelly, Mwalumuna Felix, Swaba Evans, Silomba Charles, Zimba Mary, Vincent Mukuka, Chinyanta Merine, Nobert Mukunto, Marjory Kamawu, Gilbert Chitalu, Hellen Mkandawire, Victor Mwape, Kawemba Ackim, Martin Mwansa, Kasenge Francis, Mwanda Rodgers, Sampa Edna, Dorothy Shimo, Rodwell Chulu, Phiri Isaac, Kamfwa Mofya, Lemmy Chibenga, Clement Gondo, Clara Chibuye, Mbewe Agness, Clement Mwelwa, Charity Mulenga, Mambwe Kasakula, Japhet Zulu, Banda Gideon, Sydin Shamutete, Pearson Hamwenda, Victor Mwitwa, Mercy Mumba, Elisah Titima, Misozi Phiri, Eric Mukuka, Benson Mulenga, Juliet Gondwe, Jay Jay Chilala, Joseph Sambumba, Christabel Chishala, Dennis Bwalya, Silver Lukwesa, Priscilla Lishiu, John L. Ngoma, George Lisomona, Mwenya Ignatius, Konkolo Kennedy, Humphrey Mulenga, Rashid B Mhango, Patrick Kambita, Dedu M. Sakala, Musa Chibawe, Chaba Chipili, Sikanyika Field, Hilary Chewe, Victoria Saina, Munyanga Kaluwa, Yvonne Katayi, Mwaka Nakweti, Kaoma Jousha, Chabala Bwalya, Charles Chanda, Elizabeth M Shumba, Clement Musiska, Lorrian Chisala, Gladys Ngandwe, Kasapo Mtembo, Dominic B. Chitondo, Angela Hagwagwa, Theresa Luhila, Chalwe Mutale, Andrew Kalonge, Weluzani Phiri, Griffson Moyo, Chishiba Kalusa, Martin Ngwata, Collins Chileshe, Derrick Mumba, Mbale M Paul, Malisar Kachima, Chibale Chisamo, Gift Nguni, Brighton Makumba, Benwell Siame, Mirriam Nkonde, John Kamanga, Kalembo D. Bwalya, Francis Chilala, Emmanual Lupikisha, Chrispin Kamfwa, Mwila Mwelwa, Jaquiline Mwape, George Kangwa, Mwangelwa Muyatwa, Chabala Rodwell, Ngambo Izambo, Hellen Chanda, Mutale Chibamba, Prosper Musonda, David K Kabwe, Mwanza Dickson, Mulenga Chiti, Richard Tembo, Clide Machalo, Bridget Zulu, Gloria Kapoko, Brian Muleba, Bwalya Gison, Musonda Nature, Mukuba Kaela, Derick Mumba, Chanda R, Kennedy Kabaghe, Jordan Mukwanka, Joseph Simusokwe, Betty Siachimpi, Frank Muwowo, Kalmia Tresford, Banda Blandina, Sharon Mazia, Beauty Changwe, Bupe Mwango B, Edgar Banda, Given Mwansa, Andrew Kangwa, Florence Ngosa, Robson Zulu, George Chisenga, Lucky Mubanga, Faith Kasanda, Nathan Simbeye, Max S Tailoka, Mathews Banda, Alex Talanti, Racheal M. Kapembwa, Levy Shonga, Kedrick Yabalwashi, Forbes Siyoka, Andrew Bwali, Mbale M. Paul, Dawry S Tembo, Enock Manengo, Suyvia Mweetwa, Catherin Sakala, Jessy Munguya, Emmanuel Numwa, Kolombo Whitney, Dorcas Nsalange, Mirriam Kambafwile, Kasapo Ntembo, Zulu Peter, Nyenda Kunda, Munsele Ignitius, Chama Musoka, Kelvin Bulaya, Martin Gwata, Greezer Shaputu, Bright Chama",,2020.0,FY2020,Goods and Services,Use of Goods and Services,,31664071.0,,,,,,,FY2020 goods and services,Kitwe-City-Council-2020-FS.pdf,Note 14,28.0,,
financial_statements_revenue_cdf,,,,,,,,,,KIT-EXP-2021-001,expenditure_line_annual,"Mwaya Mpasa, Banda Saddock, Bwembya Charles, Chanda Rodgers, Chansa Fred, Chileshe Christopher, Chileshe Francis, Chiyaka Matthews, David Phiri, Kabuseni Francis, Katongo B Joseph, Katai Muposhi, Kante Hogart, Kapikila Peter, Malama Damani, Manda Masoka, Muposhi Katai, Muwowo Kelly, Mwalumuna Felix, Swaba Evans, Silomba Charles, Zimba Mary, Vincent Mukuka, Chinyanta Merine, Nobert Mukunto, Marjory Kamawu, Gilbert Chitalu, Hellen Mkandawire, Victor Mwape, Kawemba Ackim, Martin Mwansa, Kasenge Francis, Mwanda Rodgers, Sampa Edna, Dorothy Shimo, Rodwell Chulu, Phiri Isaac, Kamfwa Mofya, Lemmy Chibenga, Clement Gondo, Clara Chibuye, Mbewe Agness, Clement Mwelwa, Charity Mulenga, Mambwe Kasakula, Japhet Zulu, Banda Gideon, Sydin Shamutete, Pearson Hamwenda, Victor Mwitwa, Mercy Mumba, Elisah Titima, Misozi Phiri, Eric Mukuka, Benson Mulenga, Juliet Gondwe, Jay Jay Chilala, Joseph Sambumba, Christabel Chishala, Dennis Bwalya, Silver Lukwesa, Priscilla Lishiu, John L. Ngoma, George Lisomona, Mwenya Ignatius, Konkolo Kennedy, Humphrey Mulenga, Rashid B Mhango, Patrick Kambita, Dedu M. Sakala, Musa Chibawe, Chaba Chipili, Sikanyika Field, Hilary Chewe, Victoria Saina, Munyanga Kaluwa, Yvonne Katayi, Mwaka Nakweti, Kaoma Jousha, Chabala Bwalya, Charles Chanda, Elizabeth M Shumba, Clement Musiska, Lorrian Chisala, Gladys Ngandwe, Kasapo Mtembo, Dominic B. Chitondo, Angela Hagwagwa, Theresa Luhila, Chalwe Mutale, Andrew Kalonge, Weluzani Phiri, Griffson Moyo, Chishiba Kalusa, Martin Ngwata, Collins Chileshe, Derrick Mumba, Mbale M Paul, Malisar Kachima, Chibale Chisamo, Gift Nguni, Brighton Makumba, Benwell Siame, Mirriam Nkonde, John Kamanga, Kalembo D. Bwalya, Francis Chilala, Emmanual Lupikisha, Chrispin Kamfwa, Mwila Mwelwa, Jaquiline Mwape, George Kangwa, Mwangelwa Muyatwa, Chabala Rodwell, Ngambo Izambo, Hellen Chanda, Mutale Chibamba, Prosper Musonda, David K Kabwe, Mwanza Dickson, Mulenga Chiti, Richard Tembo, Clide Machalo, Bridget Zulu, Gloria Kapoko, Brian Muleba, Bwalya Gison, Musonda Nature, Mukuba Kaela, Derick Mumba, Chanda R, Kennedy Kabaghe, Jordan Mukwanka, Joseph Simusokwe, Betty Siachimpi, Frank Muwowo, Kalmia Tresford, Banda Blandina, Sharon Mazia, Beauty Changwe, Bupe Mwango B, Edgar Banda, Given Mwansa, Andrew Kangwa, Florence Ngosa, Robson Zulu, George Chisenga, Lucky Mubanga, Faith Kasanda, Nathan Simbeye, Max S Tailoka, Mathews Banda, Alex Talanti, Racheal M. Kapembwa, Levy Shonga, Kedrick Yabalwashi, Forbes Siyoka, Andrew Bwali, Mbale M. Paul, Dawry S Tembo, Enock Manengo, Suyvia Mweetwa, Catherin Sakala, Jessy Munguya, Emmanuel Numwa, Kolombo Whitney, Dorcas Nsalange, Mirriam Kambafwile, Kasapo Ntembo, Zulu Peter, Nyenda Kunda, Munsele Ignitius, Chama Musoka, Kelvin Bulaya, Martin Gwata, Greezer Shaputu, Bright Chama",,2021.0,FY2021,Personal Emoluments,Personal Emoluments,,68821507.0,,,,,,,FY2021 personal emoluments,Kitwe-City-Council-2021-FS.pdf,Note 13,29.0,,
financial_statements_revenue_cdf,,,,,,,,,,KIT-EXP-2021-002,expenditure_line_annual,"Mwaya Mpasa, Banda Saddock, Bwembya Charles, Chanda Rodgers, Chansa Fred, Chileshe Christopher, Chileshe Francis, Chiyaka Matthews, David Phiri, Kabuseni Francis, Katongo B Joseph, Katai Muposhi, Kante Hogart, Kapikila Peter, Malama Damani, Manda Masoka, Muposhi Katai, Muwowo Kelly, Mwalumuna Felix, Swaba Evans, Silomba Charles, Zimba Mary, Vincent Mukuka, Chinyanta Merine, Nobert Mukunto, Marjory Kamawu, Gilbert Chitalu, Hellen Mkandawire, Victor Mwape, Kawemba Ackim, Martin Mwansa, Kasenge Francis, Mwanda Rodgers, Sampa Edna, Dorothy Shimo, Rodwell Chulu, Phiri Isaac, Kamfwa Mofya, Lemmy Chibenga, Clement Gondo, Clara Chibuye, Mbewe Agness, Clement Mwelwa, Charity Mulenga, Mambwe Kasakula, Japhet Zulu, Banda Gideon, Sydin Shamutete, Pearson Hamwenda, Victor Mwitwa, Mercy Mumba, Elisah Titima, Misozi Phiri, Eric Mukuka, Benson Mulenga, Juliet Gondwe, Jay Jay Chilala, Joseph Sambumba, Christabel Chishala, Dennis Bwalya, Silver Lukwesa, Priscilla Lishiu, John L. Ngoma, George Lisomona, Mwenya Ignatius, Konkolo Kennedy, Humphrey Mulenga, Rashid B Mhango, Patrick Kambita, Dedu M. Sakala, Musa Chibawe, Chaba Chipili, Sikanyika Field, Hilary Chewe, Victoria Saina, Munyanga Kaluwa, Yvonne Katayi, Mwaka Nakweti, Kaoma Jousha, Chabala Bwalya, Charles Chanda, Elizabeth M Shumba, Clement Musiska, Lorrian Chisala, Gladys Ngandwe, Kasapo Mtembo, Dominic B. Chitondo, Angela Hagwagwa, Theresa Luhila, Chalwe Mutale, Andrew Kalonge, Weluzani Phiri, Griffson Moyo, Chishiba Kalusa, Martin Ngwata, Collins Chileshe, Derrick Mumba, Mbale M Paul, Malisar Kachima, Chibale Chisamo, Gift Nguni, Brighton Makumba, Benwell Siame, Mirriam Nkonde, John Kamanga, Kalembo D. Bwalya, Francis Chilala, Emmanual Lupikisha, Chrispin Kamfwa, Mwila Mwelwa, Jaquiline Mwape, George Kangwa, Mwangelwa Muyatwa, Chabala Rodwell, Ngambo Izambo, Hellen Chanda, Mutale Chibamba, Prosper Musonda, David K Kabwe, Mwanza Dickson, Mulenga Chiti, Richard Tembo, Clide Machalo, Bridget Zulu, Gloria Kapoko, Brian Muleba, Bwalya Gison, Musonda Nature, Mukuba Kaela, Derick Mumba, Chanda R, Kennedy Kabaghe, Jordan Mukwanka, Joseph Simusokwe, Betty Siachimpi, Frank Muwowo, Kalmia Tresford, Banda Blandina, Sharon Mazia, Beauty Changwe, Bupe Mwango B, Edgar Banda, Given Mwansa, Andrew Kangwa, Florence Ngosa, Robson Zulu, George Chisenga, Lucky Mubanga, Faith Kasanda, Nathan Simbeye, Max S Tailoka, Mathews Banda, Alex Talanti, Racheal M. Kapembwa, Levy Shonga, Kedrick Yabalwashi, Forbes Siyoka, Andrew Bwali, Mbale M. Paul, Dawry S Tembo, Enock Manengo, Suyvia Mweetwa, Catherin Sakala, Jessy Munguya, Emmanuel Numwa, Kolombo Whitney, Dorcas Nsalange, Mirriam Kambafwile, Kasapo Ntembo, Zulu Peter, Nyenda Kunda, Munsele Ignitius, Chama Musoka, Kelvin Bulaya, Martin Gwata, Greezer Shaputu, Bright Chama",,2021.0,FY2021,Goods and Services,Use of Goods and Services,,47278614.0,,,,,,,FY2021 goods and services,Kitwe-City-Council-2021-FS.pdf,Note 14,29.0,,
financial_statements_revenue_cdf,,,,,,,,,,KIT-EXP-2022-001,expenditure_line_annual,"Mwaya Mpasa, Banda Saddock, Bwembya Charles, Chanda Rodgers, Chansa Fred, Chileshe Christopher, Chileshe Francis, Chiyaka Matthews, David Phiri, Kabuseni Francis, Katongo B Joseph, Katai Muposhi, Kante Hogart, Kapikila Peter, Malama Damani, Manda Masoka, Muposhi Katai, Muwowo Kelly, Mwalumuna Felix, Swaba Evans, Silomba Charles, Zimba Mary, Vincent Mukuka, Chinyanta Merine, Nobert Mukunto, Marjory Kamawu, Gilbert Chitalu, Hellen Mkandawire, Victor Mwape, Kawemba Ackim, Martin Mwansa, Kasenge Francis, Mwanda Rodgers, Sampa Edna, Dorothy Shimo, Rodwell Chulu, Phiri Isaac, Kamfwa Mofya, Lemmy Chibenga, Clement Gondo, Clara Chibuye, Mbewe Agness, Clement Mwelwa, Charity Mulenga, Mambwe Kasakula, Japhet Zulu, Banda Gideon, Sydin Shamutete, Pearson Hamwenda, Victor Mwitwa, Mercy Mumba, Elisah Titima, Misozi Phiri, Eric Mukuka, Benson Mulenga, Juliet Gondwe, Jay Jay Chilala, Joseph Sambumba, Christabel Chishala, Dennis Bwalya, Silver Lukwesa, Priscilla Lishiu, John L. Ngoma, George Lisomona, Mwenya Ignatius, Konkolo Kennedy, Humphrey Mulenga, Rashid B Mhango, Patrick Kambita, Dedu M. Sakala, Musa Chibawe, Chaba Chipili, Sikanyika Field, Hilary Chewe, Victoria Saina, Munyanga Kaluwa, Yvonne Katayi, Mwaka Nakweti, Kaoma Jousha, Chabala Bwalya, Charles Chanda, Elizabeth M Shumba, Clement Musiska, Lorrian Chisala, Gladys Ngandwe, Kasapo Mtembo, Dominic B. Chitondo, Angela Hagwagwa, Theresa Luhila, Chalwe Mutale, Andrew Kalonge, Weluzani Phiri, Griffson Moyo, Chishiba Kalusa, Martin Ngwata, Collins Chileshe, Derrick Mumba, Mbale M Paul, Malisar Kachima, Chibale Chisamo, Gift Nguni, Brighton Makumba, Benwell Siame, Mirriam Nkonde, John Kamanga, Kalembo D. Bwalya, Francis Chilala, Emmanual Lupikisha, Chrispin Kamfwa, Mwila Mwelwa, Jaquiline Mwape, George Kangwa, Mwangelwa Muyatwa, Chabala Rodwell, Ngambo Izambo, Hellen Chanda, Mutale Chibamba, Prosper Musonda, David K Kabwe, Mwanza Dickson, Mulenga Chiti, Richard Tembo, Clide Machalo, Bridget Zulu, Gloria Kapoko, Brian Muleba, Bwalya Gison, Musonda Nature, Mukuba Kaela, Derick Mumba, Chanda R, Kennedy Kabaghe, Jordan Mukwanka, Joseph Simusokwe, Betty Siachimpi, Frank Muwowo, Kalmia Tresford, Banda Blandina, Sharon Mazia, Beauty Changwe, Bupe Mwango B, Edgar Banda, Given Mwansa, Andrew Kangwa, Florence Ngosa, Robson Zulu, George Chisenga, Lucky Mubanga, Faith Kasanda, Nathan Simbeye, Max S Tailoka, Mathews Banda, Alex Talanti, Racheal M. Kapembwa, Levy Shonga, Kedrick Yabalwashi, Forbes Siyoka, Andrew Bwali, Mbale M. Paul, Dawry S Tembo, Enock Manengo, Suyvia Mweetwa, Catherin Sakala, Jessy Munguya, Emmanuel Numwa, Kolombo Whitney, Dorcas Nsalange, Mirriam Kambafwile, Kasapo Ntembo, Zulu Peter, Nyenda Kunda, Munsele Ignitius, Chama Musoka, Kelvin Bulaya, Martin Gwata, Greezer Shaputu, Bright Chama",,2022.0,FY2022,Personal Emoluments,Personal Emoluments,,84176732.0,,,,,,,FY2022 personal emoluments,Kitwe-City-Council-2022-Financial-Statements.docx,Note 13,30.0,,
financial_statements_revenue_cdf,,,,,,,,,,KIT-EXP-2022-002,expenditure_line_annual,"Mwaya Mpasa, Banda Saddock, Bwembya Charles, Chanda Rodgers, Chansa Fred, Chileshe Christopher, Chileshe Francis, Chiyaka Matthews, David Phiri, Kabuseni Francis, Katongo B Joseph, Katai Muposhi, Kante Hogart, Kapikila Peter, Malama Damani, Manda Masoka, Muposhi Katai, Muwowo Kelly, Mwalumuna Felix, Swaba Evans, Silomba Charles, Zimba Mary, Vincent Mukuka, Chinyanta Merine, Nobert Mukunto, Marjory Kamawu, Gilbert Chitalu, Hellen Mkandawire, Victor Mwape, Kawemba Ackim, Martin Mwansa, Kasenge Francis, Mwanda Rodgers, Sampa Edna, Dorothy Shimo, Rodwell Chulu, Phiri Isaac, Kamfwa Mofya, Lemmy Chibenga, Clement Gondo, Clara Chibuye, Mbewe Agness, Clement Mwelwa, Charity Mulenga, Mambwe Kasakula, Japhet Zulu, Banda Gideon, Sydin Shamutete, Pearson Hamwenda, Victor Mwitwa, Mercy Mumba, Elisah Titima, Misozi Phiri, Eric Mukuka, Benson Mulenga, Juliet Gondwe, Jay Jay Chilala, Joseph Sambumba, Christabel Chishala, Dennis Bwalya, Silver Lukwesa, Priscilla Lishiu, John L. Ngoma, George Lisomona, Mwenya Ignatius, Konkolo Kennedy, Humphrey Mulenga, Rashid B Mhango, Patrick Kambita, Dedu M. Sakala, Musa Chibawe, Chaba Chipili, Sikanyika Field, Hilary Chewe, Victoria Saina, Munyanga Kaluwa, Yvonne Katayi, Mwaka Nakweti, Kaoma Jousha, Chabala Bwalya, Charles Chanda, Elizabeth M Shumba, Clement Musiska, Lorrian Chisala, Gladys Ngandwe, Kasapo Mtembo, Dominic B. Chitondo, Angela Hagwagwa, Theresa Luhila, Chalwe Mutale, Andrew Kalonge, Weluzani Phiri, Griffson Moyo, Chishiba Kalusa, Martin Ngwata, Collins Chileshe, Derrick Mumba, Mbale M Paul, Malisar Kachima, Chibale Chisamo, Gift Nguni, Brighton Makumba, Benwell Siame, Mirriam Nkonde, John Kamanga, Kalembo D. Bwalya, Francis Chilala, Emmanual Lupikisha, Chrispin Kamfwa, Mwila Mwelwa, Jaquiline Mwape, George Kangwa, Mwangelwa Muyatwa, Chabala Rodwell, Ngambo Izambo, Hellen Chanda, Mutale Chibamba, Prosper Musonda, David K Kabwe, Mwanza Dickson, Mulenga Chiti, Richard Tembo, Clide Machalo, Bridget Zulu, Gloria Kapoko, Brian Muleba, Bwalya Gison, Musonda Nature, Mukuba Kaela, Derick Mumba, Chanda R, Kennedy Kabaghe, Jordan Mukwanka, Joseph Simusokwe, Betty Siachimpi, Frank Muwowo, Kalmia Tresford, Banda Blandina, Sharon Mazia, Beauty Changwe, Bupe Mwango B, Edgar Banda, Given Mwansa, Andrew Kangwa, Florence Ngosa, Robson Zulu, George Chisenga, Lucky Mubanga, Faith Kasanda, Nathan Simbeye, Max S Tailoka, Mathews Banda, Alex Talanti, Racheal M. Kapembwa, Levy Shonga, Kedrick Yabalwashi, Forbes Siyoka, Andrew Bwali, Mbale M. Paul, Dawry S Tembo, Enock Manengo, Suyvia Mweetwa, Catherin Sakala, Jessy Munguya, Emmanuel Numwa, Kolombo Whitney, Dorcas Nsalange, Mirriam Kambafwile, Kasapo Ntembo, Zulu Peter, Nyenda Kunda, Munsele Ignitius, Chama Musoka, Kelvin Bulaya, Martin Gwata, Greezer Shaputu, Bright Chama",,2022.0,FY2022,Goods and Services,Use of Goods and Services,,75836968.0,,,,,,,FY2022 goods and services,Kitwe-City-Council-2022-Financial-Statements.docx,Note 14,30.0,,
financial_statements_revenue_cdf,,,,,,,,,,KIT-EXP-2022-003,expenditure_line_annual,"Mwaya Mpasa, Banda Saddock, Bwembya Charles, Chanda Rodgers, Chansa Fred, Chileshe Christopher, Chileshe Francis, Chiyaka Matthews, David Phiri, Kabuseni Francis, Katongo B Joseph, Katai Muposhi, Kante Hogart, Kapikila Peter, Malama Damani, Manda Masoka, Muposhi Katai, Muwowo Kelly, Mwalumuna Felix, Swaba Evans, Silomba Charles, Zimba Mary, Vincent Mukuka, Chinyanta Merine, Nobert Mukunto, Marjory Kamawu, Gilbert Chitalu, Hellen Mkandawire, Victor Mwape, Kawemba Ackim, Martin Mwansa, Kasenge Francis, Mwanda Rodgers, Sampa Edna, Dorothy Shimo, Rodwell Chulu, Phiri Isaac, Kamfwa Mofya, Lemmy Chibenga, Clement Gondo, Clara Chibuye, Mbewe Agness, Clement Mwelwa, Charity Mulenga, Mambwe Kasakula, Japhet Zulu, Banda Gideon, Sydin Shamutete, Pearson Hamwenda, Victor Mwitwa, Mercy Mumba, Elisah Titima, Misozi Phiri, Eric Mukuka, Benson Mulenga, Juliet Gondwe, Jay Jay Chilala, Joseph Sambumba, Christabel Chishala, Dennis Bwalya, Silver Lukwesa, Priscilla Lishiu, John L. Ngoma, George Lisomona, Mwenya Ignatius, Konkolo Kennedy, Humphrey Mulenga, Rashid B Mhango, Patrick Kambita, Dedu M. Sakala, Musa Chibawe, Chaba Chipili, Sikanyika Field, Hilary Chewe, Victoria Saina, Munyanga Kaluwa, Yvonne Katayi, Mwaka Nakweti, Kaoma Jousha, Chabala Bwalya, Charles Chanda, Elizabeth M Shumba, Clement Musiska, Lorrian Chisala, Gladys Ngandwe, Kasapo Mtembo, Dominic B. Chitondo, Angela Hagwagwa, Theresa Luhila, Chalwe Mutale, Andrew Kalonge, Weluzani Phiri, Griffson Moyo, Chishiba Kalusa, Martin Ngwata, Collins Chileshe, Derrick Mumba, Mbale M Paul, Malisar Kachima, Chibale Chisamo, Gift Nguni, Brighton Makumba, Benwell Siame, Mirriam Nkonde, John Kamanga, Kalembo D. Bwalya, Francis Chilala, Emmanual Lupikisha, Chrispin Kamfwa, Mwila Mwelwa, Jaquiline Mwape, George Kangwa, Mwangelwa Muyatwa, Chabala Rodwell, Ngambo Izambo, Hellen Chanda, Mutale Chibamba, Prosper Musonda, David K Kabwe, Mwanza Dickson, Mulenga Chiti, Richard Tembo, Clide Machalo, Bridget Zulu, Gloria Kapoko, Brian Muleba, Bwalya Gison, Musonda Nature, Mukuba Kaela, Derick Mumba, Chanda R, Kennedy Kabaghe, Jordan Mukwanka, Joseph Simusokwe, Betty Siachimpi, Frank Muwowo, Kalmia Tresford, Banda Blandina, Sharon Mazia, Beauty Changwe, Bupe Mwango B, Edgar Banda, Given Mwansa, Andrew Kangwa, Florence Ngosa, Robson Zulu, George Chisenga, Lucky Mubanga, Faith Kasanda, Nathan Simbeye, Max S Tailoka, Mathews Banda, Alex Talanti, Racheal M. Kapembwa, Levy Shonga, Kedrick Yabalwashi, Forbes Siyoka, Andrew Bwali, Mbale M. Paul, Dawry S Tembo, Enock Manengo, Suyvia Mweetwa, Catherin Sakala, Jessy Munguya, Emmanuel Numwa, Kolombo Whitney, Dorcas Nsalange, Mirriam Kambafwile, Kasapo Ntembo, Zulu Peter, Nyenda Kunda, Munsele Ignitius, Chama Musoka, Kelvin Bulaya, Martin Gwata, Greezer Shaputu, Bright Chama",,2022.0,FY2022,Social Benefits,Social Benefits,,7262787.0,,,,,,,FY2022 social benefits,Kitwe-City-Council-2022-Financial-Statements.docx,Note 16,31.0,,
financial_statements_revenue_cdf,,,,,,,,,,KIT-EXP-2023-001,expenditure_line_annual,"Mwaya Mpasa, Banda Saddock, Bwembya Charles, Chanda Rodgers, Chansa Fred, Chileshe Christopher, Chileshe Francis, Chiyaka Matthews, David Phiri, Kabuseni Francis, Katongo B Joseph, Katai Muposhi, Kante Hogart, Kapikila Peter, Malama Damani, Manda Masoka, Muposhi Katai, Muwowo Kelly, Mwalumuna Felix, Swaba Evans, Silomba Charles, Zimba Mary, Vincent Mukuka, Chinyanta Merine, Nobert Mukunto, Marjory Kamawu, Gilbert Chitalu, Hellen Mkandawire, Victor Mwape, Kawemba Ackim, Martin Mwansa, Kasenge Francis, Mwanda Rodgers, Sampa Edna, Dorothy Shimo, Rodwell Chulu, Phiri Isaac, Kamfwa Mofya, Lemmy Chibenga, Clement Gondo, Clara Chibuye, Mbewe Agness, Clement Mwelwa, Charity Mulenga, Mambwe Kasakula, Japhet Zulu, Banda Gideon, Sydin Shamutete, Pearson Hamwenda, Victor Mwitwa, Mercy Mumba, Elisah Titima, Misozi Phiri, Eric Mukuka, Benson Mulenga, Juliet Gondwe, Jay Jay Chilala, Joseph Sambumba, Christabel Chishala, Dennis Bwalya, Silver Lukwesa, Priscilla Lishiu, John L. Ngoma, George Lisomona, Mwenya Ignatius, Konkolo Kennedy, Humphrey Mulenga, Rashid B Mhango, Patrick Kambita, Dedu M. Sakala, Musa Chibawe, Chaba Chipili, Sikanyika Field, Hilary Chewe, Victoria Saina, Munyanga Kaluwa, Yvonne Katayi, Mwaka Nakweti, Kaoma Jousha, Chabala Bwalya, Charles Chanda, Elizabeth M Shumba, Clement Musiska, Lorrian Chisala, Gladys Ngandwe, Kasapo Mtembo, Dominic B. Chitondo, Angela Hagwagwa, Theresa Luhila, Chalwe Mutale, Andrew Kalonge, Weluzani Phiri, Griffson Moyo, Chishiba Kalusa, Martin Ngwata, Collins Chileshe, Derrick Mumba, Mbale M Paul, Malisar Kachima, Chibale Chisamo, Gift Nguni, Brighton Makumba, Benwell Siame, Mirriam Nkonde, John Kamanga, Kalembo D. Bwalya, Francis Chilala, Emmanual Lupikisha, Chrispin Kamfwa, Mwila Mwelwa, Jaquiline Mwape, George Kangwa, Mwangelwa Muyatwa, Chabala Rodwell, Ngambo Izambo, Hellen Chanda, Mutale Chibamba, Prosper Musonda, David K Kabwe, Mwanza Dickson, Mulenga Chiti, Richard Tembo, Clide Machalo, Bridget Zulu, Gloria Kapoko, Brian Muleba, Bwalya Gison, Musonda Nature, Mukuba Kaela, Derick Mumba, Chanda R, Kennedy Kabaghe, Jordan Mukwanka, Joseph Simusokwe, Betty Siachimpi, Frank Muwowo, Kalmia Tresford, Banda Blandina, Sharon Mazia, Beauty Changwe, Bupe Mwango B, Edgar Banda, Given Mwansa, Andrew Kangwa, Florence Ngosa, Robson Zulu, George Chisenga, Lucky Mubanga, Faith Kasanda, Nathan Simbeye, Max S Tailoka, Mathews Banda, Alex Talanti, Racheal M. Kapembwa, Levy Shonga, Kedrick Yabalwashi, Forbes Siyoka, Andrew Bwali, Mbale M. Paul, Dawry S Tembo, Enock Manengo, Suyvia Mweetwa, Catherin Sakala, Jessy Munguya, Emmanuel Numwa, Kolombo Whitney, Dorcas Nsalange, Mirriam Kambafwile, Kasapo Ntembo, Zulu Peter, Nyenda Kunda, Munsele Ignitius, Chama Musoka, Kelvin Bulaya, Martin Gwata, Greezer Shaputu, Bright Chama",,2023.0,FY2023,Personal Emoluments,Personal Emoluments,,93858577.0,,,,,,,FY2023 personal emoluments,Kitwe-C-C-2023-Financial-Statements-SIGNED.pdf,Note 13,35.0,,
financial_statements_revenue_cdf,,,,,,,,,,KIT-EXP-2023-002,expenditure_line_annual,"Mwaya Mpasa, Banda Saddock, Bwembya Charles, Chanda Rodgers, Chansa Fred, Chileshe Christopher, Chileshe Francis, Chiyaka Matthews, David Phiri, Kabuseni Francis, Katongo B Joseph, Katai Muposhi, Kante Hogart, Kapikila Peter, Malama Damani, Manda Masoka, Muposhi Katai, Muwowo Kelly, Mwalumuna Felix, Swaba Evans, Silomba Charles, Zimba Mary, Vincent Mukuka, Chinyanta Merine, Nobert Mukunto, Marjory Kamawu, Gilbert Chitalu, Hellen Mkandawire, Victor Mwape, Kawemba Ackim, Martin Mwansa, Kasenge Francis, Mwanda Rodgers, Sampa Edna, Dorothy Shimo, Rodwell Chulu, Phiri Isaac, Kamfwa Mofya, Lemmy Chibenga, Clement Gondo, Clara Chibuye, Mbewe Agness, Clement Mwelwa, Charity Mulenga, Mambwe Kasakula, Japhet Zulu, Banda Gideon, Sydin Shamutete, Pearson Hamwenda, Victor Mwitwa, Mercy Mumba, Elisah Titima, Misozi Phiri, Eric Mukuka, Benson Mulenga, Juliet Gondwe, Jay Jay Chilala, Joseph Sambumba, Christabel Chishala, Dennis Bwalya, Silver Lukwesa, Priscilla Lishiu, John L. Ngoma, George Lisomona, Mwenya Ignatius, Konkolo Kennedy, Humphrey Mulenga, Rashid B Mhango, Patrick Kambita, Dedu M. Sakala, Musa Chibawe, Chaba Chipili, Sikanyika Field, Hilary Chewe, Victoria Saina, Munyanga Kaluwa, Yvonne Katayi, Mwaka Nakweti, Kaoma Jousha, Chabala Bwalya, Charles Chanda, Elizabeth M Shumba, Clement Musiska, Lorrian Chisala, Gladys Ngandwe, Kasapo Mtembo, Dominic B. Chitondo, Angela Hagwagwa, Theresa Luhila, Chalwe Mutale, Andrew Kalonge, Weluzani Phiri, Griffson Moyo, Chishiba Kalusa, Martin Ngwata, Collins Chileshe, Derrick Mumba, Mbale M Paul, Malisar Kachima, Chibale Chisamo, Gift Nguni, Brighton Makumba, Benwell Siame, Mirriam Nkonde, John Kamanga, Kalembo D. Bwalya, Francis Chilala, Emmanual Lupikisha, Chrispin Kamfwa, Mwila Mwelwa, Jaquiline Mwape, George Kangwa, Mwangelwa Muyatwa, Chabala Rodwell, Ngambo Izambo, Hellen Chanda, Mutale Chibamba, Prosper Musonda, David K Kabwe, Mwanza Dickson, Mulenga Chiti, Richard Tembo, Clide Machalo, Bridget Zulu, Gloria Kapoko, Brian Muleba, Bwalya Gison, Musonda Nature, Mukuba Kaela, Derick Mumba, Chanda R, Kennedy Kabaghe, Jordan Mukwanka, Joseph Simusokwe, Betty Siachimpi, Frank Muwowo, Kalmia Tresford, Banda Blandina, Sharon Mazia, Beauty Changwe, Bupe Mwango B, Edgar Banda, Given Mwansa, Andrew Kangwa, Florence Ngosa, Robson Zulu, George Chisenga, Lucky Mubanga, Faith Kasanda, Nathan Simbeye, Max S Tailoka, Mathews Banda, Alex Talanti, Racheal M. Kapembwa, Levy Shonga, Kedrick Yabalwashi, Forbes Siyoka, Andrew Bwali, Mbale M. Paul, Dawry S Tembo, Enock Manengo, Suyvia Mweetwa, Catherin Sakala, Jessy Munguya, Emmanuel Numwa, Kolombo Whitney, Dorcas Nsalange, Mirriam Kambafwile, Kasapo Ntembo, Zulu Peter, Nyenda Kunda, Munsele Ignitius, Chama Musoka, Kelvin Bulaya, Martin Gwata, Greezer Shaputu, Bright Chama",,2023.0,FY2023,Goods and Services,Use of Goods and Services,,115598020.0,,,,,,,FY2023 goods and services,Kitwe-C-C-2023-Financial-Statements-SIGNED.pdf,Note 14,36.0,,
financial_statements_revenue_cdf,,,,,,,,,,KIT-EXP-2023-003,expenditure_line_annual,"Mwaya Mpasa, Banda Saddock, Bwembya Charles, Chanda Rodgers, Chansa Fred, Chileshe Christopher, Chileshe Francis, Chiyaka Matthews, David Phiri, Kabuseni Francis, Katongo B Joseph, Katai Muposhi, Kante Hogart, Kapikila Peter, Malama Damani, Manda Masoka, Muposhi Katai, Muwowo Kelly, Mwalumuna Felix, Swaba Evans, Silomba Charles, Zimba Mary, Vincent Mukuka, Chinyanta Merine, Nobert Mukunto, Marjory Kamawu, Gilbert Chitalu, Hellen Mkandawire, Victor Mwape, Kawemba Ackim, Martin Mwansa, Kasenge Francis, Mwanda Rodgers, Sampa Edna, Dorothy Shimo, Rodwell Chulu, Phiri Isaac, Kamfwa Mofya, Lemmy Chibenga, Clement Gondo, Clara Chibuye, Mbewe Agness, Clement Mwelwa, Charity Mulenga, Mambwe Kasakula, Japhet Zulu, Banda Gideon, Sydin Shamutete, Pearson Hamwenda, Victor Mwitwa, Mercy Mumba, Elisah Titima, Misozi Phiri, Eric Mukuka, Benson Mulenga, Juliet Gondwe, Jay Jay Chilala, Joseph Sambumba, Christabel Chishala, Dennis Bwalya, Silver Lukwesa, Priscilla Lishiu, John L. Ngoma, George Lisomona, Mwenya Ignatius, Konkolo Kennedy, Humphrey Mulenga, Rashid B Mhango, Patrick Kambita, Dedu M. Sakala, Musa Chibawe, Chaba Chipili, Sikanyika Field, Hilary Chewe, Victoria Saina, Munyanga Kaluwa, Yvonne Katayi, Mwaka Nakweti, Kaoma Jousha, Chabala Bwalya, Charles Chanda, Elizabeth M Shumba, Clement Musiska, Lorrian Chisala, Gladys Ngandwe, Kasapo Mtembo, Dominic B. Chitondo, Angela Hagwagwa, Theresa Luhila, Chalwe Mutale, Andrew Kalonge, Weluzani Phiri, Griffson Moyo, Chishiba Kalusa, Martin Ngwata, Collins Chileshe, Derrick Mumba, Mbale M Paul, Malisar Kachima, Chibale Chisamo, Gift Nguni, Brighton Makumba, Benwell Siame, Mirriam Nkonde, John Kamanga, Kalembo D. Bwalya, Francis Chilala, Emmanual Lupikisha, Chrispin Kamfwa, Mwila Mwelwa, Jaquiline Mwape, George Kangwa, Mwangelwa Muyatwa, Chabala Rodwell, Ngambo Izambo, Hellen Chanda, Mutale Chibamba, Prosper Musonda, David K Kabwe, Mwanza Dickson, Mulenga Chiti, Richard Tembo, Clide Machalo, Bridget Zulu, Gloria Kapoko, Brian Muleba, Bwalya Gison, Musonda Nature, Mukuba Kaela, Derick Mumba, Chanda R, Kennedy Kabaghe, Jordan Mukwanka, Joseph Simusokwe, Betty Siachimpi, Frank Muwowo, Kalmia Tresford, Banda Blandina, Sharon Mazia, Beauty Changwe, Bupe Mwango B, Edgar Banda, Given Mwansa, Andrew Kangwa, Florence Ngosa, Robson Zulu, George Chisenga, Lucky Mubanga, Faith Kasanda, Nathan Simbeye, Max S Tailoka, Mathews Banda, Alex Talanti, Racheal M. Kapembwa, Levy Shonga, Kedrick Yabalwashi, Forbes Siyoka, Andrew Bwali, Mbale M. Paul, Dawry S Tembo, Enock Manengo, Suyvia Mweetwa, Catherin Sakala, Jessy Munguya, Emmanuel Numwa, Kolombo Whitney, Dorcas Nsalange, Mirriam Kambafwile, Kasapo Ntembo, Zulu Peter, Nyenda Kunda, Munsele Ignitius, Chama Musoka, Kelvin Bulaya, Martin Gwata, Greezer Shaputu, Bright Chama",,2023.0,FY2023,Social Benefits,Social Benefits,,11972228.0,,,,,,,FY2023 social benefits,Kitwe-C-C-2023-Financial-Statements-SIGNED.pdf,Note 16,36.0,,
financial_statements_revenue_cdf,,,,,,,,,,KIT-REV-2025-Q2-001,revenue,Government of Zambia (Ministry of Finance / LGEF / CDF transfers),,2025.0,Q1-Q2,National Support,Local Government Equalisation Fund,,46365890.38,,,,,,,,Budget-Performance-Report-116-LAs.pdf,Table 13,25.0,,
financial_statements_revenue_cdf,,,,,,,,,,KIT-REV-2025-Q2-002,revenue,Government of Zambia (Ministry of Finance / LGEF / CDF transfers),,2025.0,Q1-Q2,National Support,Grants In Lieu of Rates,,842893.0,,,,,,,,Budget-Performance-Report-116-LAs.pdf,Table 13,25.0,,
financial_statements_revenue_cdf,,,,,,,,,,KIT-REV-2025-Q2-003,revenue,Government of Zambia (Ministry of Finance / LGEF / CDF transfers),,2025.0,Q1-Q2,National Support,Sector Grants,,68024766.7,,,,,,,,Budget-Performance-Report-116-LAs.pdf,Table 13,26.0,,
financial_statements_revenue_cdf,,,,,,,,,,KIT-REV-2025-Q2-004,revenue,Government of Zambia (Ministry of Finance / LGEF / CDF transfers),,2025.0,Q1-Q2,National Support,ZDSP Capital Grants,,0.0,,,,,,,,Budget-Performance-Report-116-LAs.pdf,Table 13,26.0,,
financial_statements_revenue_cdf,,,,,,,,,,KIT-REV-2025-Q2-005,revenue,Government of Zambia (Ministry of Finance / LGEF / CDF transfers),,2025.0,Q1-Q2,National Support,Constituency Development Fund,,316107891.6,,,,,,,,Budget-Performance-Report-116-LAs.pdf,Table 13,26.0,,
financial_statements_revenue_cdf,,,,,,,,,,KIT-REV-2025-Q2-006,revenue,Government of Zambia (Ministry of Finance / LGEF / CDF transfers),,2025.0,Q1-Q2,National Support,Other Grants,,77201337.0,,,,,,,,Budget-Performance-Report-116-LAs.pdf,Table 13,26.0,,
financial_statements_revenue_cdf,,,,,,,,,,KIT-REV-2025-Q2-007,revenue,Government of Zambia (Ministry of Finance / LGEF / CDF transfers),,2025.0,Q1-Q2,National Support,Sub-total,,508542778.7,,,,,,,,Budget-Performance-Report-116-LAs.pdf,Table 13,26.0,,
financial_statements_revenue_cdf,,,,,,,,,,KIT-REV-2025-Q2-008,revenue,"Mwaya Mpasa, Banda Saddock, Bwembya Charles, Chanda Rodgers, Chansa Fred, Chileshe Christopher, Chileshe Francis, Chiyaka Matthews, David Phiri, Kabuseni Francis, Katongo B Joseph, Katai Muposhi, Kante Hogart, Kapikila Peter, Malama Damani, Manda Masoka, Muposhi Katai, Muwowo Kelly, Mwalumuna Felix, Swaba Evans, Silomba Charles, Zimba Mary, Vincent Mukuka, Chinyanta Merine, Nobert Mukunto, Marjory Kamawu, Gilbert Chitalu, Hellen Mkandawire, Victor Mwape, Kawemba Ackim, Martin Mwansa, Kasenge Francis, Mwanda Rodgers, Sampa Edna, Dorothy Shimo, Rodwell Chulu, Phiri Isaac, Kamfwa Mofya, Lemmy Chibenga, Clement Gondo, Clara Chibuye, Mbewe Agness, Clement Mwelwa, Charity Mulenga, Mambwe Kasakula, Japhet Zulu, Banda Gideon, Sydin Shamutete, Pearson Hamwenda, Victor Mwitwa, Mercy Mumba, Elisah Titima, Misozi Phiri, Eric Mukuka, Benson Mulenga, Juliet Gondwe, Jay Jay Chilala, Joseph Sambumba, Christabel Chishala, Dennis Bwalya, Silver Lukwesa, Priscilla Lishiu, John L. Ngoma, George Lisomona, Mwenya Ignatius, Konkolo Kennedy, Humphrey Mulenga, Rashid B Mhango, Patrick Kambita, Dedu M. Sakala, Musa Chibawe, Chaba Chipili, Sikanyika Field, Hilary Chewe, Victoria Saina, Munyanga Kaluwa, Yvonne Katayi, Mwaka Nakweti, Kaoma Jousha, Chabala Bwalya, Charles Chanda, Elizabeth M Shumba, Clement Musiska, Lorrian Chisala, Gladys Ngandwe, Kasapo Mtembo, Dominic B. Chitondo, Angela Hagwagwa, Theresa Luhila, Chalwe Mutale, Andrew Kalonge, Weluzani Phiri, Griffson Moyo, Chishiba Kalusa, Martin Ngwata, Collins Chileshe, Derrick Mumba, Mbale M Paul, Malisar Kachima, Chibale Chisamo, Gift Nguni, Brighton Makumba, Benwell Siame, Mirriam Nkonde, John Kamanga, Kalembo D. Bwalya, Francis Chilala, Emmanual Lupikisha, Chrispin Kamfwa, Mwila Mwelwa, Jaquiline Mwape, George Kangwa, Mwangelwa Muyatwa, Chabala Rodwell, Ngambo Izambo, Hellen Chanda, Mutale Chibamba, Prosper Musonda, David K Kabwe, Mwanza Dickson, Mulenga Chiti, Richard Tembo, Clide Machalo, Bridget Zulu, Gloria Kapoko, Brian Muleba, Bwalya Gison, Musonda Nature, Mukuba Kaela, Derick Mumba, Chanda R, Kennedy Kabaghe, Jordan Mukwanka, Joseph Simusokwe, Betty Siachimpi, Frank Muwowo, Kalmia Tresford, Banda Blandina, Sharon Mazia, Beauty Changwe, Bupe Mwango B, Edgar Banda, Given Mwansa, Andrew Kangwa, Florence Ngosa, Robson Zulu, George Chisenga, Lucky Mubanga, Faith Kasanda, Nathan Simbeye, Max S Tailoka, Mathews Banda, Alex Talanti, Racheal M. Kapembwa, Levy Shonga, Kedrick Yabalwashi, Forbes Siyoka, Andrew Bwali, Mbale M. Paul, Dawry S Tembo, Enock Manengo, Suyvia Mweetwa, Catherin Sakala, Jessy Munguya, Emmanuel Numwa, Kolombo Whitney, Dorcas Nsalange, Mirriam Kambafwile, Kasapo Ntembo, Zulu Peter, Nyenda Kunda, Munsele Ignitius, Chama Musoka, Kelvin Bulaya, Martin Gwata, Greezer Shaputu, Bright Chama",,2025.0,Q1-Q2,Own Source Revenue,Local Taxes,,276111868.1,,,,,,,,Budget-Performance-Report-116-LAs.pdf,Table 13,26.0,,
financial_statements_revenue_cdf,,,,,,,,,,KIT-REV-2025-Q2-009,revenue,"Mwaya Mpasa, Banda Saddock, Bwembya Charles, Chanda Rodgers, Chansa Fred, Chileshe Christopher, Chileshe Francis, Chiyaka Matthews, David Phiri, Kabuseni Francis, Katongo B Joseph, Katai Muposhi, Kante Hogart, Kapikila Peter, Malama Damani, Manda Masoka, Muposhi Katai, Muwowo Kelly, Mwalumuna Felix, Swaba Evans, Silomba Charles, Zimba Mary, Vincent Mukuka, Chinyanta Merine, Nobert Mukunto, Marjory Kamawu, Gilbert Chitalu, Hellen Mkandawire, Victor Mwape, Kawemba Ackim, Martin Mwansa, Kasenge Francis, Mwanda Rodgers, Sampa Edna, Dorothy Shimo, Rodwell Chulu, Phiri Isaac, Kamfwa Mofya, Lemmy Chibenga, Clement Gondo, Clara Chibuye, Mbewe Agness, Clement Mwelwa, Charity Mulenga, Mambwe Kasakula, Japhet Zulu, Banda Gideon, Sydin Shamutete, Pearson Hamwenda, Victor Mwitwa, Mercy Mumba, Elisah Titima, Misozi Phiri, Eric Mukuka, Benson Mulenga, Juliet Gondwe, Jay Jay Chilala, Joseph Sambumba, Christabel Chishala, Dennis Bwalya, Silver Lukwesa, Priscilla Lishiu, John L. Ngoma, George Lisomona, Mwenya Ignatius, Konkolo Kennedy, Humphrey Mulenga, Rashid B Mhango, Patrick Kambita, Dedu M. Sakala, Musa Chibawe, Chaba Chipili, Sikanyika Field, Hilary Chewe, Victoria Saina, Munyanga Kaluwa, Yvonne Katayi, Mwaka Nakweti, Kaoma Jousha, Chabala Bwalya, Charles Chanda, Elizabeth M Shumba, Clement Musiska, Lorrian Chisala, Gladys Ngandwe, Kasapo Mtembo, Dominic B. Chitondo, Angela Hagwagwa, Theresa Luhila, Chalwe Mutale, Andrew Kalonge, Weluzani Phiri, Griffson Moyo, Chishiba Kalusa, Martin Ngwata, Collins Chileshe, Derrick Mumba, Mbale M Paul, Malisar Kachima, Chibale Chisamo, Gift Nguni, Brighton Makumba, Benwell Siame, Mirriam Nkonde, John Kamanga, Kalembo D. Bwalya, Francis Chilala, Emmanual Lupikisha, Chrispin Kamfwa, Mwila Mwelwa, Jaquiline Mwape, George Kangwa, Mwangelwa Muyatwa, Chabala Rodwell, Ngambo Izambo, Hellen Chanda, Mutale Chibamba, Prosper Musonda, David K Kabwe, Mwanza Dickson, Mulenga Chiti, Richard Tembo, Clide Machalo, Bridget Zulu, Gloria Kapoko, Brian Muleba, Bwalya Gison, Musonda Nature, Mukuba Kaela, Derick Mumba, Chanda R, Kennedy Kabaghe, Jordan Mukwanka, Joseph Simusokwe, Betty Siachimpi, Frank Muwowo, Kalmia Tresford, Banda Blandina, Sharon Mazia, Beauty Changwe, Bupe Mwango B, Edgar Banda, Given Mwansa, Andrew Kangwa, Florence Ngosa, Robson Zulu, George Chisenga, Lucky Mubanga, Faith Kasanda, Nathan Simbeye, Max S Tailoka, Mathews Banda, Alex Talanti, Racheal M. Kapembwa, Levy Shonga, Kedrick Yabalwashi, Forbes Siyoka, Andrew Bwali, Mbale M. Paul, Dawry S Tembo, Enock Manengo, Suyvia Mweetwa, Catherin Sakala, Jessy Munguya, Emmanuel Numwa, Kolombo Whitney, Dorcas Nsalange, Mirriam Kambafwile, Kasapo Ntembo, Zulu Peter, Nyenda Kunda, Munsele Ignitius, Chama Musoka, Kelvin Bulaya, Martin Gwata, Greezer Shaputu, Bright Chama",,2025.0,Q1-Q2,Own Source Revenue,Fee & Charges,,92272566.78,,,,,,,,Budget-Performance-Report-116-LAs.pdf,Table 13,26.0,,
financial_statements_revenue_cdf,,,,,,,,,,KIT-REV-2025-Q2-010,revenue,"Mwaya Mpasa, Banda Saddock, Bwembya Charles, Chanda Rodgers, Chansa Fred, Chileshe Christopher, Chileshe Francis, Chiyaka Matthews, David Phiri, Kabuseni Francis, Katongo B Joseph, Katai Muposhi, Kante Hogart, Kapikila Peter, Malama Damani, Manda Masoka, Muposhi Katai, Muwowo Kelly, Mwalumuna Felix, Swaba Evans, Silomba Charles, Zimba Mary, Vincent Mukuka, Chinyanta Merine, Nobert Mukunto, Marjory Kamawu, Gilbert Chitalu, Hellen Mkandawire, Victor Mwape, Kawemba Ackim, Martin Mwansa, Kasenge Francis, Mwanda Rodgers, Sampa Edna, Dorothy Shimo, Rodwell Chulu, Phiri Isaac, Kamfwa Mofya, Lemmy Chibenga, Clement Gondo, Clara Chibuye, Mbewe Agness, Clement Mwelwa, Charity Mulenga, Mambwe Kasakula, Japhet Zulu, Banda Gideon, Sydin Shamutete, Pearson Hamwenda, Victor Mwitwa, Mercy Mumba, Elisah Titima, Misozi Phiri, Eric Mukuka, Benson Mulenga, Juliet Gondwe, Jay Jay Chilala, Joseph Sambumba, Christabel Chishala, Dennis Bwalya, Silver Lukwesa, Priscilla Lishiu, John L. Ngoma, George Lisomona, Mwenya Ignatius, Konkolo Kennedy, Humphrey Mulenga, Rashid B Mhango, Patrick Kambita, Dedu M. Sakala, Musa Chibawe, Chaba Chipili, Sikanyika Field, Hilary Chewe, Victoria Saina, Munyanga Kaluwa, Yvonne Katayi, Mwaka Nakweti, Kaoma Jousha, Chabala Bwalya, Charles Chanda, Elizabeth M Shumba, Clement Musiska, Lorrian Chisala, Gladys Ngandwe, Kasapo Mtembo, Dominic B. Chitondo, Angela Hagwagwa, Theresa Luhila, Chalwe Mutale, Andrew Kalonge, Weluzani Phiri, Griffson Moyo, Chishiba Kalusa, Martin Ngwata, Collins Chileshe, Derrick Mumba, Mbale M Paul, Malisar Kachima, Chibale Chisamo, Gift Nguni, Brighton Makumba, Benwell Siame, Mirriam Nkonde, John Kamanga, Kalembo D. Bwalya, Francis Chilala, Emmanual Lupikisha, Chrispin Kamfwa, Mwila Mwelwa, Jaquiline Mwape, George Kangwa, Mwangelwa Muyatwa, Chabala Rodwell, Ngambo Izambo, Hellen Chanda, Mutale Chibamba, Prosper Musonda, David K Kabwe, Mwanza Dickson, Mulenga Chiti, Richard Tembo, Clide Machalo, Bridget Zulu, Gloria Kapoko, Brian Muleba, Bwalya Gison, Musonda Nature, Mukuba Kaela, Derick Mumba, Chanda R, Kennedy Kabaghe, Jordan Mukwanka, Joseph Simusokwe, Betty Siachimpi, Frank Muwowo, Kalmia Tresford, Banda Blandina, Sharon Mazia, Beauty Changwe, Bupe Mwango B, Edgar Banda, Given Mwansa, Andrew Kangwa, Florence Ngosa, Robson Zulu, George Chisenga, Lucky Mubanga, Faith Kasanda, Nathan Simbeye, Max S Tailoka, Mathews Banda, Alex Talanti, Racheal M. Kapembwa, Levy Shonga, Kedrick Yabalwashi, Forbes Siyoka, Andrew Bwali, Mbale M. Paul, Dawry S Tembo, Enock Manengo, Suyvia Mweetwa, Catherin Sakala, Jessy Munguya, Emmanuel Numwa, Kolombo Whitney, Dorcas Nsalange, Mirriam Kambafwile, Kasapo Ntembo, Zulu Peter, Nyenda Kunda, Munsele Ignitius, Chama Musoka, Kelvin Bulaya, Martin Gwata, Greezer Shaputu, Bright Chama",,2025.0,Q1-Q2,Own Source Revenue,Licences,,4405511.29,,,,,,,,Budget-Performance-Report-116-LAs.pdf,Table 13,26.0,,
financial_statements_revenue_cdf,,,,,,,,,,KIT-REV-2025-Q2-011,revenue,"Mwaya Mpasa, Banda Saddock, Bwembya Charles, Chanda Rodgers, Chansa Fred, Chileshe Christopher, Chileshe Francis, Chiyaka Matthews, David Phiri, Kabuseni Francis, Katongo B Joseph, Katai Muposhi, Kante Hogart, Kapikila Peter, Malama Damani, Manda Masoka, Muposhi Katai, Muwowo Kelly, Mwalumuna Felix, Swaba Evans, Silomba Charles, Zimba Mary, Vincent Mukuka, Chinyanta Merine, Nobert Mukunto, Marjory Kamawu, Gilbert Chitalu, Hellen Mkandawire, Victor Mwape, Kawemba Ackim, Martin Mwansa, Kasenge Francis, Mwanda Rodgers, Sampa Edna, Dorothy Shimo, Rodwell Chulu, Phiri Isaac, Kamfwa Mofya, Lemmy Chibenga, Clement Gondo, Clara Chibuye, Mbewe Agness, Clement Mwelwa, Charity Mulenga, Mambwe Kasakula, Japhet Zulu, Banda Gideon, Sydin Shamutete, Pearson Hamwenda, Victor Mwitwa, Mercy Mumba, Elisah Titima, Misozi Phiri, Eric Mukuka, Benson Mulenga, Juliet Gondwe, Jay Jay Chilala, Joseph Sambumba, Christabel Chishala, Dennis Bwalya, Silver Lukwesa, Priscilla Lishiu, John L. Ngoma, George Lisomona, Mwenya Ignatius, Konkolo Kennedy, Humphrey Mulenga, Rashid B Mhango, Patrick Kambita, Dedu M. Sakala, Musa Chibawe, Chaba Chipili, Sikanyika Field, Hilary Chewe, Victoria Saina, Munyanga Kaluwa, Yvonne Katayi, Mwaka Nakweti, Kaoma Jousha, Chabala Bwalya, Charles Chanda, Elizabeth M Shumba, Clement Musiska, Lorrian Chisala, Gladys Ngandwe, Kasapo Mtembo, Dominic B. Chitondo, Angela Hagwagwa, Theresa Luhila, Chalwe Mutale, Andrew Kalonge, Weluzani Phiri, Griffson Moyo, Chishiba Kalusa, Martin Ngwata, Collins Chileshe, Derrick Mumba, Mbale M Paul, Malisar Kachima, Chibale Chisamo, Gift Nguni, Brighton Makumba, Benwell Siame, Mirriam Nkonde, John Kamanga, Kalembo D. Bwalya, Francis Chilala, Emmanual Lupikisha, Chrispin Kamfwa, Mwila Mwelwa, Jaquiline Mwape, George Kangwa, Mwangelwa Muyatwa, Chabala Rodwell, Ngambo Izambo, Hellen Chanda, Mutale Chibamba, Prosper Musonda, David K Kabwe, Mwanza Dickson, Mulenga Chiti, Richard Tembo, Clide Machalo, Bridget Zulu, Gloria Kapoko, Brian Muleba, Bwalya Gison, Musonda Nature, Mukuba Kaela, Derick Mumba, Chanda R, Kennedy Kabaghe, Jordan Mukwanka, Joseph Simusokwe, Betty Siachimpi, Frank Muwowo, Kalmia Tresford, Banda Blandina, Sharon Mazia, Beauty Changwe, Bupe Mwango B, Edgar Banda, Given Mwansa, Andrew Kangwa, Florence Ngosa, Robson Zulu, George Chisenga, Lucky Mubanga, Faith Kasanda, Nathan Simbeye, Max S Tailoka, Mathews Banda, Alex Talanti, Racheal M. Kapembwa, Levy Shonga, Kedrick Yabalwashi, Forbes Siyoka, Andrew Bwali, Mbale M. Paul, Dawry S Tembo, Enock Manengo, Suyvia Mweetwa, Catherin Sakala, Jessy Munguya, Emmanuel Numwa, Kolombo Whitney, Dorcas Nsalange, Mirriam Kambafwile, Kasapo Ntembo, Zulu Peter, Nyenda Kunda, Munsele Ignitius, Chama Musoka, Kelvin Bulaya, Martin Gwata, Greezer Shaputu, Bright Chama",,2025.0,Q1-Q2,Own Source Revenue,Levies,,15758193.88,,,,,,,,Budget-Performance-Report-116-LAs.pdf,Table 13,26.0,,
financial_statements_revenue_cdf,,,,,,,,,,KIT-REV-2025-Q2-012,revenue,"Mwaya Mpasa, Banda Saddock, Bwembya Charles, Chanda Rodgers, Chansa Fred, Chileshe Christopher, Chileshe Francis, Chiyaka Matthews, David Phiri, Kabuseni Francis, Katongo B Joseph, Katai Muposhi, Kante Hogart, Kapikila Peter, Malama Damani, Manda Masoka, Muposhi Katai, Muwowo Kelly, Mwalumuna Felix, Swaba Evans, Silomba Charles, Zimba Mary, Vincent Mukuka, Chinyanta Merine, Nobert Mukunto, Marjory Kamawu, Gilbert Chitalu, Hellen Mkandawire, Victor Mwape, Kawemba Ackim, Martin Mwansa, Kasenge Francis, Mwanda Rodgers, Sampa Edna, Dorothy Shimo, Rodwell Chulu, Phiri Isaac, Kamfwa Mofya, Lemmy Chibenga, Clement Gondo, Clara Chibuye, Mbewe Agness, Clement Mwelwa, Charity Mulenga, Mambwe Kasakula, Japhet Zulu, Banda Gideon, Sydin Shamutete, Pearson Hamwenda, Victor Mwitwa, Mercy Mumba, Elisah Titima, Misozi Phiri, Eric Mukuka, Benson Mulenga, Juliet Gondwe, Jay Jay Chilala, Joseph Sambumba, Christabel Chishala, Dennis Bwalya, Silver Lukwesa, Priscilla Lishiu, John L. Ngoma, George Lisomona, Mwenya Ignatius, Konkolo Kennedy, Humphrey Mulenga, Rashid B Mhango, Patrick Kambita, Dedu M. Sakala, Musa Chibawe, Chaba Chipili, Sikanyika Field, Hilary Chewe, Victoria Saina, Munyanga Kaluwa, Yvonne Katayi, Mwaka Nakweti, Kaoma Jousha, Chabala Bwalya, Charles Chanda, Elizabeth M Shumba, Clement Musiska, Lorrian Chisala, Gladys Ngandwe, Kasapo Mtembo, Dominic B. Chitondo, Angela Hagwagwa, Theresa Luhila, Chalwe Mutale, Andrew Kalonge, Weluzani Phiri, Griffson Moyo, Chishiba Kalusa, Martin Ngwata, Collins Chileshe, Derrick Mumba, Mbale M Paul, Malisar Kachima, Chibale Chisamo, Gift Nguni, Brighton Makumba, Benwell Siame, Mirriam Nkonde, John Kamanga, Kalembo D. Bwalya, Francis Chilala, Emmanual Lupikisha, Chrispin Kamfwa, Mwila Mwelwa, Jaquiline Mwape, George Kangwa, Mwangelwa Muyatwa, Chabala Rodwell, Ngambo Izambo, Hellen Chanda, Mutale Chibamba, Prosper Musonda, David K Kabwe, Mwanza Dickson, Mulenga Chiti, Richard Tembo, Clide Machalo, Bridget Zulu, Gloria Kapoko, Brian Muleba, Bwalya Gison, Musonda Nature, Mukuba Kaela, Derick Mumba, Chanda R, Kennedy Kabaghe, Jordan Mukwanka, Joseph Simusokwe, Betty Siachimpi, Frank Muwowo, Kalmia Tresford, Banda Blandina, Sharon Mazia, Beauty Changwe, Bupe Mwango B, Edgar Banda, Given Mwansa, Andrew Kangwa, Florence Ngosa, Robson Zulu, George Chisenga, Lucky Mubanga, Faith Kasanda, Nathan Simbeye, Max S Tailoka, Mathews Banda, Alex Talanti, Racheal M. Kapembwa, Levy Shonga, Kedrick Yabalwashi, Forbes Siyoka, Andrew Bwali, Mbale M. Paul, Dawry S Tembo, Enock Manengo, Suyvia Mweetwa, Catherin Sakala, Jessy Munguya, Emmanuel Numwa, Kolombo Whitney, Dorcas Nsalange, Mirriam Kambafwile, Kasapo Ntembo, Zulu Peter, Nyenda Kunda, Munsele Ignitius, Chama Musoka, Kelvin Bulaya, Martin Gwata, Greezer Shaputu, Bright Chama",,2025.0,Q1-Q2,Own Source Revenue,Permits,,18476132.39,,,,,,,,Budget-Performance-Report-116-LAs.pdf,Table 13,26.0,,
financial_statements_revenue_cdf,,,,,,,,,,KIT-REV-2025-Q2-013,revenue,"Mwaya Mpasa, Banda Saddock, Bwembya Charles, Chanda Rodgers, Chansa Fred, Chileshe Christopher, Chileshe Francis, Chiyaka Matthews, David Phiri, Kabuseni Francis, Katongo B Joseph, Katai Muposhi, Kante Hogart, Kapikila Peter, Malama Damani, Manda Masoka, Muposhi Katai, Muwowo Kelly, Mwalumuna Felix, Swaba Evans, Silomba Charles, Zimba Mary, Vincent Mukuka, Chinyanta Merine, Nobert Mukunto, Marjory Kamawu, Gilbert Chitalu, Hellen Mkandawire, Victor Mwape, Kawemba Ackim, Martin Mwansa, Kasenge Francis, Mwanda Rodgers, Sampa Edna, Dorothy Shimo, Rodwell Chulu, Phiri Isaac, Kamfwa Mofya, Lemmy Chibenga, Clement Gondo, Clara Chibuye, Mbewe Agness, Clement Mwelwa, Charity Mulenga, Mambwe Kasakula, Japhet Zulu, Banda Gideon, Sydin Shamutete, Pearson Hamwenda, Victor Mwitwa, Mercy Mumba, Elisah Titima, Misozi Phiri, Eric Mukuka, Benson Mulenga, Juliet Gondwe, Jay Jay Chilala, Joseph Sambumba, Christabel Chishala, Dennis Bwalya, Silver Lukwesa, Priscilla Lishiu, John L. Ngoma, George Lisomona, Mwenya Ignatius, Konkolo Kennedy, Humphrey Mulenga, Rashid B Mhango, Patrick Kambita, Dedu M. Sakala, Musa Chibawe, Chaba Chipili, Sikanyika Field, Hilary Chewe, Victoria Saina, Munyanga Kaluwa, Yvonne Katayi, Mwaka Nakweti, Kaoma Jousha, Chabala Bwalya, Charles Chanda, Elizabeth M Shumba, Clement Musiska, Lorrian Chisala, Gladys Ngandwe, Kasapo Mtembo, Dominic B. Chitondo, Angela Hagwagwa, Theresa Luhila, Chalwe Mutale, Andrew Kalonge, Weluzani Phiri, Griffson Moyo, Chishiba Kalusa, Martin Ngwata, Collins Chileshe, Derrick Mumba, Mbale M Paul, Malisar Kachima, Chibale Chisamo, Gift Nguni, Brighton Makumba, Benwell Siame, Mirriam Nkonde, John Kamanga, Kalembo D. Bwalya, Francis Chilala, Emmanual Lupikisha, Chrispin Kamfwa, Mwila Mwelwa, Jaquiline Mwape, George Kangwa, Mwangelwa Muyatwa, Chabala Rodwell, Ngambo Izambo, Hellen Chanda, Mutale Chibamba, Prosper Musonda, David K Kabwe, Mwanza Dickson, Mulenga Chiti, Richard Tembo, Clide Machalo, Bridget Zulu, Gloria Kapoko, Brian Muleba, Bwalya Gison, Musonda Nature, Mukuba Kaela, Derick Mumba, Chanda R, Kennedy Kabaghe, Jordan Mukwanka, Joseph Simusokwe, Betty Siachimpi, Frank Muwowo, Kalmia Tresford, Banda Blandina, Sharon Mazia, Beauty Changwe, Bupe Mwango B, Edgar Banda, Given Mwansa, Andrew Kangwa, Florence Ngosa, Robson Zulu, George Chisenga, Lucky Mubanga, Faith Kasanda, Nathan Simbeye, Max S Tailoka, Mathews Banda, Alex Talanti, Racheal M. Kapembwa, Levy Shonga, Kedrick Yabalwashi, Forbes Siyoka, Andrew Bwali, Mbale M. Paul, Dawry S Tembo, Enock Manengo, Suyvia Mweetwa, Catherin Sakala, Jessy Munguya, Emmanuel Numwa, Kolombo Whitney, Dorcas Nsalange, Mirriam Kambafwile, Kasapo Ntembo, Zulu Peter, Nyenda Kunda, Munsele Ignitius, Chama Musoka, Kelvin Bulaya, Martin Gwata, Greezer Shaputu, Bright Chama",,2025.0,Q1-Q2,Own Source Revenue,Commercial ventures,,96983.0,,,,,,,,Budget-Performance-Report-116-LAs.pdf,Table 13,26.0,,
financial_statements_revenue_cdf,,,,,,,,,,KIT-REV-2025-Q2-014,revenue,"Mwaya Mpasa, Banda Saddock, Bwembya Charles, Chanda Rodgers, Chansa Fred, Chileshe Christopher, Chileshe Francis, Chiyaka Matthews, David Phiri, Kabuseni Francis, Katongo B Joseph, Katai Muposhi, Kante Hogart, Kapikila Peter, Malama Damani, Manda Masoka, Muposhi Katai, Muwowo Kelly, Mwalumuna Felix, Swaba Evans, Silomba Charles, Zimba Mary, Vincent Mukuka, Chinyanta Merine, Nobert Mukunto, Marjory Kamawu, Gilbert Chitalu, Hellen Mkandawire, Victor Mwape, Kawemba Ackim, Martin Mwansa, Kasenge Francis, Mwanda Rodgers, Sampa Edna, Dorothy Shimo, Rodwell Chulu, Phiri Isaac, Kamfwa Mofya, Lemmy Chibenga, Clement Gondo, Clara Chibuye, Mbewe Agness, Clement Mwelwa, Charity Mulenga, Mambwe Kasakula, Japhet Zulu, Banda Gideon, Sydin Shamutete, Pearson Hamwenda, Victor Mwitwa, Mercy Mumba, Elisah Titima, Misozi Phiri, Eric Mukuka, Benson Mulenga, Juliet Gondwe, Jay Jay Chilala, Joseph Sambumba, Christabel Chishala, Dennis Bwalya, Silver Lukwesa, Priscilla Lishiu, John L. Ngoma, George Lisomona, Mwenya Ignatius, Konkolo Kennedy, Humphrey Mulenga, Rashid B Mhango, Patrick Kambita, Dedu M. Sakala, Musa Chibawe, Chaba Chipili, Sikanyika Field, Hilary Chewe, Victoria Saina, Munyanga Kaluwa, Yvonne Katayi, Mwaka Nakweti, Kaoma Jousha, Chabala Bwalya, Charles Chanda, Elizabeth M Shumba, Clement Musiska, Lorrian Chisala, Gladys Ngandwe, Kasapo Mtembo, Dominic B. Chitondo, Angela Hagwagwa, Theresa Luhila, Chalwe Mutale, Andrew Kalonge, Weluzani Phiri, Griffson Moyo, Chishiba Kalusa, Martin Ngwata, Collins Chileshe, Derrick Mumba, Mbale M Paul, Malisar Kachima, Chibale Chisamo, Gift Nguni, Brighton Makumba, Benwell Siame, Mirriam Nkonde, John Kamanga, Kalembo D. Bwalya, Francis Chilala, Emmanual Lupikisha, Chrispin Kamfwa, Mwila Mwelwa, Jaquiline Mwape, George Kangwa, Mwangelwa Muyatwa, Chabala Rodwell, Ngambo Izambo, Hellen Chanda, Mutale Chibamba, Prosper Musonda, David K Kabwe, Mwanza Dickson, Mulenga Chiti, Richard Tembo, Clide Machalo, Bridget Zulu, Gloria Kapoko, Brian Muleba, Bwalya Gison, Musonda Nature, Mukuba Kaela, Derick Mumba, Chanda R, Kennedy Kabaghe, Jordan Mukwanka, Joseph Simusokwe, Betty Siachimpi, Frank Muwowo, Kalmia Tresford, Banda Blandina, Sharon Mazia, Beauty Changwe, Bupe Mwango B, Edgar Banda, Given Mwansa, Andrew Kangwa, Florence Ngosa, Robson Zulu, George Chisenga, Lucky Mubanga, Faith Kasanda, Nathan Simbeye, Max S Tailoka, Mathews Banda, Alex Talanti, Racheal M. Kapembwa, Levy Shonga, Kedrick Yabalwashi, Forbes Siyoka, Andrew Bwali, Mbale M. Paul, Dawry S Tembo, Enock Manengo, Suyvia Mweetwa, Catherin Sakala, Jessy Munguya, Emmanuel Numwa, Kolombo Whitney, Dorcas Nsalange, Mirriam Kambafwile, Kasapo Ntembo, Zulu Peter, Nyenda Kunda, Munsele Ignitius, Chama Musoka, Kelvin Bulaya, Martin Gwata, Greezer Shaputu, Bright Chama",,2025.0,Q1-Q2,Own Source Revenue,Others OSR,,2590519.13,,,,,,,,Budget-Performance-Report-116-LAs.pdf,Table 13,26.0,,
financial_statements_revenue_cdf,,,,,,,,,,KIT-REV-2025-Q2-015,revenue,"Mwaya Mpasa, Banda Saddock, Bwembya Charles, Chanda Rodgers, Chansa Fred, Chileshe Christopher, Chileshe Francis, Chiyaka Matthews, David Phiri, Kabuseni Francis, Katongo B Joseph, Katai Muposhi, Kante Hogart, Kapikila Peter, Malama Damani, Manda Masoka, Muposhi Katai, Muwowo Kelly, Mwalumuna Felix, Swaba Evans, Silomba Charles, Zimba Mary, Vincent Mukuka, Chinyanta Merine, Nobert Mukunto, Marjory Kamawu, Gilbert Chitalu, Hellen Mkandawire, Victor Mwape, Kawemba Ackim, Martin Mwansa, Kasenge Francis, Mwanda Rodgers, Sampa Edna, Dorothy Shimo, Rodwell Chulu, Phiri Isaac, Kamfwa Mofya, Lemmy Chibenga, Clement Gondo, Clara Chibuye, Mbewe Agness, Clement Mwelwa, Charity Mulenga, Mambwe Kasakula, Japhet Zulu, Banda Gideon, Sydin Shamutete, Pearson Hamwenda, Victor Mwitwa, Mercy Mumba, Elisah Titima, Misozi Phiri, Eric Mukuka, Benson Mulenga, Juliet Gondwe, Jay Jay Chilala, Joseph Sambumba, Christabel Chishala, Dennis Bwalya, Silver Lukwesa, Priscilla Lishiu, John L. Ngoma, George Lisomona, Mwenya Ignatius, Konkolo Kennedy, Humphrey Mulenga, Rashid B Mhango, Patrick Kambita, Dedu M. Sakala, Musa Chibawe, Chaba Chipili, Sikanyika Field, Hilary Chewe, Victoria Saina, Munyanga Kaluwa, Yvonne Katayi, Mwaka Nakweti, Kaoma Jousha, Chabala Bwalya, Charles Chanda, Elizabeth M Shumba, Clement Musiska, Lorrian Chisala, Gladys Ngandwe, Kasapo Mtembo, Dominic B. Chitondo, Angela Hagwagwa, Theresa Luhila, Chalwe Mutale, Andrew Kalonge, Weluzani Phiri, Griffson Moyo, Chishiba Kalusa, Martin Ngwata, Collins Chileshe, Derrick Mumba, Mbale M Paul, Malisar Kachima, Chibale Chisamo, Gift Nguni, Brighton Makumba, Benwell Siame, Mirriam Nkonde, John Kamanga, Kalembo D. Bwalya, Francis Chilala, Emmanual Lupikisha, Chrispin Kamfwa, Mwila Mwelwa, Jaquiline Mwape, George Kangwa, Mwangelwa Muyatwa, Chabala Rodwell, Ngambo Izambo, Hellen Chanda, Mutale Chibamba, Prosper Musonda, David K Kabwe, Mwanza Dickson, Mulenga Chiti, Richard Tembo, Clide Machalo, Bridget Zulu, Gloria Kapoko, Brian Muleba, Bwalya Gison, Musonda Nature, Mukuba Kaela, Derick Mumba, Chanda R, Kennedy Kabaghe, Jordan Mukwanka, Joseph Simusokwe, Betty Siachimpi, Frank Muwowo, Kalmia Tresford, Banda Blandina, Sharon Mazia, Beauty Changwe, Bupe Mwango B, Edgar Banda, Given Mwansa, Andrew Kangwa, Florence Ngosa, Robson Zulu, George Chisenga, Lucky Mubanga, Faith Kasanda, Nathan Simbeye, Max S Tailoka, Mathews Banda, Alex Talanti, Racheal M. Kapembwa, Levy Shonga, Kedrick Yabalwashi, Forbes Siyoka, Andrew Bwali, Mbale M. Paul, Dawry S Tembo, Enock Manengo, Suyvia Mweetwa, Catherin Sakala, Jessy Munguya, Emmanuel Numwa, Kolombo Whitney, Dorcas Nsalange, Mirriam Kambafwile, Kasapo Ntembo, Zulu Peter, Nyenda Kunda, Munsele Ignitius, Chama Musoka, Kelvin Bulaya, Martin Gwata, Greezer Shaputu, Bright Chama",,2025.0,Q1-Q2,Own Source Revenue,Sub-total,,409711774.6,,,,,,,,Budget-Performance-Report-116-LAs.pdf,Table 13,26.0,,
financial_statements_revenue_cdf,,,,,,,,,,KIT-REV-2025-Q2-016,revenue,"Mwaya Mpasa, Banda Saddock, Bwembya Charles, Chanda Rodgers, Chansa Fred, Chileshe Christopher, Chileshe Francis, Chiyaka Matthews, David Phiri, Kabuseni Francis, Katongo B Joseph, Katai Muposhi, Kante Hogart, Kapikila Peter, Malama Damani, Manda Masoka, Muposhi Katai, Muwowo Kelly, Mwalumuna Felix, Swaba Evans, Silomba Charles, Zimba Mary, Vincent Mukuka, Chinyanta Merine, Nobert Mukunto, Marjory Kamawu, Gilbert Chitalu, Hellen Mkandawire, Victor Mwape, Kawemba Ackim, Martin Mwansa, Kasenge Francis, Mwanda Rodgers, Sampa Edna, Dorothy Shimo, Rodwell Chulu, Phiri Isaac, Kamfwa Mofya, Lemmy Chibenga, Clement Gondo, Clara Chibuye, Mbewe Agness, Clement Mwelwa, Charity Mulenga, Mambwe Kasakula, Japhet Zulu, Banda Gideon, Sydin Shamutete, Pearson Hamwenda, Victor Mwitwa, Mercy Mumba, Elisah Titima, Misozi Phiri, Eric Mukuka, Benson Mulenga, Juliet Gondwe, Jay Jay Chilala, Joseph Sambumba, Christabel Chishala, Dennis Bwalya, Silver Lukwesa, Priscilla Lishiu, John L. Ngoma, George Lisomona, Mwenya Ignatius, Konkolo Kennedy, Humphrey Mulenga, Rashid B Mhango, Patrick Kambita, Dedu M. Sakala, Musa Chibawe, Chaba Chipili, Sikanyika Field, Hilary Chewe, Victoria Saina, Munyanga Kaluwa, Yvonne Katayi, Mwaka Nakweti, Kaoma Jousha, Chabala Bwalya, Charles Chanda, Elizabeth M Shumba, Clement Musiska, Lorrian Chisala, Gladys Ngandwe, Kasapo Mtembo, Dominic B. Chitondo, Angela Hagwagwa, Theresa Luhila, Chalwe Mutale, Andrew Kalonge, Weluzani Phiri, Griffson Moyo, Chishiba Kalusa, Martin Ngwata, Collins Chileshe, Derrick Mumba, Mbale M Paul, Malisar Kachima, Chibale Chisamo, Gift Nguni, Brighton Makumba, Benwell Siame, Mirriam Nkonde, John Kamanga, Kalembo D. Bwalya, Francis Chilala, Emmanual Lupikisha, Chrispin Kamfwa, Mwila Mwelwa, Jaquiline Mwape, George Kangwa, Mwangelwa Muyatwa, Chabala Rodwell, Ngambo Izambo, Hellen Chanda, Mutale Chibamba, Prosper Musonda, David K Kabwe, Mwanza Dickson, Mulenga Chiti, Richard Tembo, Clide Machalo, Bridget Zulu, Gloria Kapoko, Brian Muleba, Bwalya Gison, Musonda Nature, Mukuba Kaela, Derick Mumba, Chanda R, Kennedy Kabaghe, Jordan Mukwanka, Joseph Simusokwe, Betty Siachimpi, Frank Muwowo, Kalmia Tresford, Banda Blandina, Sharon Mazia, Beauty Changwe, Bupe Mwango B, Edgar Banda, Given Mwansa, Andrew Kangwa, Florence Ngosa, Robson Zulu, George Chisenga, Lucky Mubanga, Faith Kasanda, Nathan Simbeye, Max S Tailoka, Mathews Banda, Alex Talanti, Racheal M. Kapembwa, Levy Shonga, Kedrick Yabalwashi, Forbes Siyoka, Andrew Bwali, Mbale M. Paul, Dawry S Tembo, Enock Manengo, Suyvia Mweetwa, Catherin Sakala, Jessy Munguya, Emmanuel Numwa, Kolombo Whitney, Dorcas Nsalange, Mirriam Kambafwile, Kasapo Ntembo, Zulu Peter, Nyenda Kunda, Munsele Ignitius, Chama Musoka, Kelvin Bulaya, Martin Gwata, Greezer Shaputu, Bright Chama",,2025.0,Q1-Q2,Other Revenue,Bank interest received,,88159.0,,,,,,,,Budget-Performance-Report-116-LAs.pdf,Table 13,26.0,,
financial_statements_revenue_cdf,,,,,,,,,,KIT-REV-2025-Q2-017,revenue,"Mwaya Mpasa, Banda Saddock, Bwembya Charles, Chanda Rodgers, Chansa Fred, Chileshe Christopher, Chileshe Francis, Chiyaka Matthews, David Phiri, Kabuseni Francis, Katongo B Joseph, Katai Muposhi, Kante Hogart, Kapikila Peter, Malama Damani, Manda Masoka, Muposhi Katai, Muwowo Kelly, Mwalumuna Felix, Swaba Evans, Silomba Charles, Zimba Mary, Vincent Mukuka, Chinyanta Merine, Nobert Mukunto, Marjory Kamawu, Gilbert Chitalu, Hellen Mkandawire, Victor Mwape, Kawemba Ackim, Martin Mwansa, Kasenge Francis, Mwanda Rodgers, Sampa Edna, Dorothy Shimo, Rodwell Chulu, Phiri Isaac, Kamfwa Mofya, Lemmy Chibenga, Clement Gondo, Clara Chibuye, Mbewe Agness, Clement Mwelwa, Charity Mulenga, Mambwe Kasakula, Japhet Zulu, Banda Gideon, Sydin Shamutete, Pearson Hamwenda, Victor Mwitwa, Mercy Mumba, Elisah Titima, Misozi Phiri, Eric Mukuka, Benson Mulenga, Juliet Gondwe, Jay Jay Chilala, Joseph Sambumba, Christabel Chishala, Dennis Bwalya, Silver Lukwesa, Priscilla Lishiu, John L. Ngoma, George Lisomona, Mwenya Ignatius, Konkolo Kennedy, Humphrey Mulenga, Rashid B Mhango, Patrick Kambita, Dedu M. Sakala, Musa Chibawe, Chaba Chipili, Sikanyika Field, Hilary Chewe, Victoria Saina, Munyanga Kaluwa, Yvonne Katayi, Mwaka Nakweti, Kaoma Jousha, Chabala Bwalya, Charles Chanda, Elizabeth M Shumba, Clement Musiska, Lorrian Chisala, Gladys Ngandwe, Kasapo Mtembo, Dominic B. Chitondo, Angela Hagwagwa, Theresa Luhila, Chalwe Mutale, Andrew Kalonge, Weluzani Phiri, Griffson Moyo, Chishiba Kalusa, Martin Ngwata, Collins Chileshe, Derrick Mumba, Mbale M Paul, Malisar Kachima, Chibale Chisamo, Gift Nguni, Brighton Makumba, Benwell Siame, Mirriam Nkonde, John Kamanga, Kalembo D. Bwalya, Francis Chilala, Emmanual Lupikisha, Chrispin Kamfwa, Mwila Mwelwa, Jaquiline Mwape, George Kangwa, Mwangelwa Muyatwa, Chabala Rodwell, Ngambo Izambo, Hellen Chanda, Mutale Chibamba, Prosper Musonda, David K Kabwe, Mwanza Dickson, Mulenga Chiti, Richard Tembo, Clide Machalo, Bridget Zulu, Gloria Kapoko, Brian Muleba, Bwalya Gison, Musonda Nature, Mukuba Kaela, Derick Mumba, Chanda R, Kennedy Kabaghe, Jordan Mukwanka, Joseph Simusokwe, Betty Siachimpi, Frank Muwowo, Kalmia Tresford, Banda Blandina, Sharon Mazia, Beauty Changwe, Bupe Mwango B, Edgar Banda, Given Mwansa, Andrew Kangwa, Florence Ngosa, Robson Zulu, George Chisenga, Lucky Mubanga, Faith Kasanda, Nathan Simbeye, Max S Tailoka, Mathews Banda, Alex Talanti, Racheal M. Kapembwa, Levy Shonga, Kedrick Yabalwashi, Forbes Siyoka, Andrew Bwali, Mbale M. Paul, Dawry S Tembo, Enock Manengo, Suyvia Mweetwa, Catherin Sakala, Jessy Munguya, Emmanuel Numwa, Kolombo Whitney, Dorcas Nsalange, Mirriam Kambafwile, Kasapo Ntembo, Zulu Peter, Nyenda Kunda, Munsele Ignitius, Chama Musoka, Kelvin Bulaya, Martin Gwata, Greezer Shaputu, Bright Chama",,2025.0,Q1-Q2,Other Revenue,Borrowings - Loans,,0.0,,,,,,,,Budget-Performance-Report-116-LAs.pdf,Table 13,26.0,,
financial_statements_revenue_cdf,,,,,,,,,,KIT-REV-2025-Q2-018,revenue,"Mwaya Mpasa, Banda Saddock, Bwembya Charles, Chanda Rodgers, Chansa Fred, Chileshe Christopher, Chileshe Francis, Chiyaka Matthews, David Phiri, Kabuseni Francis, Katongo B Joseph, Katai Muposhi, Kante Hogart, Kapikila Peter, Malama Damani, Manda Masoka, Muposhi Katai, Muwowo Kelly, Mwalumuna Felix, Swaba Evans, Silomba Charles, Zimba Mary, Vincent Mukuka, Chinyanta Merine, Nobert Mukunto, Marjory Kamawu, Gilbert Chitalu, Hellen Mkandawire, Victor Mwape, Kawemba Ackim, Martin Mwansa, Kasenge Francis, Mwanda Rodgers, Sampa Edna, Dorothy Shimo, Rodwell Chulu, Phiri Isaac, Kamfwa Mofya, Lemmy Chibenga, Clement Gondo, Clara Chibuye, Mbewe Agness, Clement Mwelwa, Charity Mulenga, Mambwe Kasakula, Japhet Zulu, Banda Gideon, Sydin Shamutete, Pearson Hamwenda, Victor Mwitwa, Mercy Mumba, Elisah Titima, Misozi Phiri, Eric Mukuka, Benson Mulenga, Juliet Gondwe, Jay Jay Chilala, Joseph Sambumba, Christabel Chishala, Dennis Bwalya, Silver Lukwesa, Priscilla Lishiu, John L. Ngoma, George Lisomona, Mwenya Ignatius, Konkolo Kennedy, Humphrey Mulenga, Rashid B Mhango, Patrick Kambita, Dedu M. Sakala, Musa Chibawe, Chaba Chipili, Sikanyika Field, Hilary Chewe, Victoria Saina, Munyanga Kaluwa, Yvonne Katayi, Mwaka Nakweti, Kaoma Jousha, Chabala Bwalya, Charles Chanda, Elizabeth M Shumba, Clement Musiska, Lorrian Chisala, Gladys Ngandwe, Kasapo Mtembo, Dominic B. Chitondo, Angela Hagwagwa, Theresa Luhila, Chalwe Mutale, Andrew Kalonge, Weluzani Phiri, Griffson Moyo, Chishiba Kalusa, Martin Ngwata, Collins Chileshe, Derrick Mumba, Mbale M Paul, Malisar Kachima, Chibale Chisamo, Gift Nguni, Brighton Makumba, Benwell Siame, Mirriam Nkonde, John Kamanga, Kalembo D. Bwalya, Francis Chilala, Emmanual Lupikisha, Chrispin Kamfwa, Mwila Mwelwa, Jaquiline Mwape, George Kangwa, Mwangelwa Muyatwa, Chabala Rodwell, Ngambo Izambo, Hellen Chanda, Mutale Chibamba, Prosper Musonda, David K Kabwe, Mwanza Dickson, Mulenga Chiti, Richard Tembo, Clide Machalo, Bridget Zulu, Gloria Kapoko, Brian Muleba, Bwalya Gison, Musonda Nature, Mukuba Kaela, Derick Mumba, Chanda R, Kennedy Kabaghe, Jordan Mukwanka, Joseph Simusokwe, Betty Siachimpi, Frank Muwowo, Kalmia Tresford, Banda Blandina, Sharon Mazia, Beauty Changwe, Bupe Mwango B, Edgar Banda, Given Mwansa, Andrew Kangwa, Florence Ngosa, Robson Zulu, George Chisenga, Lucky Mubanga, Faith Kasanda, Nathan Simbeye, Max S Tailoka, Mathews Banda, Alex Talanti, Racheal M. Kapembwa, Levy Shonga, Kedrick Yabalwashi, Forbes Siyoka, Andrew Bwali, Mbale M. Paul, Dawry S Tembo, Enock Manengo, Suyvia Mweetwa, Catherin Sakala, Jessy Munguya, Emmanuel Numwa, Kolombo Whitney, Dorcas Nsalange, Mirriam Kambafwile, Kasapo Ntembo, Zulu Peter, Nyenda Kunda, Munsele Ignitius, Chama Musoka, Kelvin Bulaya, Martin Gwata, Greezer Shaputu, Bright Chama",,2025.0,Q1-Q2,Other Revenue,Borrowings - Overdraft,,0.0,,,,,,,,Budget-Performance-Report-116-LAs.pdf,Table 13,26.0,,
financial_statements_revenue_cdf,,,,,,,,,,KIT-REV-2025-Q2-019,revenue,"Mwaya Mpasa, Banda Saddock, Bwembya Charles, Chanda Rodgers, Chansa Fred, Chileshe Christopher, Chileshe Francis, Chiyaka Matthews, David Phiri, Kabuseni Francis, Katongo B Joseph, Katai Muposhi, Kante Hogart, Kapikila Peter, Malama Damani, Manda Masoka, Muposhi Katai, Muwowo Kelly, Mwalumuna Felix, Swaba Evans, Silomba Charles, Zimba Mary, Vincent Mukuka, Chinyanta Merine, Nobert Mukunto, Marjory Kamawu, Gilbert Chitalu, Hellen Mkandawire, Victor Mwape, Kawemba Ackim, Martin Mwansa, Kasenge Francis, Mwanda Rodgers, Sampa Edna, Dorothy Shimo, Rodwell Chulu, Phiri Isaac, Kamfwa Mofya, Lemmy Chibenga, Clement Gondo, Clara Chibuye, Mbewe Agness, Clement Mwelwa, Charity Mulenga, Mambwe Kasakula, Japhet Zulu, Banda Gideon, Sydin Shamutete, Pearson Hamwenda, Victor Mwitwa, Mercy Mumba, Elisah Titima, Misozi Phiri, Eric Mukuka, Benson Mulenga, Juliet Gondwe, Jay Jay Chilala, Joseph Sambumba, Christabel Chishala, Dennis Bwalya, Silver Lukwesa, Priscilla Lishiu, John L. Ngoma, George Lisomona, Mwenya Ignatius, Konkolo Kennedy, Humphrey Mulenga, Rashid B Mhango, Patrick Kambita, Dedu M. Sakala, Musa Chibawe, Chaba Chipili, Sikanyika Field, Hilary Chewe, Victoria Saina, Munyanga Kaluwa, Yvonne Katayi, Mwaka Nakweti, Kaoma Jousha, Chabala Bwalya, Charles Chanda, Elizabeth M Shumba, Clement Musiska, Lorrian Chisala, Gladys Ngandwe, Kasapo Mtembo, Dominic B. Chitondo, Angela Hagwagwa, Theresa Luhila, Chalwe Mutale, Andrew Kalonge, Weluzani Phiri, Griffson Moyo, Chishiba Kalusa, Martin Ngwata, Collins Chileshe, Derrick Mumba, Mbale M Paul, Malisar Kachima, Chibale Chisamo, Gift Nguni, Brighton Makumba, Benwell Siame, Mirriam Nkonde, John Kamanga, Kalembo D. Bwalya, Francis Chilala, Emmanual Lupikisha, Chrispin Kamfwa, Mwila Mwelwa, Jaquiline Mwape, George Kangwa, Mwangelwa Muyatwa, Chabala Rodwell, Ngambo Izambo, Hellen Chanda, Mutale Chibamba, Prosper Musonda, David K Kabwe, Mwanza Dickson, Mulenga Chiti, Richard Tembo, Clide Machalo, Bridget Zulu, Gloria Kapoko, Brian Muleba, Bwalya Gison, Musonda Nature, Mukuba Kaela, Derick Mumba, Chanda R, Kennedy Kabaghe, Jordan Mukwanka, Joseph Simusokwe, Betty Siachimpi, Frank Muwowo, Kalmia Tresford, Banda Blandina, Sharon Mazia, Beauty Changwe, Bupe Mwango B, Edgar Banda, Given Mwansa, Andrew Kangwa, Florence Ngosa, Robson Zulu, George Chisenga, Lucky Mubanga, Faith Kasanda, Nathan Simbeye, Max S Tailoka, Mathews Banda, Alex Talanti, Racheal M. Kapembwa, Levy Shonga, Kedrick Yabalwashi, Forbes Siyoka, Andrew Bwali, Mbale M. Paul, Dawry S Tembo, Enock Manengo, Suyvia Mweetwa, Catherin Sakala, Jessy Munguya, Emmanuel Numwa, Kolombo Whitney, Dorcas Nsalange, Mirriam Kambafwile, Kasapo Ntembo, Zulu Peter, Nyenda Kunda, Munsele Ignitius, Chama Musoka, Kelvin Bulaya, Martin Gwata, Greezer Shaputu, Bright Chama",,2025.0,Q1-Q2,Other Revenue,Others,,6084239.35,,,,,,,,Budget-Performance-Report-116-LAs.pdf,Table 13,26.0,,
financial_statements_revenue_cdf,,,,,,,,,,KIT-REV-2025-Q2-020,revenue,"Mwaya Mpasa, Banda Saddock, Bwembya Charles, Chanda Rodgers, Chansa Fred, Chileshe Christopher, Chileshe Francis, Chiyaka Matthews, David Phiri, Kabuseni Francis, Katongo B Joseph, Katai Muposhi, Kante Hogart, Kapikila Peter, Malama Damani, Manda Masoka, Muposhi Katai, Muwowo Kelly, Mwalumuna Felix, Swaba Evans, Silomba Charles, Zimba Mary, Vincent Mukuka, Chinyanta Merine, Nobert Mukunto, Marjory Kamawu, Gilbert Chitalu, Hellen Mkandawire, Victor Mwape, Kawemba Ackim, Martin Mwansa, Kasenge Francis, Mwanda Rodgers, Sampa Edna, Dorothy Shimo, Rodwell Chulu, Phiri Isaac, Kamfwa Mofya, Lemmy Chibenga, Clement Gondo, Clara Chibuye, Mbewe Agness, Clement Mwelwa, Charity Mulenga, Mambwe Kasakula, Japhet Zulu, Banda Gideon, Sydin Shamutete, Pearson Hamwenda, Victor Mwitwa, Mercy Mumba, Elisah Titima, Misozi Phiri, Eric Mukuka, Benson Mulenga, Juliet Gondwe, Jay Jay Chilala, Joseph Sambumba, Christabel Chishala, Dennis Bwalya, Silver Lukwesa, Priscilla Lishiu, John L. Ngoma, George Lisomona, Mwenya Ignatius, Konkolo Kennedy, Humphrey Mulenga, Rashid B Mhango, Patrick Kambita, Dedu M. Sakala, Musa Chibawe, Chaba Chipili, Sikanyika Field, Hilary Chewe, Victoria Saina, Munyanga Kaluwa, Yvonne Katayi, Mwaka Nakweti, Kaoma Jousha, Chabala Bwalya, Charles Chanda, Elizabeth M Shumba, Clement Musiska, Lorrian Chisala, Gladys Ngandwe, Kasapo Mtembo, Dominic B. Chitondo, Angela Hagwagwa, Theresa Luhila, Chalwe Mutale, Andrew Kalonge, Weluzani Phiri, Griffson Moyo, Chishiba Kalusa, Martin Ngwata, Collins Chileshe, Derrick Mumba, Mbale M Paul, Malisar Kachima, Chibale Chisamo, Gift Nguni, Brighton Makumba, Benwell Siame, Mirriam Nkonde, John Kamanga, Kalembo D. Bwalya, Francis Chilala, Emmanual Lupikisha, Chrispin Kamfwa, Mwila Mwelwa, Jaquiline Mwape, George Kangwa, Mwangelwa Muyatwa, Chabala Rodwell, Ngambo Izambo, Hellen Chanda, Mutale Chibamba, Prosper Musonda, David K Kabwe, Mwanza Dickson, Mulenga Chiti, Richard Tembo, Clide Machalo, Bridget Zulu, Gloria Kapoko, Brian Muleba, Bwalya Gison, Musonda Nature, Mukuba Kaela, Derick Mumba, Chanda R, Kennedy Kabaghe, Jordan Mukwanka, Joseph Simusokwe, Betty Siachimpi, Frank Muwowo, Kalmia Tresford, Banda Blandina, Sharon Mazia, Beauty Changwe, Bupe Mwango B, Edgar Banda, Given Mwansa, Andrew Kangwa, Florence Ngosa, Robson Zulu, George Chisenga, Lucky Mubanga, Faith Kasanda, Nathan Simbeye, Max S Tailoka, Mathews Banda, Alex Talanti, Racheal M. Kapembwa, Levy Shonga, Kedrick Yabalwashi, Forbes Siyoka, Andrew Bwali, Mbale M. Paul, Dawry S Tembo, Enock Manengo, Suyvia Mweetwa, Catherin Sakala, Jessy Munguya, Emmanuel Numwa, Kolombo Whitney, Dorcas Nsalange, Mirriam Kambafwile, Kasapo Ntembo, Zulu Peter, Nyenda Kunda, Munsele Ignitius, Chama Musoka, Kelvin Bulaya, Martin Gwata, Greezer Shaputu, Bright Chama",,2025.0,Q1-Q2,Other Revenue,Sub-total,,6172398.35,,,,,,,,Budget-Performance-Report-116-LAs.pdf,Table 13,26.0,,
financial_statements_revenue_cdf,,,,,,,,,,KIT-REV-2025-Q2-021,revenue,"Mwaya Mpasa, Banda Saddock, Bwembya Charles, Chanda Rodgers, Chansa Fred, Chileshe Christopher, Chileshe Francis, Chiyaka Matthews, David Phiri, Kabuseni Francis, Katongo B Joseph, Katai Muposhi, Kante Hogart, Kapikila Peter, Malama Damani, Manda Masoka, Muposhi Katai, Muwowo Kelly, Mwalumuna Felix, Swaba Evans, Silomba Charles, Zimba Mary, Vincent Mukuka, Chinyanta Merine, Nobert Mukunto, Marjory Kamawu, Gilbert Chitalu, Hellen Mkandawire, Victor Mwape, Kawemba Ackim, Martin Mwansa, Kasenge Francis, Mwanda Rodgers, Sampa Edna, Dorothy Shimo, Rodwell Chulu, Phiri Isaac, Kamfwa Mofya, Lemmy Chibenga, Clement Gondo, Clara Chibuye, Mbewe Agness, Clement Mwelwa, Charity Mulenga, Mambwe Kasakula, Japhet Zulu, Banda Gideon, Sydin Shamutete, Pearson Hamwenda, Victor Mwitwa, Mercy Mumba, Elisah Titima, Misozi Phiri, Eric Mukuka, Benson Mulenga, Juliet Gondwe, Jay Jay Chilala, Joseph Sambumba, Christabel Chishala, Dennis Bwalya, Silver Lukwesa, Priscilla Lishiu, John L. Ngoma, George Lisomona, Mwenya Ignatius, Konkolo Kennedy, Humphrey Mulenga, Rashid B Mhango, Patrick Kambita, Dedu M. Sakala, Musa Chibawe, Chaba Chipili, Sikanyika Field, Hilary Chewe, Victoria Saina, Munyanga Kaluwa, Yvonne Katayi, Mwaka Nakweti, Kaoma Jousha, Chabala Bwalya, Charles Chanda, Elizabeth M Shumba, Clement Musiska, Lorrian Chisala, Gladys Ngandwe, Kasapo Mtembo, Dominic B. Chitondo, Angela Hagwagwa, Theresa Luhila, Chalwe Mutale, Andrew Kalonge, Weluzani Phiri, Griffson Moyo, Chishiba Kalusa, Martin Ngwata, Collins Chileshe, Derrick Mumba, Mbale M Paul, Malisar Kachima, Chibale Chisamo, Gift Nguni, Brighton Makumba, Benwell Siame, Mirriam Nkonde, John Kamanga, Kalembo D. Bwalya, Francis Chilala, Emmanual Lupikisha, Chrispin Kamfwa, Mwila Mwelwa, Jaquiline Mwape, George Kangwa, Mwangelwa Muyatwa, Chabala Rodwell, Ngambo Izambo, Hellen Chanda, Mutale Chibamba, Prosper Musonda, David K Kabwe, Mwanza Dickson, Mulenga Chiti, Richard Tembo, Clide Machalo, Bridget Zulu, Gloria Kapoko, Brian Muleba, Bwalya Gison, Musonda Nature, Mukuba Kaela, Derick Mumba, Chanda R, Kennedy Kabaghe, Jordan Mukwanka, Joseph Simusokwe, Betty Siachimpi, Frank Muwowo, Kalmia Tresford, Banda Blandina, Sharon Mazia, Beauty Changwe, Bupe Mwango B, Edgar Banda, Given Mwansa, Andrew Kangwa, Florence Ngosa, Robson Zulu, George Chisenga, Lucky Mubanga, Faith Kasanda, Nathan Simbeye, Max S Tailoka, Mathews Banda, Alex Talanti, Racheal M. Kapembwa, Levy Shonga, Kedrick Yabalwashi, Forbes Siyoka, Andrew Bwali, Mbale M. Paul, Dawry S Tembo, Enock Manengo, Suyvia Mweetwa, Catherin Sakala, Jessy Munguya, Emmanuel Numwa, Kolombo Whitney, Dorcas Nsalange, Mirriam Kambafwile, Kasapo Ntembo, Zulu Peter, Nyenda Kunda, Munsele Ignitius, Chama Musoka, Kelvin Bulaya, Martin Gwata, Greezer Shaputu, Bright Chama",,2025.0,Q1-Q2,Total,Total,,924426951.6,,,,,,,,Budget-Performance-Report-116-LAs.pdf,Table 13,26.0,,
financial_statements_revenue_cdf,,,,,,,,,,KIT-REV-2025-Q2-022,revenue,"Mwaya Mpasa, Banda Saddock, Bwembya Charles, Chanda Rodgers, Chansa Fred, Chileshe Christopher, Chileshe Francis, Chiyaka Matthews, David Phiri, Kabuseni Francis, Katongo B Joseph, Katai Muposhi, Kante Hogart, Kapikila Peter, Malama Damani, Manda Masoka, Muposhi Katai, Muwowo Kelly, Mwalumuna Felix, Swaba Evans, Silomba Charles, Zimba Mary, Vincent Mukuka, Chinyanta Merine, Nobert Mukunto, Marjory Kamawu, Gilbert Chitalu, Hellen Mkandawire, Victor Mwape, Kawemba Ackim, Martin Mwansa, Kasenge Francis, Mwanda Rodgers, Sampa Edna, Dorothy Shimo, Rodwell Chulu, Phiri Isaac, Kamfwa Mofya, Lemmy Chibenga, Clement Gondo, Clara Chibuye, Mbewe Agness, Clement Mwelwa, Charity Mulenga, Mambwe Kasakula, Japhet Zulu, Banda Gideon, Sydin Shamutete, Pearson Hamwenda, Victor Mwitwa, Mercy Mumba, Elisah Titima, Misozi Phiri, Eric Mukuka, Benson Mulenga, Juliet Gondwe, Jay Jay Chilala, Joseph Sambumba, Christabel Chishala, Dennis Bwalya, Silver Lukwesa, Priscilla Lishiu, John L. Ngoma, George Lisomona, Mwenya Ignatius, Konkolo Kennedy, Humphrey Mulenga, Rashid B Mhango, Patrick Kambita, Dedu M. Sakala, Musa Chibawe, Chaba Chipili, Sikanyika Field, Hilary Chewe, Victoria Saina, Munyanga Kaluwa, Yvonne Katayi, Mwaka Nakweti, Kaoma Jousha, Chabala Bwalya, Charles Chanda, Elizabeth M Shumba, Clement Musiska, Lorrian Chisala, Gladys Ngandwe, Kasapo Mtembo, Dominic B. Chitondo, Angela Hagwagwa, Theresa Luhila, Chalwe Mutale, Andrew Kalonge, Weluzani Phiri, Griffson Moyo, Chishiba Kalusa, Martin Ngwata, Collins Chileshe, Derrick Mumba, Mbale M Paul, Malisar Kachima, Chibale Chisamo, Gift Nguni, Brighton Makumba, Benwell Siame, Mirriam Nkonde, John Kamanga, Kalembo D. Bwalya, Francis Chilala, Emmanual Lupikisha, Chrispin Kamfwa, Mwila Mwelwa, Jaquiline Mwape, George Kangwa, Mwangelwa Muyatwa, Chabala Rodwell, Ngambo Izambo, Hellen Chanda, Mutale Chibamba, Prosper Musonda, David K Kabwe, Mwanza Dickson, Mulenga Chiti, Richard Tembo, Clide Machalo, Bridget Zulu, Gloria Kapoko, Brian Muleba, Bwalya Gison, Musonda Nature, Mukuba Kaela, Derick Mumba, Chanda R, Kennedy Kabaghe, Jordan Mukwanka, Joseph Simusokwe, Betty Siachimpi, Frank Muwowo, Kalmia Tresford, Banda Blandina, Sharon Mazia, Beauty Changwe, Bupe Mwango B, Edgar Banda, Given Mwansa, Andrew Kangwa, Florence Ngosa, Robson Zulu, George Chisenga, Lucky Mubanga, Faith Kasanda, Nathan Simbeye, Max S Tailoka, Mathews Banda, Alex Talanti, Racheal M. Kapembwa, Levy Shonga, Kedrick Yabalwashi, Forbes Siyoka, Andrew Bwali, Mbale M. Paul, Dawry S Tembo, Enock Manengo, Suyvia Mweetwa, Catherin Sakala, Jessy Munguya, Emmanuel Numwa, Kolombo Whitney, Dorcas Nsalange, Mirriam Kambafwile, Kasapo Ntembo, Zulu Peter, Nyenda Kunda, Munsele Ignitius, Chama Musoka, Kelvin Bulaya, Martin Gwata, Greezer Shaputu, Bright Chama",,2025.0,Q1-Q2,Total,Carry over funds,,202460220.0,,,,,,,,Budget-Performance-Report-116-LAs.pdf,Table 13,26.0,,
financial_statements_revenue_cdf,,,,,,,,,,KIT-REV-2025-Q2-023,revenue,"Mwaya Mpasa, Banda Saddock, Bwembya Charles, Chanda Rodgers, Chansa Fred, Chileshe Christopher, Chileshe Francis, Chiyaka Matthews, David Phiri, Kabuseni Francis, Katongo B Joseph, Katai Muposhi, Kante Hogart, Kapikila Peter, Malama Damani, Manda Masoka, Muposhi Katai, Muwowo Kelly, Mwalumuna Felix, Swaba Evans, Silomba Charles, Zimba Mary, Vincent Mukuka, Chinyanta Merine, Nobert Mukunto, Marjory Kamawu, Gilbert Chitalu, Hellen Mkandawire, Victor Mwape, Kawemba Ackim, Martin Mwansa, Kasenge Francis, Mwanda Rodgers, Sampa Edna, Dorothy Shimo, Rodwell Chulu, Phiri Isaac, Kamfwa Mofya, Lemmy Chibenga, Clement Gondo, Clara Chibuye, Mbewe Agness, Clement Mwelwa, Charity Mulenga, Mambwe Kasakula, Japhet Zulu, Banda Gideon, Sydin Shamutete, Pearson Hamwenda, Victor Mwitwa, Mercy Mumba, Elisah Titima, Misozi Phiri, Eric Mukuka, Benson Mulenga, Juliet Gondwe, Jay Jay Chilala, Joseph Sambumba, Christabel Chishala, Dennis Bwalya, Silver Lukwesa, Priscilla Lishiu, John L. Ngoma, George Lisomona, Mwenya Ignatius, Konkolo Kennedy, Humphrey Mulenga, Rashid B Mhango, Patrick Kambita, Dedu M. Sakala, Musa Chibawe, Chaba Chipili, Sikanyika Field, Hilary Chewe, Victoria Saina, Munyanga Kaluwa, Yvonne Katayi, Mwaka Nakweti, Kaoma Jousha, Chabala Bwalya, Charles Chanda, Elizabeth M Shumba, Clement Musiska, Lorrian Chisala, Gladys Ngandwe, Kasapo Mtembo, Dominic B. Chitondo, Angela Hagwagwa, Theresa Luhila, Chalwe Mutale, Andrew Kalonge, Weluzani Phiri, Griffson Moyo, Chishiba Kalusa, Martin Ngwata, Collins Chileshe, Derrick Mumba, Mbale M Paul, Malisar Kachima, Chibale Chisamo, Gift Nguni, Brighton Makumba, Benwell Siame, Mirriam Nkonde, John Kamanga, Kalembo D. Bwalya, Francis Chilala, Emmanual Lupikisha, Chrispin Kamfwa, Mwila Mwelwa, Jaquiline Mwape, George Kangwa, Mwangelwa Muyatwa, Chabala Rodwell, Ngambo Izambo, Hellen Chanda, Mutale Chibamba, Prosper Musonda, David K Kabwe, Mwanza Dickson, Mulenga Chiti, Richard Tembo, Clide Machalo, Bridget Zulu, Gloria Kapoko, Brian Muleba, Bwalya Gison, Musonda Nature, Mukuba Kaela, Derick Mumba, Chanda R, Kennedy Kabaghe, Jordan Mukwanka, Joseph Simusokwe, Betty Siachimpi, Frank Muwowo, Kalmia Tresford, Banda Blandina, Sharon Mazia, Beauty Changwe, Bupe Mwango B, Edgar Banda, Given Mwansa, Andrew Kangwa, Florence Ngosa, Robson Zulu, George Chisenga, Lucky Mubanga, Faith Kasanda, Nathan Simbeye, Max S Tailoka, Mathews Banda, Alex Talanti, Racheal M. Kapembwa, Levy Shonga, Kedrick Yabalwashi, Forbes Siyoka, Andrew Bwali, Mbale M. Paul, Dawry S Tembo, Enock Manengo, Suyvia Mweetwa, Catherin Sakala, Jessy Munguya, Emmanuel Numwa, Kolombo Whitney, Dorcas Nsalange, Mirriam Kambafwile, Kasapo Ntembo, Zulu Peter, Nyenda Kunda, Munsele Ignitius, Chama Musoka, Kelvin Bulaya, Martin Gwata, Greezer Shaputu, Bright Chama",,2025.0,Q1-Q2,Total,Grand total (incl. carryover),,1126887172.0,,,,,,,,Budget-Performance-Report-116-LAs.pdf,Table 13,26.0,,
financial_statements_revenue_cdf,,,,,,,,,,KIT-EXP-2025-Q2-001,expenditure,"Mwaya Mpasa, Banda Saddock, Bwembya Charles, Chanda Rodgers, Chansa Fred, Chileshe Christopher, Chileshe Francis, Chiyaka Matthews, David Phiri, Kabuseni Francis, Katongo B Joseph, Katai Muposhi, Kante Hogart, Kapikila Peter, Malama Damani, Manda Masoka, Muposhi Katai, Muwowo Kelly, Mwalumuna Felix, Swaba Evans, Silomba Charles, Zimba Mary, Vincent Mukuka, Chinyanta Merine, Nobert Mukunto, Marjory Kamawu, Gilbert Chitalu, Hellen Mkandawire, Victor Mwape, Kawemba Ackim, Martin Mwansa, Kasenge Francis, Mwanda Rodgers, Sampa Edna, Dorothy Shimo, Rodwell Chulu, Phiri Isaac, Kamfwa Mofya, Lemmy Chibenga, Clement Gondo, Clara Chibuye, Mbewe Agness, Clement Mwelwa, Charity Mulenga, Mambwe Kasakula, Japhet Zulu, Banda Gideon, Sydin Shamutete, Pearson Hamwenda, Victor Mwitwa, Mercy Mumba, Elisah Titima, Misozi Phiri, Eric Mukuka, Benson Mulenga, Juliet Gondwe, Jay Jay Chilala, Joseph Sambumba, Christabel Chishala, Dennis Bwalya, Silver Lukwesa, Priscilla Lishiu, John L. Ngoma, George Lisomona, Mwenya Ignatius, Konkolo Kennedy, Humphrey Mulenga, Rashid B Mhango, Patrick Kambita, Dedu M. Sakala, Musa Chibawe, Chaba Chipili, Sikanyika Field, Hilary Chewe, Victoria Saina, Munyanga Kaluwa, Yvonne Katayi, Mwaka Nakweti, Kaoma Jousha, Chabala Bwalya, Charles Chanda, Elizabeth M Shumba, Clement Musiska, Lorrian Chisala, Gladys Ngandwe, Kasapo Mtembo, Dominic B. Chitondo, Angela Hagwagwa, Theresa Luhila, Chalwe Mutale, Andrew Kalonge, Weluzani Phiri, Griffson Moyo, Chishiba Kalusa, Martin Ngwata, Collins Chileshe, Derrick Mumba, Mbale M Paul, Malisar Kachima, Chibale Chisamo, Gift Nguni, Brighton Makumba, Benwell Siame, Mirriam Nkonde, John Kamanga, Kalembo D. Bwalya, Francis Chilala, Emmanual Lupikisha, Chrispin Kamfwa, Mwila Mwelwa, Jaquiline Mwape, George Kangwa, Mwangelwa Muyatwa, Chabala Rodwell, Ngambo Izambo, Hellen Chanda, Mutale Chibamba, Prosper Musonda, David K Kabwe, Mwanza Dickson, Mulenga Chiti, Richard Tembo, Clide Machalo, Bridget Zulu, Gloria Kapoko, Brian Muleba, Bwalya Gison, Musonda Nature, Mukuba Kaela, Derick Mumba, Chanda R, Kennedy Kabaghe, Jordan Mukwanka, Joseph Simusokwe, Betty Siachimpi, Frank Muwowo, Kalmia Tresford, Banda Blandina, Sharon Mazia, Beauty Changwe, Bupe Mwango B, Edgar Banda, Given Mwansa, Andrew Kangwa, Florence Ngosa, Robson Zulu, George Chisenga, Lucky Mubanga, Faith Kasanda, Nathan Simbeye, Max S Tailoka, Mathews Banda, Alex Talanti, Racheal M. Kapembwa, Levy Shonga, Kedrick Yabalwashi, Forbes Siyoka, Andrew Bwali, Mbale M. Paul, Dawry S Tembo, Enock Manengo, Suyvia Mweetwa, Catherin Sakala, Jessy Munguya, Emmanuel Numwa, Kolombo Whitney, Dorcas Nsalange, Mirriam Kambafwile, Kasapo Ntembo, Zulu Peter, Nyenda Kunda, Munsele Ignitius, Chama Musoka, Kelvin Bulaya, Martin Gwata, Greezer Shaputu, Bright Chama",,2025.0,Q1-Q2,Personal emoluments,Personal emoluments,,271093002.4,,,,,,,,Budget-Performance-Report-116-LAs.pdf,Table 14,27.0,,
financial_statements_revenue_cdf,,,,,,,,,,KIT-EXP-2025-Q2-002,expenditure,"Mwaya Mpasa, Banda Saddock, Bwembya Charles, Chanda Rodgers, Chansa Fred, Chileshe Christopher, Chileshe Francis, Chiyaka Matthews, David Phiri, Kabuseni Francis, Katongo B Joseph, Katai Muposhi, Kante Hogart, Kapikila Peter, Malama Damani, Manda Masoka, Muposhi Katai, Muwowo Kelly, Mwalumuna Felix, Swaba Evans, Silomba Charles, Zimba Mary, Vincent Mukuka, Chinyanta Merine, Nobert Mukunto, Marjory Kamawu, Gilbert Chitalu, Hellen Mkandawire, Victor Mwape, Kawemba Ackim, Martin Mwansa, Kasenge Francis, Mwanda Rodgers, Sampa Edna, Dorothy Shimo, Rodwell Chulu, Phiri Isaac, Kamfwa Mofya, Lemmy Chibenga, Clement Gondo, Clara Chibuye, Mbewe Agness, Clement Mwelwa, Charity Mulenga, Mambwe Kasakula, Japhet Zulu, Banda Gideon, Sydin Shamutete, Pearson Hamwenda, Victor Mwitwa, Mercy Mumba, Elisah Titima, Misozi Phiri, Eric Mukuka, Benson Mulenga, Juliet Gondwe, Jay Jay Chilala, Joseph Sambumba, Christabel Chishala, Dennis Bwalya, Silver Lukwesa, Priscilla Lishiu, John L. Ngoma, George Lisomona, Mwenya Ignatius, Konkolo Kennedy, Humphrey Mulenga, Rashid B Mhango, Patrick Kambita, Dedu M. Sakala, Musa Chibawe, Chaba Chipili, Sikanyika Field, Hilary Chewe, Victoria Saina, Munyanga Kaluwa, Yvonne Katayi, Mwaka Nakweti, Kaoma Jousha, Chabala Bwalya, Charles Chanda, Elizabeth M Shumba, Clement Musiska, Lorrian Chisala, Gladys Ngandwe, Kasapo Mtembo, Dominic B. Chitondo, Angela Hagwagwa, Theresa Luhila, Chalwe Mutale, Andrew Kalonge, Weluzani Phiri, Griffson Moyo, Chishiba Kalusa, Martin Ngwata, Collins Chileshe, Derrick Mumba, Mbale M Paul, Malisar Kachima, Chibale Chisamo, Gift Nguni, Brighton Makumba, Benwell Siame, Mirriam Nkonde, John Kamanga, Kalembo D. Bwalya, Francis Chilala, Emmanual Lupikisha, Chrispin Kamfwa, Mwila Mwelwa, Jaquiline Mwape, George Kangwa, Mwangelwa Muyatwa, Chabala Rodwell, Ngambo Izambo, Hellen Chanda, Mutale Chibamba, Prosper Musonda, David K Kabwe, Mwanza Dickson, Mulenga Chiti, Richard Tembo, Clide Machalo, Bridget Zulu, Gloria Kapoko, Brian Muleba, Bwalya Gison, Musonda Nature, Mukuba Kaela, Derick Mumba, Chanda R, Kennedy Kabaghe, Jordan Mukwanka, Joseph Simusokwe, Betty Siachimpi, Frank Muwowo, Kalmia Tresford, Banda Blandina, Sharon Mazia, Beauty Changwe, Bupe Mwango B, Edgar Banda, Given Mwansa, Andrew Kangwa, Florence Ngosa, Robson Zulu, George Chisenga, Lucky Mubanga, Faith Kasanda, Nathan Simbeye, Max S Tailoka, Mathews Banda, Alex Talanti, Racheal M. Kapembwa, Levy Shonga, Kedrick Yabalwashi, Forbes Siyoka, Andrew Bwali, Mbale M. Paul, Dawry S Tembo, Enock Manengo, Suyvia Mweetwa, Catherin Sakala, Jessy Munguya, Emmanuel Numwa, Kolombo Whitney, Dorcas Nsalange, Mirriam Kambafwile, Kasapo Ntembo, Zulu Peter, Nyenda Kunda, Munsele Ignitius, Chama Musoka, Kelvin Bulaya, Martin Gwata, Greezer Shaputu, Bright Chama",,2025.0,Q1-Q2,Use of goods and services,Use of goods and services,,315526395.5,,,,,,,,Budget-Performance-Report-116-LAs.pdf,Table 14,27.0,,
financial_statements_revenue_cdf,,,,,,,,,,KIT-EXP-2025-Q2-003,expenditure,"Mwaya Mpasa, Banda Saddock, Bwembya Charles, Chanda Rodgers, Chansa Fred, Chileshe Christopher, Chileshe Francis, Chiyaka Matthews, David Phiri, Kabuseni Francis, Katongo B Joseph, Katai Muposhi, Kante Hogart, Kapikila Peter, Malama Damani, Manda Masoka, Muposhi Katai, Muwowo Kelly, Mwalumuna Felix, Swaba Evans, Silomba Charles, Zimba Mary, Vincent Mukuka, Chinyanta Merine, Nobert Mukunto, Marjory Kamawu, Gilbert Chitalu, Hellen Mkandawire, Victor Mwape, Kawemba Ackim, Martin Mwansa, Kasenge Francis, Mwanda Rodgers, Sampa Edna, Dorothy Shimo, Rodwell Chulu, Phiri Isaac, Kamfwa Mofya, Lemmy Chibenga, Clement Gondo, Clara Chibuye, Mbewe Agness, Clement Mwelwa, Charity Mulenga, Mambwe Kasakula, Japhet Zulu, Banda Gideon, Sydin Shamutete, Pearson Hamwenda, Victor Mwitwa, Mercy Mumba, Elisah Titima, Misozi Phiri, Eric Mukuka, Benson Mulenga, Juliet Gondwe, Jay Jay Chilala, Joseph Sambumba, Christabel Chishala, Dennis Bwalya, Silver Lukwesa, Priscilla Lishiu, John L. Ngoma, George Lisomona, Mwenya Ignatius, Konkolo Kennedy, Humphrey Mulenga, Rashid B Mhango, Patrick Kambita, Dedu M. Sakala, Musa Chibawe, Chaba Chipili, Sikanyika Field, Hilary Chewe, Victoria Saina, Munyanga Kaluwa, Yvonne Katayi, Mwaka Nakweti, Kaoma Jousha, Chabala Bwalya, Charles Chanda, Elizabeth M Shumba, Clement Musiska, Lorrian Chisala, Gladys Ngandwe, Kasapo Mtembo, Dominic B. Chitondo, Angela Hagwagwa, Theresa Luhila, Chalwe Mutale, Andrew Kalonge, Weluzani Phiri, Griffson Moyo, Chishiba Kalusa, Martin Ngwata, Collins Chileshe, Derrick Mumba, Mbale M Paul, Malisar Kachima, Chibale Chisamo, Gift Nguni, Brighton Makumba, Benwell Siame, Mirriam Nkonde, John Kamanga, Kalembo D. Bwalya, Francis Chilala, Emmanual Lupikisha, Chrispin Kamfwa, Mwila Mwelwa, Jaquiline Mwape, George Kangwa, Mwangelwa Muyatwa, Chabala Rodwell, Ngambo Izambo, Hellen Chanda, Mutale Chibamba, Prosper Musonda, David K Kabwe, Mwanza Dickson, Mulenga Chiti, Richard Tembo, Clide Machalo, Bridget Zulu, Gloria Kapoko, Brian Muleba, Bwalya Gison, Musonda Nature, Mukuba Kaela, Derick Mumba, Chanda R, Kennedy Kabaghe, Jordan Mukwanka, Joseph Simusokwe, Betty Siachimpi, Frank Muwowo, Kalmia Tresford, Banda Blandina, Sharon Mazia, Beauty Changwe, Bupe Mwango B, Edgar Banda, Given Mwansa, Andrew Kangwa, Florence Ngosa, Robson Zulu, George Chisenga, Lucky Mubanga, Faith Kasanda, Nathan Simbeye, Max S Tailoka, Mathews Banda, Alex Talanti, Racheal M. Kapembwa, Levy Shonga, Kedrick Yabalwashi, Forbes Siyoka, Andrew Bwali, Mbale M. Paul, Dawry S Tembo, Enock Manengo, Suyvia Mweetwa, Catherin Sakala, Jessy Munguya, Emmanuel Numwa, Kolombo Whitney, Dorcas Nsalange, Mirriam Kambafwile, Kasapo Ntembo, Zulu Peter, Nyenda Kunda, Munsele Ignitius, Chama Musoka, Kelvin Bulaya, Martin Gwata, Greezer Shaputu, Bright Chama",,2025.0,Q1-Q2,Financial charges,Financial charges,,0.0,,,,,,,,Budget-Performance-Report-116-LAs.pdf,Table 14,27.0,,
financial_statements_revenue_cdf,,,,,,,,,,KIT-EXP-2025-Q2-004,expenditure,"Mwaya Mpasa, Banda Saddock, Bwembya Charles, Chanda Rodgers, Chansa Fred, Chileshe Christopher, Chileshe Francis, Chiyaka Matthews, David Phiri, Kabuseni Francis, Katongo B Joseph, Katai Muposhi, Kante Hogart, Kapikila Peter, Malama Damani, Manda Masoka, Muposhi Katai, Muwowo Kelly, Mwalumuna Felix, Swaba Evans, Silomba Charles, Zimba Mary, Vincent Mukuka, Chinyanta Merine, Nobert Mukunto, Marjory Kamawu, Gilbert Chitalu, Hellen Mkandawire, Victor Mwape, Kawemba Ackim, Martin Mwansa, Kasenge Francis, Mwanda Rodgers, Sampa Edna, Dorothy Shimo, Rodwell Chulu, Phiri Isaac, Kamfwa Mofya, Lemmy Chibenga, Clement Gondo, Clara Chibuye, Mbewe Agness, Clement Mwelwa, Charity Mulenga, Mambwe Kasakula, Japhet Zulu, Banda Gideon, Sydin Shamutete, Pearson Hamwenda, Victor Mwitwa, Mercy Mumba, Elisah Titima, Misozi Phiri, Eric Mukuka, Benson Mulenga, Juliet Gondwe, Jay Jay Chilala, Joseph Sambumba, Christabel Chishala, Dennis Bwalya, Silver Lukwesa, Priscilla Lishiu, John L. Ngoma, George Lisomona, Mwenya Ignatius, Konkolo Kennedy, Humphrey Mulenga, Rashid B Mhango, Patrick Kambita, Dedu M. Sakala, Musa Chibawe, Chaba Chipili, Sikanyika Field, Hilary Chewe, Victoria Saina, Munyanga Kaluwa, Yvonne Katayi, Mwaka Nakweti, Kaoma Jousha, Chabala Bwalya, Charles Chanda, Elizabeth M Shumba, Clement Musiska, Lorrian Chisala, Gladys Ngandwe, Kasapo Mtembo, Dominic B. Chitondo, Angela Hagwagwa, Theresa Luhila, Chalwe Mutale, Andrew Kalonge, Weluzani Phiri, Griffson Moyo, Chishiba Kalusa, Martin Ngwata, Collins Chileshe, Derrick Mumba, Mbale M Paul, Malisar Kachima, Chibale Chisamo, Gift Nguni, Brighton Makumba, Benwell Siame, Mirriam Nkonde, John Kamanga, Kalembo D. Bwalya, Francis Chilala, Emmanual Lupikisha, Chrispin Kamfwa, Mwila Mwelwa, Jaquiline Mwape, George Kangwa, Mwangelwa Muyatwa, Chabala Rodwell, Ngambo Izambo, Hellen Chanda, Mutale Chibamba, Prosper Musonda, David K Kabwe, Mwanza Dickson, Mulenga Chiti, Richard Tembo, Clide Machalo, Bridget Zulu, Gloria Kapoko, Brian Muleba, Bwalya Gison, Musonda Nature, Mukuba Kaela, Derick Mumba, Chanda R, Kennedy Kabaghe, Jordan Mukwanka, Joseph Simusokwe, Betty Siachimpi, Frank Muwowo, Kalmia Tresford, Banda Blandina, Sharon Mazia, Beauty Changwe, Bupe Mwango B, Edgar Banda, Given Mwansa, Andrew Kangwa, Florence Ngosa, Robson Zulu, George Chisenga, Lucky Mubanga, Faith Kasanda, Nathan Simbeye, Max S Tailoka, Mathews Banda, Alex Talanti, Racheal M. Kapembwa, Levy Shonga, Kedrick Yabalwashi, Forbes Siyoka, Andrew Bwali, Mbale M. Paul, Dawry S Tembo, Enock Manengo, Suyvia Mweetwa, Catherin Sakala, Jessy Munguya, Emmanuel Numwa, Kolombo Whitney, Dorcas Nsalange, Mirriam Kambafwile, Kasapo Ntembo, Zulu Peter, Nyenda Kunda, Munsele Ignitius, Chama Musoka, Kelvin Bulaya, Martin Gwata, Greezer Shaputu, Bright Chama",,2025.0,Q1-Q2,Social benefits,Social benefits,,139424116.9,,,,,,,,Budget-Performance-Report-116-LAs.pdf,Table 14,27.0,,
financial_statements_revenue_cdf,,,,,,,,,,KIT-EXP-2025-Q2-005,expenditure,"Mwaya Mpasa, Banda Saddock, Bwembya Charles, Chanda Rodgers, Chansa Fred, Chileshe Christopher, Chileshe Francis, Chiyaka Matthews, David Phiri, Kabuseni Francis, Katongo B Joseph, Katai Muposhi, Kante Hogart, Kapikila Peter, Malama Damani, Manda Masoka, Muposhi Katai, Muwowo Kelly, Mwalumuna Felix, Swaba Evans, Silomba Charles, Zimba Mary, Vincent Mukuka, Chinyanta Merine, Nobert Mukunto, Marjory Kamawu, Gilbert Chitalu, Hellen Mkandawire, Victor Mwape, Kawemba Ackim, Martin Mwansa, Kasenge Francis, Mwanda Rodgers, Sampa Edna, Dorothy Shimo, Rodwell Chulu, Phiri Isaac, Kamfwa Mofya, Lemmy Chibenga, Clement Gondo, Clara Chibuye, Mbewe Agness, Clement Mwelwa, Charity Mulenga, Mambwe Kasakula, Japhet Zulu, Banda Gideon, Sydin Shamutete, Pearson Hamwenda, Victor Mwitwa, Mercy Mumba, Elisah Titima, Misozi Phiri, Eric Mukuka, Benson Mulenga, Juliet Gondwe, Jay Jay Chilala, Joseph Sambumba, Christabel Chishala, Dennis Bwalya, Silver Lukwesa, Priscilla Lishiu, John L. Ngoma, George Lisomona, Mwenya Ignatius, Konkolo Kennedy, Humphrey Mulenga, Rashid B Mhango, Patrick Kambita, Dedu M. Sakala, Musa Chibawe, Chaba Chipili, Sikanyika Field, Hilary Chewe, Victoria Saina, Munyanga Kaluwa, Yvonne Katayi, Mwaka Nakweti, Kaoma Jousha, Chabala Bwalya, Charles Chanda, Elizabeth M Shumba, Clement Musiska, Lorrian Chisala, Gladys Ngandwe, Kasapo Mtembo, Dominic B. Chitondo, Angela Hagwagwa, Theresa Luhila, Chalwe Mutale, Andrew Kalonge, Weluzani Phiri, Griffson Moyo, Chishiba Kalusa, Martin Ngwata, Collins Chileshe, Derrick Mumba, Mbale M Paul, Malisar Kachima, Chibale Chisamo, Gift Nguni, Brighton Makumba, Benwell Siame, Mirriam Nkonde, John Kamanga, Kalembo D. Bwalya, Francis Chilala, Emmanual Lupikisha, Chrispin Kamfwa, Mwila Mwelwa, Jaquiline Mwape, George Kangwa, Mwangelwa Muyatwa, Chabala Rodwell, Ngambo Izambo, Hellen Chanda, Mutale Chibamba, Prosper Musonda, David K Kabwe, Mwanza Dickson, Mulenga Chiti, Richard Tembo, Clide Machalo, Bridget Zulu, Gloria Kapoko, Brian Muleba, Bwalya Gison, Musonda Nature, Mukuba Kaela, Derick Mumba, Chanda R, Kennedy Kabaghe, Jordan Mukwanka, Joseph Simusokwe, Betty Siachimpi, Frank Muwowo, Kalmia Tresford, Banda Blandina, Sharon Mazia, Beauty Changwe, Bupe Mwango B, Edgar Banda, Given Mwansa, Andrew Kangwa, Florence Ngosa, Robson Zulu, George Chisenga, Lucky Mubanga, Faith Kasanda, Nathan Simbeye, Max S Tailoka, Mathews Banda, Alex Talanti, Racheal M. Kapembwa, Levy Shonga, Kedrick Yabalwashi, Forbes Siyoka, Andrew Bwali, Mbale M. Paul, Dawry S Tembo, Enock Manengo, Suyvia Mweetwa, Catherin Sakala, Jessy Munguya, Emmanuel Numwa, Kolombo Whitney, Dorcas Nsalange, Mirriam Kambafwile, Kasapo Ntembo, Zulu Peter, Nyenda Kunda, Munsele Ignitius, Chama Musoka, Kelvin Bulaya, Martin Gwata, Greezer Shaputu, Bright Chama",,2025.0,Q1-Q2,Non-financial assets,Non-financial assets,,180789852.3,,,,,,,,Budget-Performance-Report-116-LAs.pdf,Table 14,27.0,,
financial_statements_revenue_cdf,,,,,,,,,,KIT-EXP-2025-Q2-006,expenditure,"Mwaya Mpasa, Banda Saddock, Bwembya Charles, Chanda Rodgers, Chansa Fred, Chileshe Christopher, Chileshe Francis, Chiyaka Matthews, David Phiri, Kabuseni Francis, Katongo B Joseph, Katai Muposhi, Kante Hogart, Kapikila Peter, Malama Damani, Manda Masoka, Muposhi Katai, Muwowo Kelly, Mwalumuna Felix, Swaba Evans, Silomba Charles, Zimba Mary, Vincent Mukuka, Chinyanta Merine, Nobert Mukunto, Marjory Kamawu, Gilbert Chitalu, Hellen Mkandawire, Victor Mwape, Kawemba Ackim, Martin Mwansa, Kasenge Francis, Mwanda Rodgers, Sampa Edna, Dorothy Shimo, Rodwell Chulu, Phiri Isaac, Kamfwa Mofya, Lemmy Chibenga, Clement Gondo, Clara Chibuye, Mbewe Agness, Clement Mwelwa, Charity Mulenga, Mambwe Kasakula, Japhet Zulu, Banda Gideon, Sydin Shamutete, Pearson Hamwenda, Victor Mwitwa, Mercy Mumba, Elisah Titima, Misozi Phiri, Eric Mukuka, Benson Mulenga, Juliet Gondwe, Jay Jay Chilala, Joseph Sambumba, Christabel Chishala, Dennis Bwalya, Silver Lukwesa, Priscilla Lishiu, John L. Ngoma, George Lisomona, Mwenya Ignatius, Konkolo Kennedy, Humphrey Mulenga, Rashid B Mhango, Patrick Kambita, Dedu M. Sakala, Musa Chibawe, Chaba Chipili, Sikanyika Field, Hilary Chewe, Victoria Saina, Munyanga Kaluwa, Yvonne Katayi, Mwaka Nakweti, Kaoma Jousha, Chabala Bwalya, Charles Chanda, Elizabeth M Shumba, Clement Musiska, Lorrian Chisala, Gladys Ngandwe, Kasapo Mtembo, Dominic B. Chitondo, Angela Hagwagwa, Theresa Luhila, Chalwe Mutale, Andrew Kalonge, Weluzani Phiri, Griffson Moyo, Chishiba Kalusa, Martin Ngwata, Collins Chileshe, Derrick Mumba, Mbale M Paul, Malisar Kachima, Chibale Chisamo, Gift Nguni, Brighton Makumba, Benwell Siame, Mirriam Nkonde, John Kamanga, Kalembo D. Bwalya, Francis Chilala, Emmanual Lupikisha, Chrispin Kamfwa, Mwila Mwelwa, Jaquiline Mwape, George Kangwa, Mwangelwa Muyatwa, Chabala Rodwell, Ngambo Izambo, Hellen Chanda, Mutale Chibamba, Prosper Musonda, David K Kabwe, Mwanza Dickson, Mulenga Chiti, Richard Tembo, Clide Machalo, Bridget Zulu, Gloria Kapoko, Brian Muleba, Bwalya Gison, Musonda Nature, Mukuba Kaela, Derick Mumba, Chanda R, Kennedy Kabaghe, Jordan Mukwanka, Joseph Simusokwe, Betty Siachimpi, Frank Muwowo, Kalmia Tresford, Banda Blandina, Sharon Mazia, Beauty Changwe, Bupe Mwango B, Edgar Banda, Given Mwansa, Andrew Kangwa, Florence Ngosa, Robson Zulu, George Chisenga, Lucky Mubanga, Faith Kasanda, Nathan Simbeye, Max S Tailoka, Mathews Banda, Alex Talanti, Racheal M. Kapembwa, Levy Shonga, Kedrick Yabalwashi, Forbes Siyoka, Andrew Bwali, Mbale M. Paul, Dawry S Tembo, Enock Manengo, Suyvia Mweetwa, Catherin Sakala, Jessy Munguya, Emmanuel Numwa, Kolombo Whitney, Dorcas Nsalange, Mirriam Kambafwile, Kasapo Ntembo, Zulu Peter, Nyenda Kunda, Munsele Ignitius, Chama Musoka, Kelvin Bulaya, Martin Gwata, Greezer Shaputu, Bright Chama",,2025.0,Q1-Q2,Financial assets,Financial assets,,38076631.04,,,,,,,,Budget-Performance-Report-116-LAs.pdf,Table 14,27.0,,
financial_statements_revenue_cdf,,,,,,,,,,KIT-EXP-2025-Q2-007,expenditure,"Mwaya Mpasa, Banda Saddock, Bwembya Charles, Chanda Rodgers, Chansa Fred, Chileshe Christopher, Chileshe Francis, Chiyaka Matthews, David Phiri, Kabuseni Francis, Katongo B Joseph, Katai Muposhi, Kante Hogart, Kapikila Peter, Malama Damani, Manda Masoka, Muposhi Katai, Muwowo Kelly, Mwalumuna Felix, Swaba Evans, Silomba Charles, Zimba Mary, Vincent Mukuka, Chinyanta Merine, Nobert Mukunto, Marjory Kamawu, Gilbert Chitalu, Hellen Mkandawire, Victor Mwape, Kawemba Ackim, Martin Mwansa, Kasenge Francis, Mwanda Rodgers, Sampa Edna, Dorothy Shimo, Rodwell Chulu, Phiri Isaac, Kamfwa Mofya, Lemmy Chibenga, Clement Gondo, Clara Chibuye, Mbewe Agness, Clement Mwelwa, Charity Mulenga, Mambwe Kasakula, Japhet Zulu, Banda Gideon, Sydin Shamutete, Pearson Hamwenda, Victor Mwitwa, Mercy Mumba, Elisah Titima, Misozi Phiri, Eric Mukuka, Benson Mulenga, Juliet Gondwe, Jay Jay Chilala, Joseph Sambumba, Christabel Chishala, Dennis Bwalya, Silver Lukwesa, Priscilla Lishiu, John L. Ngoma, George Lisomona, Mwenya Ignatius, Konkolo Kennedy, Humphrey Mulenga, Rashid B Mhango, Patrick Kambita, Dedu M. Sakala, Musa Chibawe, Chaba Chipili, Sikanyika Field, Hilary Chewe, Victoria Saina, Munyanga Kaluwa, Yvonne Katayi, Mwaka Nakweti, Kaoma Jousha, Chabala Bwalya, Charles Chanda, Elizabeth M Shumba, Clement Musiska, Lorrian Chisala, Gladys Ngandwe, Kasapo Mtembo, Dominic B. Chitondo, Angela Hagwagwa, Theresa Luhila, Chalwe Mutale, Andrew Kalonge, Weluzani Phiri, Griffson Moyo, Chishiba Kalusa, Martin Ngwata, Collins Chileshe, Derrick Mumba, Mbale M Paul, Malisar Kachima, Chibale Chisamo, Gift Nguni, Brighton Makumba, Benwell Siame, Mirriam Nkonde, John Kamanga, Kalembo D. Bwalya, Francis Chilala, Emmanual Lupikisha, Chrispin Kamfwa, Mwila Mwelwa, Jaquiline Mwape, George Kangwa, Mwangelwa Muyatwa, Chabala Rodwell, Ngambo Izambo, Hellen Chanda, Mutale Chibamba, Prosper Musonda, David K Kabwe, Mwanza Dickson, Mulenga Chiti, Richard Tembo, Clide Machalo, Bridget Zulu, Gloria Kapoko, Brian Muleba, Bwalya Gison, Musonda Nature, Mukuba Kaela, Derick Mumba, Chanda R, Kennedy Kabaghe, Jordan Mukwanka, Joseph Simusokwe, Betty Siachimpi, Frank Muwowo, Kalmia Tresford, Banda Blandina, Sharon Mazia, Beauty Changwe, Bupe Mwango B, Edgar Banda, Given Mwansa, Andrew Kangwa, Florence Ngosa, Robson Zulu, George Chisenga, Lucky Mubanga, Faith Kasanda, Nathan Simbeye, Max S Tailoka, Mathews Banda, Alex Talanti, Racheal M. Kapembwa, Levy Shonga, Kedrick Yabalwashi, Forbes Siyoka, Andrew Bwali, Mbale M. Paul, Dawry S Tembo, Enock Manengo, Suyvia Mweetwa, Catherin Sakala, Jessy Munguya, Emmanuel Numwa, Kolombo Whitney, Dorcas Nsalange, Mirriam Kambafwile, Kasapo Ntembo, Zulu Peter, Nyenda Kunda, Munsele Ignitius, Chama Musoka, Kelvin Bulaya, Martin Gwata, Greezer Shaputu, Bright Chama",,2025.0,Q1-Q2,Loan repayments,Loan repayments,,0.0,,,,,,,,Budget-Performance-Report-116-LAs.pdf,Table 14,27.0,,
financial_statements_revenue_cdf,,,,,,,,,,KIT-EXP-2025-Q2-008,expenditure,"Mwaya Mpasa, Banda Saddock, Bwembya Charles, Chanda Rodgers, Chansa Fred, Chileshe Christopher, Chileshe Francis, Chiyaka Matthews, David Phiri, Kabuseni Francis, Katongo B Joseph, Katai Muposhi, Kante Hogart, Kapikila Peter, Malama Damani, Manda Masoka, Muposhi Katai, Muwowo Kelly, Mwalumuna Felix, Swaba Evans, Silomba Charles, Zimba Mary, Vincent Mukuka, Chinyanta Merine, Nobert Mukunto, Marjory Kamawu, Gilbert Chitalu, Hellen Mkandawire, Victor Mwape, Kawemba Ackim, Martin Mwansa, Kasenge Francis, Mwanda Rodgers, Sampa Edna, Dorothy Shimo, Rodwell Chulu, Phiri Isaac, Kamfwa Mofya, Lemmy Chibenga, Clement Gondo, Clara Chibuye, Mbewe Agness, Clement Mwelwa, Charity Mulenga, Mambwe Kasakula, Japhet Zulu, Banda Gideon, Sydin Shamutete, Pearson Hamwenda, Victor Mwitwa, Mercy Mumba, Elisah Titima, Misozi Phiri, Eric Mukuka, Benson Mulenga, Juliet Gondwe, Jay Jay Chilala, Joseph Sambumba, Christabel Chishala, Dennis Bwalya, Silver Lukwesa, Priscilla Lishiu, John L. Ngoma, George Lisomona, Mwenya Ignatius, Konkolo Kennedy, Humphrey Mulenga, Rashid B Mhango, Patrick Kambita, Dedu M. Sakala, Musa Chibawe, Chaba Chipili, Sikanyika Field, Hilary Chewe, Victoria Saina, Munyanga Kaluwa, Yvonne Katayi, Mwaka Nakweti, Kaoma Jousha, Chabala Bwalya, Charles Chanda, Elizabeth M Shumba, Clement Musiska, Lorrian Chisala, Gladys Ngandwe, Kasapo Mtembo, Dominic B. Chitondo, Angela Hagwagwa, Theresa Luhila, Chalwe Mutale, Andrew Kalonge, Weluzani Phiri, Griffson Moyo, Chishiba Kalusa, Martin Ngwata, Collins Chileshe, Derrick Mumba, Mbale M Paul, Malisar Kachima, Chibale Chisamo, Gift Nguni, Brighton Makumba, Benwell Siame, Mirriam Nkonde, John Kamanga, Kalembo D. Bwalya, Francis Chilala, Emmanual Lupikisha, Chrispin Kamfwa, Mwila Mwelwa, Jaquiline Mwape, George Kangwa, Mwangelwa Muyatwa, Chabala Rodwell, Ngambo Izambo, Hellen Chanda, Mutale Chibamba, Prosper Musonda, David K Kabwe, Mwanza Dickson, Mulenga Chiti, Richard Tembo, Clide Machalo, Bridget Zulu, Gloria Kapoko, Brian Muleba, Bwalya Gison, Musonda Nature, Mukuba Kaela, Derick Mumba, Chanda R, Kennedy Kabaghe, Jordan Mukwanka, Joseph Simusokwe, Betty Siachimpi, Frank Muwowo, Kalmia Tresford, Banda Blandina, Sharon Mazia, Beauty Changwe, Bupe Mwango B, Edgar Banda, Given Mwansa, Andrew Kangwa, Florence Ngosa, Robson Zulu, George Chisenga, Lucky Mubanga, Faith Kasanda, Nathan Simbeye, Max S Tailoka, Mathews Banda, Alex Talanti, Racheal M. Kapembwa, Levy Shonga, Kedrick Yabalwashi, Forbes Siyoka, Andrew Bwali, Mbale M. Paul, Dawry S Tembo, Enock Manengo, Suyvia Mweetwa, Catherin Sakala, Jessy Munguya, Emmanuel Numwa, Kolombo Whitney, Dorcas Nsalange, Mirriam Kambafwile, Kasapo Ntembo, Zulu Peter, Nyenda Kunda, Munsele Ignitius, Chama Musoka, Kelvin Bulaya, Martin Gwata, Greezer Shaputu, Bright Chama",,2025.0,Q1-Q2,Other repayments,Other repayments,,25965785.57,,,,,,,,Budget-Performance-Report-116-LAs.pdf,Table 14,27.0,,
financial_statements_revenue_cdf,,,,,,,,,,KIT-EXP-2025-Q2-009,expenditure,"Mwaya Mpasa, Banda Saddock, Bwembya Charles, Chanda Rodgers, Chansa Fred, Chileshe Christopher, Chileshe Francis, Chiyaka Matthews, David Phiri, Kabuseni Francis, Katongo B Joseph, Katai Muposhi, Kante Hogart, Kapikila Peter, Malama Damani, Manda Masoka, Muposhi Katai, Muwowo Kelly, Mwalumuna Felix, Swaba Evans, Silomba Charles, Zimba Mary, Vincent Mukuka, Chinyanta Merine, Nobert Mukunto, Marjory Kamawu, Gilbert Chitalu, Hellen Mkandawire, Victor Mwape, Kawemba Ackim, Martin Mwansa, Kasenge Francis, Mwanda Rodgers, Sampa Edna, Dorothy Shimo, Rodwell Chulu, Phiri Isaac, Kamfwa Mofya, Lemmy Chibenga, Clement Gondo, Clara Chibuye, Mbewe Agness, Clement Mwelwa, Charity Mulenga, Mambwe Kasakula, Japhet Zulu, Banda Gideon, Sydin Shamutete, Pearson Hamwenda, Victor Mwitwa, Mercy Mumba, Elisah Titima, Misozi Phiri, Eric Mukuka, Benson Mulenga, Juliet Gondwe, Jay Jay Chilala, Joseph Sambumba, Christabel Chishala, Dennis Bwalya, Silver Lukwesa, Priscilla Lishiu, John L. Ngoma, George Lisomona, Mwenya Ignatius, Konkolo Kennedy, Humphrey Mulenga, Rashid B Mhango, Patrick Kambita, Dedu M. Sakala, Musa Chibawe, Chaba Chipili, Sikanyika Field, Hilary Chewe, Victoria Saina, Munyanga Kaluwa, Yvonne Katayi, Mwaka Nakweti, Kaoma Jousha, Chabala Bwalya, Charles Chanda, Elizabeth M Shumba, Clement Musiska, Lorrian Chisala, Gladys Ngandwe, Kasapo Mtembo, Dominic B. Chitondo, Angela Hagwagwa, Theresa Luhila, Chalwe Mutale, Andrew Kalonge, Weluzani Phiri, Griffson Moyo, Chishiba Kalusa, Martin Ngwata, Collins Chileshe, Derrick Mumba, Mbale M Paul, Malisar Kachima, Chibale Chisamo, Gift Nguni, Brighton Makumba, Benwell Siame, Mirriam Nkonde, John Kamanga, Kalembo D. Bwalya, Francis Chilala, Emmanual Lupikisha, Chrispin Kamfwa, Mwila Mwelwa, Jaquiline Mwape, George Kangwa, Mwangelwa Muyatwa, Chabala Rodwell, Ngambo Izambo, Hellen Chanda, Mutale Chibamba, Prosper Musonda, David K Kabwe, Mwanza Dickson, Mulenga Chiti, Richard Tembo, Clide Machalo, Bridget Zulu, Gloria Kapoko, Brian Muleba, Bwalya Gison, Musonda Nature, Mukuba Kaela, Derick Mumba, Chanda R, Kennedy Kabaghe, Jordan Mukwanka, Joseph Simusokwe, Betty Siachimpi, Frank Muwowo, Kalmia Tresford, Banda Blandina, Sharon Mazia, Beauty Changwe, Bupe Mwango B, Edgar Banda, Given Mwansa, Andrew Kangwa, Florence Ngosa, Robson Zulu, George Chisenga, Lucky Mubanga, Faith Kasanda, Nathan Simbeye, Max S Tailoka, Mathews Banda, Alex Talanti, Racheal M. Kapembwa, Levy Shonga, Kedrick Yabalwashi, Forbes Siyoka, Andrew Bwali, Mbale M. Paul, Dawry S Tembo, Enock Manengo, Suyvia Mweetwa, Catherin Sakala, Jessy Munguya, Emmanuel Numwa, Kolombo Whitney, Dorcas Nsalange, Mirriam Kambafwile, Kasapo Ntembo, Zulu Peter, Nyenda Kunda, Munsele Ignitius, Chama Musoka, Kelvin Bulaya, Martin Gwata, Greezer Shaputu, Bright Chama",,2025.0,Q1-Q2,Total payments,Total payments,,970875783.6,,,,,,,,Budget-Performance-Report-116-LAs.pdf,Table 14,27.0,,
financial_statements_revenue_cdf,,,,,,,,,,KIT-EXP-2025-Q2-010,expenditure,"Mwaya Mpasa, Banda Saddock, Bwembya Charles, Chanda Rodgers, Chansa Fred, Chileshe Christopher, Chileshe Francis, Chiyaka Matthews, David Phiri, Kabuseni Francis, Katongo B Joseph, Katai Muposhi, Kante Hogart, Kapikila Peter, Malama Damani, Manda Masoka, Muposhi Katai, Muwowo Kelly, Mwalumuna Felix, Swaba Evans, Silomba Charles, Zimba Mary, Vincent Mukuka, Chinyanta Merine, Nobert Mukunto, Marjory Kamawu, Gilbert Chitalu, Hellen Mkandawire, Victor Mwape, Kawemba Ackim, Martin Mwansa, Kasenge Francis, Mwanda Rodgers, Sampa Edna, Dorothy Shimo, Rodwell Chulu, Phiri Isaac, Kamfwa Mofya, Lemmy Chibenga, Clement Gondo, Clara Chibuye, Mbewe Agness, Clement Mwelwa, Charity Mulenga, Mambwe Kasakula, Japhet Zulu, Banda Gideon, Sydin Shamutete, Pearson Hamwenda, Victor Mwitwa, Mercy Mumba, Elisah Titima, Misozi Phiri, Eric Mukuka, Benson Mulenga, Juliet Gondwe, Jay Jay Chilala, Joseph Sambumba, Christabel Chishala, Dennis Bwalya, Silver Lukwesa, Priscilla Lishiu, John L. Ngoma, George Lisomona, Mwenya Ignatius, Konkolo Kennedy, Humphrey Mulenga, Rashid B Mhango, Patrick Kambita, Dedu M. Sakala, Musa Chibawe, Chaba Chipili, Sikanyika Field, Hilary Chewe, Victoria Saina, Munyanga Kaluwa, Yvonne Katayi, Mwaka Nakweti, Kaoma Jousha, Chabala Bwalya, Charles Chanda, Elizabeth M Shumba, Clement Musiska, Lorrian Chisala, Gladys Ngandwe, Kasapo Mtembo, Dominic B. Chitondo, Angela Hagwagwa, Theresa Luhila, Chalwe Mutale, Andrew Kalonge, Weluzani Phiri, Griffson Moyo, Chishiba Kalusa, Martin Ngwata, Collins Chileshe, Derrick Mumba, Mbale M Paul, Malisar Kachima, Chibale Chisamo, Gift Nguni, Brighton Makumba, Benwell Siame, Mirriam Nkonde, John Kamanga, Kalembo D. Bwalya, Francis Chilala, Emmanual Lupikisha, Chrispin Kamfwa, Mwila Mwelwa, Jaquiline Mwape, George Kangwa, Mwangelwa Muyatwa, Chabala Rodwell, Ngambo Izambo, Hellen Chanda, Mutale Chibamba, Prosper Musonda, David K Kabwe, Mwanza Dickson, Mulenga Chiti, Richard Tembo, Clide Machalo, Bridget Zulu, Gloria Kapoko, Brian Muleba, Bwalya Gison, Musonda Nature, Mukuba Kaela, Derick Mumba, Chanda R, Kennedy Kabaghe, Jordan Mukwanka, Joseph Simusokwe, Betty Siachimpi, Frank Muwowo, Kalmia Tresford, Banda Blandina, Sharon Mazia, Beauty Changwe, Bupe Mwango B, Edgar Banda, Given Mwansa, Andrew Kangwa, Florence Ngosa, Robson Zulu, George Chisenga, Lucky Mubanga, Faith Kasanda, Nathan Simbeye, Max S Tailoka, Mathews Banda, Alex Talanti, Racheal M. Kapembwa, Levy Shonga, Kedrick Yabalwashi, Forbes Siyoka, Andrew Bwali, Mbale M. Paul, Dawry S Tembo, Enock Manengo, Suyvia Mweetwa, Catherin Sakala, Jessy Munguya, Emmanuel Numwa, Kolombo Whitney, Dorcas Nsalange, Mirriam Kambafwile, Kasapo Ntembo, Zulu Peter, Nyenda Kunda, Munsele Ignitius, Chama Musoka, Kelvin Bulaya, Martin Gwata, Greezer Shaputu, Bright Chama",,2025.0,Q1-Q2,Net Budget Performance,Net Budget Performance,,156011388.0,,,,,,,Net Budget Performance (as of 10/09/2026),Budget-Performance-Report-116-LAs.pdf,Table 14,27.0,,
financial_statements_revenue_cdf,,,,,,,,,,KIT-DEBT-2025-001,debt_arrears,Kitwe City Council Staff,,2025.0,Q1-Q2,PE's,PE's,,,,,,,,,,Budget-Performance-Report-116-LAs.pdf,Table 23,40.0,,
financial_statements_revenue_cdf,,,,,,,,,,KIT-DEBT-2025-002,debt_arrears,ZAMTEL,,2025.0,Q1-Q2,ZAMTEL,ZAMTEL,,,,,,,,,,Budget-Performance-Report-116-LAs.pdf,Table 23,40.0,,
financial_statements_revenue_cdf,,,,,,,,,,KIT-DEBT-2025-003,debt_arrears,ZESCO,,2025.0,Q1-Q2,ZESCO,ZESCO,,,,,,,,,,Budget-Performance-Report-116-LAs.pdf,Table 23,40.0,,
financial_statements_revenue_cdf,,,,,,,,,,KIT-DEBT-2025-004,debt_arrears,Nkana Water and Sewerage Company,,2025.0,Q1-Q2,Water,Water,,,,,,,,,,Budget-Performance-Report-116-LAs.pdf,Table 23,40.0,,
financial_statements_revenue_cdf,,,,,,,,,,KIT-DEBT-2025-005,debt_arrears,Legal Service Providers,,2025.0,Q1-Q2,Legal Costs,Legal Costs,,,,,,,,,,Budget-Performance-Report-116-LAs.pdf,Table 23,40.0,,
financial_statements_revenue_cdf,,,,,,,,,,KIT-DEBT-2025-006,debt_arrears,National Pension Scheme Authority (NAPSA),,2025.0,Q1-Q2,NAPSA Arrears,NAPSA Arrears,,,,,,,,,,Budget-Performance-Report-116-LAs.pdf,Table 23,40.0,,
financial_statements_revenue_cdf,,,,,,,,,,KIT-DEBT-2025-007,debt_arrears,National Pension Scheme Authority (NAPSA),,2025.0,Q1-Q2,NAPSA Arrears - Penalties,NAPSA Arrears - Penalties,,,,,,,,,,Budget-Performance-Report-116-LAs.pdf,Table 23,40.0,,
financial_statements_revenue_cdf,,,,,,,,,,KIT-DEBT-2025-008,debt_arrears,Local Authorities Superannuation Fund (LASF),,2025.0,Q1-Q2,LASF Arrears,LASF Arrears,,,,,,,,,,Budget-Performance-Report-116-LAs.pdf,Table 23,40.0,,
financial_statements_revenue_cdf,,,,,,,,,,KIT-DEBT-2025-009,debt_arrears,Local Authorities Superannuation Fund (LASF),,2025.0,Q1-Q2,LASF Arrears - Penalties,LASF Arrears - Penalties,,,,,,,,,,Budget-Performance-Report-116-LAs.pdf,Table 23,40.0,,
financial_statements_revenue_cdf,,,,,,,,,,KIT-DEBT-2025-010,debt_arrears,Other Pension Fund,,2025.0,Q1-Q2,Other Pension Arrears,Other Pension Arrears,,,,,,,,,,Budget-Performance-Report-116-LAs.pdf,Table 23,40.0,,
financial_statements_revenue_cdf,,,,,,,,,,KIT-DEBT-2025-011,debt_arrears,Other Pension Fund,,2025.0,Q1-Q2,Other Pension Arrears - Penalties,Other Pension Arrears - Penalties,,,,,,,,,,Budget-Performance-Report-116-LAs.pdf,Table 23,40.0,,
financial_statements_revenue_cdf,,,,,,,,,,KIT-DEBT-2025-012,debt_arrears,Zambia Revenue Authority (ZRA),,2025.0,Q1-Q2,ZRA PAYE,ZRA PAYE,,,,,,,,,,Budget-Performance-Report-116-LAs.pdf,Table 23,40.0,,
financial_statements_revenue_cdf,,,,,,,,,,KIT-DEBT-2025-013,debt_arrears,Zambia Revenue Authority (ZRA),,2025.0,Q1-Q2,ZRA - Penalties,ZRA - Penalties,,,,,,,,,,Budget-Performance-Report-116-LAs.pdf,Table 23,40.0,,
financial_statements_revenue_cdf,,,,,,,,,,KIT-AUD-2022-001,audit_query,Office of the Auditor General,,2022.0,FY2022,ICT Systems,Lack of Alternative Power Supply and Lack of Uninterrupted Power Supply for KCC ICT Equipment in the Server Room,,,,,,,,,,SUMMARY-OF-ACTION-TAKEN-REPORT.pdf,,203.0,,
financial_statements_revenue_cdf,,,,,,,,,,KIT-LOC-2023-001,local_revenue,"Mwaya Mpasa, Banda Saddock, Bwembya Charles, Chanda Rodgers, Chansa Fred, Chileshe Christopher, Chileshe Francis, Chiyaka Matthews, David Phiri, Kabuseni Francis, Katongo B Joseph, Katai Muposhi, Kante Hogart, Kapikila Peter, Malama Damani, Manda Masoka, Muposhi Katai, Muwowo Kelly, Mwalumuna Felix, Swaba Evans, Silomba Charles, Zimba Mary, Vincent Mukuka, Chinyanta Merine, Nobert Mukunto, Marjory Kamawu, Gilbert Chitalu, Hellen Mkandawire, Victor Mwape, Kawemba Ackim, Martin Mwansa, Kasenge Francis, Mwanda Rodgers, Sampa Edna, Dorothy Shimo, Rodwell Chulu, Phiri Isaac, Kamfwa Mofya, Lemmy Chibenga, Clement Gondo, Clara Chibuye, Mbewe Agness, Clement Mwelwa, Charity Mulenga, Mambwe Kasakula, Japhet Zulu, Banda Gideon, Sydin Shamutete, Pearson Hamwenda, Victor Mwitwa, Mercy Mumba, Elisah Titima, Misozi Phiri, Eric Mukuka, Benson Mulenga, Juliet Gondwe, Jay Jay Chilala, Joseph Sambumba, Christabel Chishala, Dennis Bwalya, Silver Lukwesa, Priscilla Lishiu, John L. Ngoma, George Lisomona, Mwenya Ignatius, Konkolo Kennedy, Humphrey Mulenga, Rashid B Mhango, Patrick Kambita, Dedu M. Sakala, Musa Chibawe, Chaba Chipili, Sikanyika Field, Hilary Chewe, Victoria Saina, Munyanga Kaluwa, Yvonne Katayi, Mwaka Nakweti, Kaoma Jousha, Chabala Bwalya, Charles Chanda, Elizabeth M Shumba, Clement Musiska, Lorrian Chisala, Gladys Ngandwe, Kasapo Mtembo, Dominic B. Chitondo, Angela Hagwagwa, Theresa Luhila, Chalwe Mutale, Andrew Kalonge, Weluzani Phiri, Griffson Moyo, Chishiba Kalusa, Martin Ngwata, Collins Chileshe, Derrick Mumba, Mbale M Paul, Malisar Kachima, Chibale Chisamo, Gift Nguni, Brighton Makumba, Benwell Siame, Mirriam Nkonde, John Kamanga, Kalembo D. Bwalya, Francis Chilala, Emmanual Lupikisha, Chrispin Kamfwa, Mwila Mwelwa, Jaquiline Mwape, George Kangwa, Mwangelwa Muyatwa, Chabala Rodwell, Ngambo Izambo, Hellen Chanda, Mutale Chibamba, Prosper Musonda, David K Kabwe, Mwanza Dickson, Mulenga Chiti, Richard Tembo, Clide Machalo, Bridget Zulu, Gloria Kapoko, Brian Muleba, Bwalya Gison, Musonda Nature, Mukuba Kaela, Derick Mumba, Chanda R, Kennedy Kabaghe, Jordan Mukwanka, Joseph Simusokwe, Betty Siachimpi, Frank Muwowo, Kalmia Tresford, Banda Blandina, Sharon Mazia, Beauty Changwe, Bupe Mwango B, Edgar Banda, Given Mwansa, Andrew Kangwa, Florence Ngosa, Robson Zulu, George Chisenga, Lucky Mubanga, Faith Kasanda, Nathan Simbeye, Max S Tailoka, Mathews Banda, Alex Talanti, Racheal M. Kapembwa, Levy Shonga, Kedrick Yabalwashi, Forbes Siyoka, Andrew Bwali, Mbale M. Paul, Dawry S Tembo, Enock Manengo, Suyvia Mweetwa, Catherin Sakala, Jessy Munguya, Emmanuel Numwa, Kolombo Whitney, Dorcas Nsalange, Mirriam Kambafwile, Kasapo Ntembo, Zulu Peter, Nyenda Kunda, Munsele Ignitius, Chama Musoka, Kelvin Bulaya, Martin Gwata, Greezer Shaputu, Bright Chama",,2023.0,FY2023,Local Taxes,Residential Rates,,7506104.0,,,,,,,From audited 2023 financial statements,Kitwe Financial Statements 2023,Note 2,24.0,,
financial_statements_revenue_cdf,,,,,,,,,,KIT-LOC-2023-002,local_revenue,"Mwaya Mpasa, Banda Saddock, Bwembya Charles, Chanda Rodgers, Chansa Fred, Chileshe Christopher, Chileshe Francis, Chiyaka Matthews, David Phiri, Kabuseni Francis, Katongo B Joseph, Katai Muposhi, Kante Hogart, Kapikila Peter, Malama Damani, Manda Masoka, Muposhi Katai, Muwowo Kelly, Mwalumuna Felix, Swaba Evans, Silomba Charles, Zimba Mary, Vincent Mukuka, Chinyanta Merine, Nobert Mukunto, Marjory Kamawu, Gilbert Chitalu, Hellen Mkandawire, Victor Mwape, Kawemba Ackim, Martin Mwansa, Kasenge Francis, Mwanda Rodgers, Sampa Edna, Dorothy Shimo, Rodwell Chulu, Phiri Isaac, Kamfwa Mofya, Lemmy Chibenga, Clement Gondo, Clara Chibuye, Mbewe Agness, Clement Mwelwa, Charity Mulenga, Mambwe Kasakula, Japhet Zulu, Banda Gideon, Sydin Shamutete, Pearson Hamwenda, Victor Mwitwa, Mercy Mumba, Elisah Titima, Misozi Phiri, Eric Mukuka, Benson Mulenga, Juliet Gondwe, Jay Jay Chilala, Joseph Sambumba, Christabel Chishala, Dennis Bwalya, Silver Lukwesa, Priscilla Lishiu, John L. Ngoma, George Lisomona, Mwenya Ignatius, Konkolo Kennedy, Humphrey Mulenga, Rashid B Mhango, Patrick Kambita, Dedu M. Sakala, Musa Chibawe, Chaba Chipili, Sikanyika Field, Hilary Chewe, Victoria Saina, Munyanga Kaluwa, Yvonne Katayi, Mwaka Nakweti, Kaoma Jousha, Chabala Bwalya, Charles Chanda, Elizabeth M Shumba, Clement Musiska, Lorrian Chisala, Gladys Ngandwe, Kasapo Mtembo, Dominic B. Chitondo, Angela Hagwagwa, Theresa Luhila, Chalwe Mutale, Andrew Kalonge, Weluzani Phiri, Griffson Moyo, Chishiba Kalusa, Martin Ngwata, Collins Chileshe, Derrick Mumba, Mbale M Paul, Malisar Kachima, Chibale Chisamo, Gift Nguni, Brighton Makumba, Benwell Siame, Mirriam Nkonde, John Kamanga, Kalembo D. Bwalya, Francis Chilala, Emmanual Lupikisha, Chrispin Kamfwa, Mwila Mwelwa, Jaquiline Mwape, George Kangwa, Mwangelwa Muyatwa, Chabala Rodwell, Ngambo Izambo, Hellen Chanda, Mutale Chibamba, Prosper Musonda, David K Kabwe, Mwanza Dickson, Mulenga Chiti, Richard Tembo, Clide Machalo, Bridget Zulu, Gloria Kapoko, Brian Muleba, Bwalya Gison, Musonda Nature, Mukuba Kaela, Derick Mumba, Chanda R, Kennedy Kabaghe, Jordan Mukwanka, Joseph Simusokwe, Betty Siachimpi, Frank Muwowo, Kalmia Tresford, Banda Blandina, Sharon Mazia, Beauty Changwe, Bupe Mwango B, Edgar Banda, Given Mwansa, Andrew Kangwa, Florence Ngosa, Robson Zulu, George Chisenga, Lucky Mubanga, Faith Kasanda, Nathan Simbeye, Max S Tailoka, Mathews Banda, Alex Talanti, Racheal M. Kapembwa, Levy Shonga, Kedrick Yabalwashi, Forbes Siyoka, Andrew Bwali, Mbale M. Paul, Dawry S Tembo, Enock Manengo, Suyvia Mweetwa, Catherin Sakala, Jessy Munguya, Emmanuel Numwa, Kolombo Whitney, Dorcas Nsalange, Mirriam Kambafwile, Kasapo Ntembo, Zulu Peter, Nyenda Kunda, Munsele Ignitius, Chama Musoka, Kelvin Bulaya, Martin Gwata, Greezer Shaputu, Bright Chama",,2023.0,FY2023,Local Taxes,Industrial/Commercial Rates,,19032047.0,,,,,,,From audited 2023 financial statements,Kitwe Financial Statements 2023,Note 2,24.0,,
financial_statements_revenue_cdf,,,,,,,,,,KIT-LOC-2023-003,local_revenue,"Mwaya Mpasa, Banda Saddock, Bwembya Charles, Chanda Rodgers, Chansa Fred, Chileshe Christopher, Chileshe Francis, Chiyaka Matthews, David Phiri, Kabuseni Francis, Katongo B Joseph, Katai Muposhi, Kante Hogart, Kapikila Peter, Malama Damani, Manda Masoka, Muposhi Katai, Muwowo Kelly, Mwalumuna Felix, Swaba Evans, Silomba Charles, Zimba Mary, Vincent Mukuka, Chinyanta Merine, Nobert Mukunto, Marjory Kamawu, Gilbert Chitalu, Hellen Mkandawire, Victor Mwape, Kawemba Ackim, Martin Mwansa, Kasenge Francis, Mwanda Rodgers, Sampa Edna, Dorothy Shimo, Rodwell Chulu, Phiri Isaac, Kamfwa Mofya, Lemmy Chibenga, Clement Gondo, Clara Chibuye, Mbewe Agness, Clement Mwelwa, Charity Mulenga, Mambwe Kasakula, Japhet Zulu, Banda Gideon, Sydin Shamutete, Pearson Hamwenda, Victor Mwitwa, Mercy Mumba, Elisah Titima, Misozi Phiri, Eric Mukuka, Benson Mulenga, Juliet Gondwe, Jay Jay Chilala, Joseph Sambumba, Christabel Chishala, Dennis Bwalya, Silver Lukwesa, Priscilla Lishiu, John L. Ngoma, George Lisomona, Mwenya Ignatius, Konkolo Kennedy, Humphrey Mulenga, Rashid B Mhango, Patrick Kambita, Dedu M. Sakala, Musa Chibawe, Chaba Chipili, Sikanyika Field, Hilary Chewe, Victoria Saina, Munyanga Kaluwa, Yvonne Katayi, Mwaka Nakweti, Kaoma Jousha, Chabala Bwalya, Charles Chanda, Elizabeth M Shumba, Clement Musiska, Lorrian Chisala, Gladys Ngandwe, Kasapo Mtembo, Dominic B. Chitondo, Angela Hagwagwa, Theresa Luhila, Chalwe Mutale, Andrew Kalonge, Weluzani Phiri, Griffson Moyo, Chishiba Kalusa, Martin Ngwata, Collins Chileshe, Derrick Mumba, Mbale M Paul, Malisar Kachima, Chibale Chisamo, Gift Nguni, Brighton Makumba, Benwell Siame, Mirriam Nkonde, John Kamanga, Kalembo D. Bwalya, Francis Chilala, Emmanual Lupikisha, Chrispin Kamfwa, Mwila Mwelwa, Jaquiline Mwape, George Kangwa, Mwangelwa Muyatwa, Chabala Rodwell, Ngambo Izambo, Hellen Chanda, Mutale Chibamba, Prosper Musonda, David K Kabwe, Mwanza Dickson, Mulenga Chiti, Richard Tembo, Clide Machalo, Bridget Zulu, Gloria Kapoko, Brian Muleba, Bwalya Gison, Musonda Nature, Mukuba Kaela, Derick Mumba, Chanda R, Kennedy Kabaghe, Jordan Mukwanka, Joseph Simusokwe, Betty Siachimpi, Frank Muwowo, Kalmia Tresford, Banda Blandina, Sharon Mazia, Beauty Changwe, Bupe Mwango B, Edgar Banda, Given Mwansa, Andrew Kangwa, Florence Ngosa, Robson Zulu, George Chisenga, Lucky Mubanga, Faith Kasanda, Nathan Simbeye, Max S Tailoka, Mathews Banda, Alex Talanti, Racheal M. Kapembwa, Levy Shonga, Kedrick Yabalwashi, Forbes Siyoka, Andrew Bwali, Mbale M. Paul, Dawry S Tembo, Enock Manengo, Suyvia Mweetwa, Catherin Sakala, Jessy Munguya, Emmanuel Numwa, Kolombo Whitney, Dorcas Nsalange, Mirriam Kambafwile, Kasapo Ntembo, Zulu Peter, Nyenda Kunda, Munsele Ignitius, Chama Musoka, Kelvin Bulaya, Martin Gwata, Greezer Shaputu, Bright Chama",,2023.0,FY2023,Local Taxes,Mining Rates,,76399799.0,,,,,,,From audited 2023 financial statements,Kitwe Financial Statements 2023,Note 2,24.0,,
financial_statements_revenue_cdf,,,,,,,,,,KIT-LOC-2023-004,local_revenue,"Mwaya Mpasa, Banda Saddock, Bwembya Charles, Chanda Rodgers, Chansa Fred, Chileshe Christopher, Chileshe Francis, Chiyaka Matthews, David Phiri, Kabuseni Francis, Katongo B Joseph, Katai Muposhi, Kante Hogart, Kapikila Peter, Malama Damani, Manda Masoka, Muposhi Katai, Muwowo Kelly, Mwalumuna Felix, Swaba Evans, Silomba Charles, Zimba Mary, Vincent Mukuka, Chinyanta Merine, Nobert Mukunto, Marjory Kamawu, Gilbert Chitalu, Hellen Mkandawire, Victor Mwape, Kawemba Ackim, Martin Mwansa, Kasenge Francis, Mwanda Rodgers, Sampa Edna, Dorothy Shimo, Rodwell Chulu, Phiri Isaac, Kamfwa Mofya, Lemmy Chibenga, Clement Gondo, Clara Chibuye, Mbewe Agness, Clement Mwelwa, Charity Mulenga, Mambwe Kasakula, Japhet Zulu, Banda Gideon, Sydin Shamutete, Pearson Hamwenda, Victor Mwitwa, Mercy Mumba, Elisah Titima, Misozi Phiri, Eric Mukuka, Benson Mulenga, Juliet Gondwe, Jay Jay Chilala, Joseph Sambumba, Christabel Chishala, Dennis Bwalya, Silver Lukwesa, Priscilla Lishiu, John L. Ngoma, George Lisomona, Mwenya Ignatius, Konkolo Kennedy, Humphrey Mulenga, Rashid B Mhango, Patrick Kambita, Dedu M. Sakala, Musa Chibawe, Chaba Chipili, Sikanyika Field, Hilary Chewe, Victoria Saina, Munyanga Kaluwa, Yvonne Katayi, Mwaka Nakweti, Kaoma Jousha, Chabala Bwalya, Charles Chanda, Elizabeth M Shumba, Clement Musiska, Lorrian Chisala, Gladys Ngandwe, Kasapo Mtembo, Dominic B. Chitondo, Angela Hagwagwa, Theresa Luhila, Chalwe Mutale, Andrew Kalonge, Weluzani Phiri, Griffson Moyo, Chishiba Kalusa, Martin Ngwata, Collins Chileshe, Derrick Mumba, Mbale M Paul, Malisar Kachima, Chibale Chisamo, Gift Nguni, Brighton Makumba, Benwell Siame, Mirriam Nkonde, John Kamanga, Kalembo D. Bwalya, Francis Chilala, Emmanual Lupikisha, Chrispin Kamfwa, Mwila Mwelwa, Jaquiline Mwape, George Kangwa, Mwangelwa Muyatwa, Chabala Rodwell, Ngambo Izambo, Hellen Chanda, Mutale Chibamba, Prosper Musonda, David K Kabwe, Mwanza Dickson, Mulenga Chiti, Richard Tembo, Clide Machalo, Bridget Zulu, Gloria Kapoko, Brian Muleba, Bwalya Gison, Musonda Nature, Mukuba Kaela, Derick Mumba, Chanda R, Kennedy Kabaghe, Jordan Mukwanka, Joseph Simusokwe, Betty Siachimpi, Frank Muwowo, Kalmia Tresford, Banda Blandina, Sharon Mazia, Beauty Changwe, Bupe Mwango B, Edgar Banda, Given Mwansa, Andrew Kangwa, Florence Ngosa, Robson Zulu, George Chisenga, Lucky Mubanga, Faith Kasanda, Nathan Simbeye, Max S Tailoka, Mathews Banda, Alex Talanti, Racheal M. Kapembwa, Levy Shonga, Kedrick Yabalwashi, Forbes Siyoka, Andrew Bwali, Mbale M. Paul, Dawry S Tembo, Enock Manengo, Suyvia Mweetwa, Catherin Sakala, Jessy Munguya, Emmanuel Numwa, Kolombo Whitney, Dorcas Nsalange, Mirriam Kambafwile, Kasapo Ntembo, Zulu Peter, Nyenda Kunda, Munsele Ignitius, Chama Musoka, Kelvin Bulaya, Martin Gwata, Greezer Shaputu, Bright Chama",,2023.0,FY2023,Local Taxes,Personal Levy,,170279.0,,,,,,,From audited 2023 financial statements,Kitwe Financial Statements 2023,Note 2,24.0,,
financial_statements_revenue_cdf,,,,,,,,,,KIT-LOC-2023-005,local_revenue,"Mwaya Mpasa, Banda Saddock, Bwembya Charles, Chanda Rodgers, Chansa Fred, Chileshe Christopher, Chileshe Francis, Chiyaka Matthews, David Phiri, Kabuseni Francis, Katongo B Joseph, Katai Muposhi, Kante Hogart, Kapikila Peter, Malama Damani, Manda Masoka, Muposhi Katai, Muwowo Kelly, Mwalumuna Felix, Swaba Evans, Silomba Charles, Zimba Mary, Vincent Mukuka, Chinyanta Merine, Nobert Mukunto, Marjory Kamawu, Gilbert Chitalu, Hellen Mkandawire, Victor Mwape, Kawemba Ackim, Martin Mwansa, Kasenge Francis, Mwanda Rodgers, Sampa Edna, Dorothy Shimo, Rodwell Chulu, Phiri Isaac, Kamfwa Mofya, Lemmy Chibenga, Clement Gondo, Clara Chibuye, Mbewe Agness, Clement Mwelwa, Charity Mulenga, Mambwe Kasakula, Japhet Zulu, Banda Gideon, Sydin Shamutete, Pearson Hamwenda, Victor Mwitwa, Mercy Mumba, Elisah Titima, Misozi Phiri, Eric Mukuka, Benson Mulenga, Juliet Gondwe, Jay Jay Chilala, Joseph Sambumba, Christabel Chishala, Dennis Bwalya, Silver Lukwesa, Priscilla Lishiu, John L. Ngoma, George Lisomona, Mwenya Ignatius, Konkolo Kennedy, Humphrey Mulenga, Rashid B Mhango, Patrick Kambita, Dedu M. Sakala, Musa Chibawe, Chaba Chipili, Sikanyika Field, Hilary Chewe, Victoria Saina, Munyanga Kaluwa, Yvonne Katayi, Mwaka Nakweti, Kaoma Jousha, Chabala Bwalya, Charles Chanda, Elizabeth M Shumba, Clement Musiska, Lorrian Chisala, Gladys Ngandwe, Kasapo Mtembo, Dominic B. Chitondo, Angela Hagwagwa, Theresa Luhila, Chalwe Mutale, Andrew Kalonge, Weluzani Phiri, Griffson Moyo, Chishiba Kalusa, Martin Ngwata, Collins Chileshe, Derrick Mumba, Mbale M Paul, Malisar Kachima, Chibale Chisamo, Gift Nguni, Brighton Makumba, Benwell Siame, Mirriam Nkonde, John Kamanga, Kalembo D. Bwalya, Francis Chilala, Emmanual Lupikisha, Chrispin Kamfwa, Mwila Mwelwa, Jaquiline Mwape, George Kangwa, Mwangelwa Muyatwa, Chabala Rodwell, Ngambo Izambo, Hellen Chanda, Mutale Chibamba, Prosper Musonda, David K Kabwe, Mwanza Dickson, Mulenga Chiti, Richard Tembo, Clide Machalo, Bridget Zulu, Gloria Kapoko, Brian Muleba, Bwalya Gison, Musonda Nature, Mukuba Kaela, Derick Mumba, Chanda R, Kennedy Kabaghe, Jordan Mukwanka, Joseph Simusokwe, Betty Siachimpi, Frank Muwowo, Kalmia Tresford, Banda Blandina, Sharon Mazia, Beauty Changwe, Bupe Mwango B, Edgar Banda, Given Mwansa, Andrew Kangwa, Florence Ngosa, Robson Zulu, George Chisenga, Lucky Mubanga, Faith Kasanda, Nathan Simbeye, Max S Tailoka, Mathews Banda, Alex Talanti, Racheal M. Kapembwa, Levy Shonga, Kedrick Yabalwashi, Forbes Siyoka, Andrew Bwali, Mbale M. Paul, Dawry S Tembo, Enock Manengo, Suyvia Mweetwa, Catherin Sakala, Jessy Munguya, Emmanuel Numwa, Kolombo Whitney, Dorcas Nsalange, Mirriam Kambafwile, Kasapo Ntembo, Zulu Peter, Nyenda Kunda, Munsele Ignitius, Chama Musoka, Kelvin Bulaya, Martin Gwata, Greezer Shaputu, Bright Chama",,2023.0,FY2023,Local Taxes,TOTAL Local Taxes,,103108229.0,,,,,,,From audited 2023 financial statements,Kitwe Financial Statements 2023,Note 2,24.0,,
financial_statements_revenue_cdf,,,,,,,,,,KIT-LOC-2023-006,local_revenue,"Mwaya Mpasa, Banda Saddock, Bwembya Charles, Chanda Rodgers, Chansa Fred, Chileshe Christopher, Chileshe Francis, Chiyaka Matthews, David Phiri, Kabuseni Francis, Katongo B Joseph, Katai Muposhi, Kante Hogart, Kapikila Peter, Malama Damani, Manda Masoka, Muposhi Katai, Muwowo Kelly, Mwalumuna Felix, Swaba Evans, Silomba Charles, Zimba Mary, Vincent Mukuka, Chinyanta Merine, Nobert Mukunto, Marjory Kamawu, Gilbert Chitalu, Hellen Mkandawire, Victor Mwape, Kawemba Ackim, Martin Mwansa, Kasenge Francis, Mwanda Rodgers, Sampa Edna, Dorothy Shimo, Rodwell Chulu, Phiri Isaac, Kamfwa Mofya, Lemmy Chibenga, Clement Gondo, Clara Chibuye, Mbewe Agness, Clement Mwelwa, Charity Mulenga, Mambwe Kasakula, Japhet Zulu, Banda Gideon, Sydin Shamutete, Pearson Hamwenda, Victor Mwitwa, Mercy Mumba, Elisah Titima, Misozi Phiri, Eric Mukuka, Benson Mulenga, Juliet Gondwe, Jay Jay Chilala, Joseph Sambumba, Christabel Chishala, Dennis Bwalya, Silver Lukwesa, Priscilla Lishiu, John L. Ngoma, George Lisomona, Mwenya Ignatius, Konkolo Kennedy, Humphrey Mulenga, Rashid B Mhango, Patrick Kambita, Dedu M. Sakala, Musa Chibawe, Chaba Chipili, Sikanyika Field, Hilary Chewe, Victoria Saina, Munyanga Kaluwa, Yvonne Katayi, Mwaka Nakweti, Kaoma Jousha, Chabala Bwalya, Charles Chanda, Elizabeth M Shumba, Clement Musiska, Lorrian Chisala, Gladys Ngandwe, Kasapo Mtembo, Dominic B. Chitondo, Angela Hagwagwa, Theresa Luhila, Chalwe Mutale, Andrew Kalonge, Weluzani Phiri, Griffson Moyo, Chishiba Kalusa, Martin Ngwata, Collins Chileshe, Derrick Mumba, Mbale M Paul, Malisar Kachima, Chibale Chisamo, Gift Nguni, Brighton Makumba, Benwell Siame, Mirriam Nkonde, John Kamanga, Kalembo D. Bwalya, Francis Chilala, Emmanual Lupikisha, Chrispin Kamfwa, Mwila Mwelwa, Jaquiline Mwape, George Kangwa, Mwangelwa Muyatwa, Chabala Rodwell, Ngambo Izambo, Hellen Chanda, Mutale Chibamba, Prosper Musonda, David K Kabwe, Mwanza Dickson, Mulenga Chiti, Richard Tembo, Clide Machalo, Bridget Zulu, Gloria Kapoko, Brian Muleba, Bwalya Gison, Musonda Nature, Mukuba Kaela, Derick Mumba, Chanda R, Kennedy Kabaghe, Jordan Mukwanka, Joseph Simusokwe, Betty Siachimpi, Frank Muwowo, Kalmia Tresford, Banda Blandina, Sharon Mazia, Beauty Changwe, Bupe Mwango B, Edgar Banda, Given Mwansa, Andrew Kangwa, Florence Ngosa, Robson Zulu, George Chisenga, Lucky Mubanga, Faith Kasanda, Nathan Simbeye, Max S Tailoka, Mathews Banda, Alex Talanti, Racheal M. Kapembwa, Levy Shonga, Kedrick Yabalwashi, Forbes Siyoka, Andrew Bwali, Mbale M. Paul, Dawry S Tembo, Enock Manengo, Suyvia Mweetwa, Catherin Sakala, Jessy Munguya, Emmanuel Numwa, Kolombo Whitney, Dorcas Nsalange, Mirriam Kambafwile, Kasapo Ntembo, Zulu Peter, Nyenda Kunda, Munsele Ignitius, Chama Musoka, Kelvin Bulaya, Martin Gwata, Greezer Shaputu, Bright Chama",,2023.0,FY2023,Fees and Charges,TOTAL Fees and Charges,,30706709.0,,,,,,,From audited 2023 financial statements,Kitwe Financial Statements 2023,Note 3,24.0,,
financial_statements_revenue_cdf,,,,,,,,,,KIT-CDF-2026-001,cdf_project,Kamatipa Combined School,,2026.0,Jan-26,Completion Works,Completion of wall fence at Kamatipa Combined School,,,,,,,,,Contract signed 19 Jan 2026; Chimwemwe Constituency,KCC CDF Signing Jan 2026,,,,
financial_statements_revenue_cdf,,,,,,,,,,KIT-CDF-2026-002,cdf_project,Kawama,,2026.0,Jan-26,Sanitation,Construction of ablution block in Kawama,,,,,,,,,Contract signed 19 Jan 2026; Chimwemwe Constituency,KCC CDF Signing Jan 2026,,,,
financial_statements_revenue_cdf,,,,,,,,,,KIT-CDF-2026-003,cdf_project,Chimwemwe East,,2026.0,Jan-26,Security,Construction of police post in Chimwemwe East,,,,,,,,,Contract signed 19 Jan 2026; Chimwemwe Constituency,KCC CDF Signing Jan 2026,,,,
financial_statements_revenue_cdf,,,,,,,,,,KIT-CDF-2026-004,cdf_project,Construction of Chamboli Market shelters tables and boundary wall,,2026.0,Jan-26,Markets,Construction of Chamboli Market shelters tables and boundary wall,,,,,,,,,Contract signed 19 Jan 2026; Wusakile Constituency,KCC CDF Signing Jan 2026,,,,
financial_statements_revenue_cdf,,,,,,,,,,KIT-CDF-2026-005,cdf_project,Installation of 28 solar street lights (Nationalist) and 17 (Kalemba Drive Parklands Ward),,2026.0,Jan-26,Street Lighting,Installation of 28 solar street lights (Nationalist) and 17 (Kalemba Drive Parklands Ward),,,,,,,,,Contract signed 19 Jan 2026; Nkana Constituency,KCC CDF Signing Jan 2026,,,,
financial_statements_revenue_cdf,,,,,,,,,,KIT-CDF-2026-006,cdf_project,Richmond,,2026.0,Jan-26,Street Lighting,Installation of 14 solar street lights in Richmond area,,,,,,,,,Contract signed 19 Jan 2026; Nkana Constituency,KCC CDF Signing Jan 2026,,,,
financial_statements_revenue_cdf,,,,,,,,,,KIT-CDF-2026-007,cdf_project,Construction of bridge connecting Mukuba University and Zambia Compound,,2026.0,Jan-26,Infrastructure,Construction of bridge connecting Mukuba University and Zambia Compound,,,,,,,,,Contract signed 19 Jan 2026; Chimwemwe Constituency,KCC CDF Signing Jan 2026,,,,
financial_statements_revenue_cdf,,,,,,,,,,KIT-CDF-2026-008,cdf_project,Construction of Sopelo Market ablution block,,2026.0,Jan-26,Sanitation,Construction of Sopelo Market ablution block,,,,,,,,,Contract signed 19 Jan 2026; Chimwemwe Constituency,KCC CDF Signing Jan 2026,,,,
financial_statements_revenue_cdf,,,,,,,,,,KIT-CDF-2026-009,cdf_project,Installation of 32 solar street lights from Petroda via Buchi Hall to Joseph Musonda Stadium and ZESCO Pylon,,2026.0,Jan-26,Street Lighting,Installation of 32 solar street lights from Petroda via Buchi Hall to Joseph Musonda Stadium and ZESCO Pylon,,,,,,,,,Contract signed 19 Jan 2026; Nkana Constituency,KCC CDF Signing Jan 2026,,,,
financial_statements_revenue_cdf,,,,,,,,,,KIT-CDF-2026-010,cdf_project,Chimwemwe Constituency,,2026.0,Jan-26,Sanitation,Construction of ablution block in Chimwemwe Constituency,,,,,,,,,Contract signed 19 Jan 2026,KCC CDF Signing Jan 2026,,,,
financial_statements_revenue_cdf,,,,,,,,,,KIT-CDF-2026-011,cdf_project,Miyombo Luto Ward,,2026.0,Jan-26,Water Supply,Equipping of borehole with 10000L steel tank stand and 10000L poly tank at Miyombo Luto Ward,,,,,,,,,Contract signed 19 Jan 2026; Wusakile Constituency,KCC CDF Signing Jan 2026,,,,
financial_statements_revenue_cdf,,,,,,,,,,KIT-CDF-2026-012,cdf_project,Rehabilitation of Garneton Local Court ablution block,,2026.0,Jan-26,Rehabilitation,Rehabilitation of Garneton Local Court ablution block,,,,,,,,,Contract signed 19 Jan 2026; Chimwemwe Constituency,KCC CDF Signing Jan 2026,,,,
financial_statements_revenue_cdf,,,,,,,,,,KIT-CDF-2026-013,cdf_project,Mulenga Clinic,,2026.0,Jan-26,Health,Rehabilitation of plumbing system at Mulenga Clinic,,,,,,,,,Contract signed 19 Jan 2026; Kamfinsa Constituency,KCC CDF Signing Jan 2026,,,,
financial_statements_revenue_cdf,,,,,,,,,,KIT-CDF-2026-014,cdf_project,Kamatipa Combined School,,2026.0,Jan-26,Education,Rehabilitation of 1x7 classroom block at Kamatipa Combined School,,,,,,,,,Contract signed 19 Jan 2026; Chimwemwe Constituency,KCC CDF Signing Jan 2026,,,,
financial_statements_revenue_cdf,,,,,,,,,,KIT-CDF-2026-015,cdf_project,Kamatipa Market,,2026.0,Jan-26,Markets,Completion of market shelter at Kamatipa Market,,,,,,,,,Contract signed 19 Jan 2026; Chimwemwe Constituency,KCC CDF Signing Jan 2026,,,,
financial_statements_revenue_cdf,,,,,,,,,,KIT-CDF-2025-001,cdf_project,Construction of Chimpalampala Market Shelter,,2025.0,2025,Markets,Construction of Chimpalampala Market Shelter,,,,,,,,,Mulenga Compound; Kamfinsa Constituency,KCC CDF Contracts 2025,,,,
financial_statements_revenue_cdf,,,,,,,,,,KIT-CDF-2025-002,cdf_project,Construction of Mwaiseni-Nkana East Footbridge,,2025.0,2025,Infrastructure,Construction of Mwaiseni-Nkana East Footbridge,,,,,,,,,Kwacha Constituency,KCC CDF Contracts 2025,,,,
financial_statements_revenue_cdf,,,,,,,,,,KIT-CDF-2025-003,cdf_project,Equipping of 11 boreholes across all five constituencies,,2025.0,2025,Water Supply,Equipping of 11 boreholes across all five constituencies,,,,,,,,,All 5 constituencies,KCC CDF Contracts 2025,,,,
financial_statements_revenue_cdf,,,,,,,,,,KIT-CDF-2025-004,cdf_project,Wusakile Skills Centre,,2025.0,2025,Education,Construction of wall fence at Wusakile Skills Centre,,,,,,,,,Wusakile Constituency,KCC CDF Contracts 2025,,,,
financial_statements_revenue_cdf,,,,,,,,,,KIT-CDF-2025-005,cdf_project,Delivery of school desks to various schools,,2025.0,2025,Education,Delivery of school desks to various schools,,,,,,,,,Nkana Constituency,KCC CDF Contracts 2025,,,,
financial_statements_revenue_cdf,,,,,,,,,,KIT-CDF-2023-LOAN,cdf_project,K13177387 disbursed to 163 CDF loan beneficiaries across 5 constituencies,,2023.0,2023,Empowerment,K13177387 disbursed to 163 CDF loan beneficiaries across 5 constituencies,,,,,,,,,Loan disbursement,Kitwe Council News,,,,
financial_statements_revenue_cdf,,,,,,,,,,KIT-EMP-2025-001,empowerment_grant,Wusakile Constituency Cooperatives,,2025.0,2025,CDF Empowerment,Wusakile Constituency Cooperatives (86 cooperatives K2465000),,,,,,,,,CDF Empowerment Grants 2025,KCC Empowerment Grants 2025,,,,
financial_statements_revenue_cdf,,,,,,,,,,KIT-EMP-2025-002,empowerment_grant,Kamfinsa Constituency Cooperatives,,2025.0,2025,CDF Empowerment,Kamfinsa Constituency Cooperatives (113 cooperatives K2478090),,,,,,,,,CDF Empowerment Grants 2025,KCC Empowerment Grants 2025,,,,
financial_statements_revenue_cdf,,,,,,,,,,KIT-EMP-2025-003,empowerment_grant,Chimwemwe Constituency Cooperatives,,2025.0,2025,CDF Empowerment,Chimwemwe Constituency Cooperatives (96 cooperatives K2478064),,,,,,,,,CDF Empowerment Grants 2025,KCC Empowerment Grants 2025,,,,
financial_statements_revenue_cdf,,,,,,,,,,KIT-EMP-2025-004,empowerment_grant,Nkana Constituency Cooperatives,,2025.0,2025,CDF Empowerment,Nkana Constituency Cooperatives (75 cooperatives K1806800),,,,,,,,,CDF Empowerment Grants 2025,KCC Empowerment Grants 2025,,,,
financial_statements_revenue_cdf,,,,,,,,,,KIT2-CR-2023-001,council_resolution,,,2023.0,,Resolution,Confirmation of Minutes (30th June 2023),,,,,,,,,Minutes confirmed as a true and correct record of proceedings,3RD-OCTOBER-2023-COUNCIL-MINUTES.docx,,,,
financial_statements_revenue_cdf,,,,,,,,,,KIT2-CR-2023-002,council_resolution,,,2023.0,,Resolution,Matters Arising (Marriage Certificates),,,,,,,,,Management informed that the process of procuring a typewriter had started but was slow due to scarcity,3RD-OCTOBER-2023-COUNCIL-MINUTES.docx,,,,
financial_statements_revenue_cdf,,,,,,,,,,KIT2-CR-2023-003,council_resolution,,,2023.0,,Resolution,Adoption of Minutes (Planning & Info Mgmt Systems - 27th July 2023),,,,,,,,,Minutes adopted as part of Council proceedings,3RD-OCTOBER-2023-COUNCIL-MINUTES.docx,,,,
financial_statements_revenue_cdf,,,,,,,,,,KIT2-CR-2023-004,council_resolution,,,2023.0,,Resolution,Adoption of Minutes (Agriculture - 28th July 2023),,,,,,,,,Minutes adopted as part of Council proceedings,3RD-OCTOBER-2023-COUNCIL-MINUTES.docx,,,,
financial_statements_revenue_cdf,,,,,,,,,,KIT2-CR-2023-005,council_resolution,,,2023.0,,Resolution,Adoption of Minutes (Health Services - 3rd August 2023),,,,,,,,,Minutes adopted subject to inserting a resolution that AMREF Health Africa should not be allowed in the district as they were unconstitutional,3RD-OCTOBER-2023-COUNCIL-MINUTES.docx,,,,
financial_statements_revenue_cdf,,,,,,,,,,KIT2-CR-2023-006,council_resolution,,,2023.0,,Resolution,Adoption of Minutes (Engineering & Infrastructure - 9th August 2023),,,,,,,,,Minutes adopted as part of Council proceedings,3RD-OCTOBER-2023-COUNCIL-MINUTES.docx,,,,
financial_statements_revenue_cdf,,,,,,,,,,KIT2-CR-2023-007,council_resolution,,,2023.0,,Resolution,Adoption of Minutes (Education Services - 17th August 2023),,,,,,,,,Minutes adopted as part of Council proceedings,3RD-OCTOBER-2023-COUNCIL-MINUTES.docx,,,,
financial_statements_revenue_cdf,,,,,,,,,,KIT2-CR-2023-008,council_resolution,,,2023.0,,Resolution,Adoption of Minutes (Community Development - 22nd August 2023),,,,,,,,,Minutes adopted as part of Council proceedings,3RD-OCTOBER-2023-COUNCIL-MINUTES.docx,,,,
financial_statements_revenue_cdf,,,,,,,,,,KIT2-CR-2023-009,council_resolution,,,2023.0,,Resolution,Adoption of Minutes (Planning & Info Mgmt Systems - 6th September 2023),,,,,,,,,Minutes adopted as part of Council proceedings,3RD-OCTOBER-2023-COUNCIL-MINUTES.docx,,,,
financial_statements_revenue_cdf,,,,,,,,,,KIT2-CR-2023-010,council_resolution,,,2023.0,,Resolution,Adoption of Minutes (Audit Committee - 7th September 2023),,,,,,,,,Minutes adopted as part of Council proceedings,3RD-OCTOBER-2023-COUNCIL-MINUTES.docx,,,,
financial_statements_revenue_cdf,,,,,,,,,,KIT2-CR-2023-011,council_resolution,,,2023.0,,Resolution,Adoption of Minutes (Legal Services - 12th September 2023),,,,,,,,,Minutes adopted as part of Council proceedings,3RD-OCTOBER-2023-COUNCIL-MINUTES.docx,,,,
financial_statements_revenue_cdf,,,,,,,,,,KIT2-CR-2023-012,council_resolution,,,2023.0,,Resolution,Adoption of Minutes (Finance Committee - 15th September 2022),,,,,,,,,Minutes adopted as part of Council proceedings,3RD-OCTOBER-2023-COUNCIL-MINUTES.docx,,,,
financial_statements_revenue_cdf,,,,,,,,,,KIT2-CR-2023-013,council_resolution,,,2023.0,,Resolution,Upward Adjustment of Fees at Buchi Youth Vocational Training Centre,,,,,,,,,Upward adjustment of course fees effective January 2024 approved,3RD-OCTOBER-2023-COUNCIL-MINUTES.docx,,,,
financial_statements_revenue_cdf,,,,,,,,,,KIT2-CR-2023-014,council_resolution,,,2023.0,,Resolution,Application for Land to Set Up PV Solar Panels,,,,,,,,,Applications for land across Kafue River and off 17th Avenue approved; application for land in Garneton rejected. Nkana Water encouraged to interact with Civic leaders quarterly,3RD-OCTOBER-2023-COUNCIL-MINUTES.docx,,,,
financial_statements_revenue_cdf,,,,,,,,,,KIT2-CR-2023-015,council_resolution,,,2023.0,,Resolution,Service Charges for Squatters/Settlers,,,,,,,,,"Proposed service charge and plot premium approved. Service charges for residential low, medium, and high cost squatters adjusted to K3000, K5000, and K7000 respectively. Small Holding charged at K10,000 per Hectare",3RD-OCTOBER-2023-COUNCIL-MINUTES.docx,,,,
financial_statements_revenue_cdf,,,,,,,,,,KIT2-CR-2023-016,council_resolution,,,2023.0,,Resolution,Composition of Council Standing Committees,,,,,,,,,Proposed composition of Council Standing Committees for the third year Civic Calendar approved,3RD-OCTOBER-2023-COUNCIL-MINUTES.docx,,,,
financial_statements_revenue_cdf,,,,,,,,,,KIT2-CR-2023-017,council_resolution,,,2023.0,,Resolution,Replanning of the Zamtan Cemetery,,,,,,,,,Replanning approved. 38 plots created between 2018-2019 cancelled. Cemetery restored to 66 Hectares. Illegal occupants to vacate,3RD-OCTOBER-2023-COUNCIL-MINUTES.docx,,,,
financial_statements_revenue_cdf,,,,,,,,,,KIT2-CR-2023-018,council_resolution,,,2023.0,,Resolution,Variation of the 20% Local Government Equalisation Fund for Capital Projects,,,,,,,,,Variation of the 20% Local Government Equalization fund for capital projects for 2023 approved,3RD-OCTOBER-2023-COUNCIL-MINUTES.docx,,,,
financial_statements_revenue_cdf,,,,,,,,,,KIT2-CR-2023-019,council_resolution,,,2023.0,,Resolution,Revocation of Regularisation of Market Stalls at Kitwe Teaching Hospital,,,,,,,,,Regularisation reversed. Applicants to be refunded K3000.00 application fees,3RD-OCTOBER-2023-COUNCIL-MINUTES.docx,,,,
financial_statements_revenue_cdf,,,,,,,,,,KIT2-CM-2023-020,council_motion,,,2023.0,,Motion,Submission of Notice of Motion by Councillor Rodgers Chanda (Luto Ward),,,,,,,,,Motion to split Lima Zone into two zones referred to Planning and Information Management System Committee,3RD-OCTOBER-2023-COUNCIL-MINUTES.docx,,,,
financial_statements_revenue_cdf,,,,,,,,,,KIT2-CM-2023-021,council_motion,,,2023.0,,Motion,Submission of Notice of Motion by Councillor Mathews Chiyaka (Bulangililo Ward),,,,,,,,,Motion on revenue collection from car parks and agents referred to Finance Committee,3RD-OCTOBER-2023-COUNCIL-MINUTES.docx,,,,
financial_statements_revenue_cdf,,,,,,,,,,KIT2-CM-2023-022,council_motion,,,2023.0,,Motion,Submission of Notice of Motion by Councillor Mathews Chiyaka (Bulangililo Ward),,,,,,,,,Motion on modernising Mayor/Deputy Mayor parking slots referred to Engineering Committee,3RD-OCTOBER-2023-COUNCIL-MINUTES.docx,,,,
financial_statements_revenue_cdf,,,,,,,,,,KIT2-CM-2023-023,council_motion,,,2023.0,,Motion,Submission of Notice of Motion by Councillor Mathews Chiyaka (Bulangililo Ward),,,,,,,,,Motion on awarding staff and councillors quarterly referred to Management,3RD-OCTOBER-2023-COUNCIL-MINUTES.docx,,,,
financial_statements_revenue_cdf,,,,,,,,,,KIT2-CM-2023-024,council_motion,,,2023.0,,Motion,Submission of Notice of Motion by Councillor Mathews Chiyaka (Bulangililo Ward),,,,,,,,,Motion on employing casual workers for Keep Zambia Clean campaign referred to Health Services Committee,3RD-OCTOBER-2023-COUNCIL-MINUTES.docx,,,,
financial_statements_revenue_cdf,,,,,,,,,,KIT2-CM-2023-025,council_motion,,,2023.0,,Motion,Submission of Notice of Motion by Councillor Mathews Chiyaka (Bulangililo Ward),,,,,,,,,Motion on sensitisation about garbage on local radio referred to Health Services Committee,3RD-OCTOBER-2023-COUNCIL-MINUTES.docx,,,,
financial_statements_revenue_cdf,,,,,,,,,,KIT2-CM-2023-026,council_motion,,,2023.0,,Motion,Submission of Notice of Motion by Councillor Manda Masoka (Buchi Ward),,,,,,,,,Motion to dissolve Kitwe United Football Club executive referred to Finance Committee,3RD-OCTOBER-2023-COUNCIL-MINUTES.docx,,,,
financial_statements_revenue_cdf,,,,,,,,,,KIT2-CM-2023-027,council_motion,,,2023.0,,Motion,Submission of Notice of Motion by Councillor Damani Malama (Mindolo Ward),,,,,,,,,Motion to dissolve Ward Development Committee referred to Planning and Information Management Committee,3RD-OCTOBER-2023-COUNCIL-MINUTES.docx,,,,
financial_statements_revenue_cdf,,,,,,,,,,KIT2-CM-2023-028,council_motion,,,2023.0,,Motion,Submission of Notice of Motion by Councillor Charles Silomba (Wusakile Ward),,,,,,,,,Motion to confer Alderman title on Christopher Pikiti Kang'ombe and Evaristo Chilufya referred to Management,3RD-OCTOBER-2023-COUNCIL-MINUTES.docx,,,,
financial_statements_revenue_cdf,,,,,,,,,,KIT2-CM-2023-029,council_motion,,,2023.0,,Motion,Submission of Notice of Motion by Councillor Felix Malasha (Parklands Ward),,,,,,,,,Motion to relocate bus stop at Micmar rejected,3RD-OCTOBER-2023-COUNCIL-MINUTES.docx,,,,
financial_statements_revenue_cdf,,,,,,,,,,KIT2-CM-2023-030,council_motion,,,2023.0,,Motion,Submission of Notice of Motion by Councillor Felix Malasha (Parklands Ward),,,,,,,,,Motion for intervention on Plot 720 in Chimwemwe North referred to Planning and Information Management Committee,3RD-OCTOBER-2023-COUNCIL-MINUTES.docx,,,,
financial_statements_revenue_cdf,,,,,,,,,,KIT2-CM-2023-031,council_motion,,,2023.0,,Motion,Submission of Notice of Motion by Councillor Felix Malasha (Parklands Ward),,,,,,,,,Motion to equip Councillors with mobile tablets referred to Finance Committee,3RD-OCTOBER-2023-COUNCIL-MINUTES.docx,,,,
financial_statements_revenue_cdf,,,,,,,,,,KIT2-CM-2023-032,council_motion,,,2023.0,,Motion,Submission of Notice of Motion by Councillor Davies Kasengele (Ndeke Ward),,,,,,,,,Motion to introduce WIFI services at Civic Centre and other public places rejected,3RD-OCTOBER-2023-COUNCIL-MINUTES.docx,,,,
financial_statements_revenue_cdf,,,,,,,,,,KIT2-CM-2023-033,council_motion,,,2023.0,,Motion,Submission of Notice of Motion by Councillor Davies Kasengele (Ndeke Ward),,,,,,,,,Motion to recognise Mr Nayee Shareed with Freeman of the City Status referred to Management,3RD-OCTOBER-2023-COUNCIL-MINUTES.docx,,,,
financial_statements_revenue_cdf,,,,,,,,,,KIT2-CM-2023-034,council_motion,,,2023.0,,Motion,Submission of Notice of Motion by Councillor Davies Kasengele (Ndeke Ward),,,,,,,,,Motion to look for land for a mental hospital referred to Planning and Information Management System,3RD-OCTOBER-2023-COUNCIL-MINUTES.docx,,,,
financial_statements_revenue_cdf,,,,,,,,,,KIT2-CM-2023-035,council_motion,,,2023.0,,Motion,Submission of Notice of Motion by Councillor Davies Kasengele (Ndeke Ward),,,,,,,,,Motion for a Chamber of Commerce member on Finance Committee referred to Finance Committee,3RD-OCTOBER-2023-COUNCIL-MINUTES.docx,,,,
financial_statements_revenue_cdf,,,,,,,,,,KIT2-CR-2023-036,council_resolution,,,2023.0,,Resolution,Confirmation of Minutes (4th April 2023),,,,,,,,,Minutes confirmed as a true and correct record of proceedings,30TH-JUNE-2023-COUNCIL-MINUTES-copy.docx,,,,
financial_statements_revenue_cdf,,,,,,,,,,KIT2-CR-2023-037,council_resolution,,,2023.0,,Resolution,Adoption of Minutes (Health Services - 5th May 2023),,,,,,,,,Minutes adopted as part of Council proceedings,30TH-JUNE-2023-COUNCIL-MINUTES-copy.docx,,,,
financial_statements_revenue_cdf,,,,,,,,,,KIT2-CR-2023-038,council_resolution,,,2023.0,,Resolution,Adoption of Minutes (Education Services - 9th May 2023),,,,,,,,,Minutes adopted as part of Council proceedings,30TH-JUNE-2023-COUNCIL-MINUTES-copy.docx,,,,
financial_statements_revenue_cdf,,,,,,,,,,KIT2-CR-2023-039,council_resolution,,,2023.0,,Resolution,Adoption of Minutes (Agriculture - 9th May 2023),,,,,,,,,Minutes adopted as part of Council proceedings,30TH-JUNE-2023-COUNCIL-MINUTES-copy.docx,,,,
financial_statements_revenue_cdf,,,,,,,,,,KIT2-CR-2023-040,council_resolution,,,2023.0,,Resolution,Adoption of Minutes (Planning & Info Mgmt Systems - 11th May 2023),,,,,,,,,Minutes adopted as part of Council proceedings,30TH-JUNE-2023-COUNCIL-MINUTES-copy.docx,,,,
financial_statements_revenue_cdf,,,,,,,,,,KIT2-CR-2023-041,council_resolution,,,2023.0,,Resolution,Adoption of Minutes (Engineering & Infrastructure - 16th May 2023),,,,,,,,,Minutes adopted as part of Council proceedings,30TH-JUNE-2023-COUNCIL-MINUTES-copy.docx,,,,
financial_statements_revenue_cdf,,,,,,,,,,KIT2-CR-2023-042,council_resolution,,,2023.0,,Resolution,Adoption of Minutes (Community Development - 23rd May 2023),,,,,,,,,Minutes adopted as part of Council proceedings,30TH-JUNE-2023-COUNCIL-MINUTES-copy.docx,,,,
financial_statements_revenue_cdf,,,,,,,,,,KIT2-CR-2023-043,council_resolution,,,2023.0,,Resolution,Adoption of Minutes (Legal Services - 13th June 2023),,,,,,,,,Minutes adopted subject to correcting CEC wayleave S12 to read as CEC wayleave S129,30TH-JUNE-2023-COUNCIL-MINUTES-copy.docx,,,,
financial_statements_revenue_cdf,,,,,,,,,,KIT2-CR-2023-044,council_resolution,,,2023.0,,Resolution,Adoption of Minutes (Planning & Info Mgmt Systems - 13th June 2023),,,,,,,,,Minutes adopted subject to disapproving an application in Ndeke Sub A and referring replanning of land in Itimpi back to committee,30TH-JUNE-2023-COUNCIL-MINUTES-copy.docx,,,,
financial_statements_revenue_cdf,,,,,,,,,,KIT2-CR-2023-045,council_resolution,,,2023.0,,Resolution,Adoption of Minutes (Auditing Committee - 15th June 2023),,,,,,,,,Minutes adopted as part of Council proceedings,30TH-JUNE-2023-COUNCIL-MINUTES-copy.docx,,,,
financial_statements_revenue_cdf,,,,,,,,,,KIT2-CR-2023-046,council_resolution,,,2023.0,,Resolution,Adoption of Minutes (Finance Committee - 20th June 2022),,,,,,,,,Minutes adopted as part of Council proceedings,30TH-JUNE-2023-COUNCIL-MINUTES-copy.docx,,,,
financial_statements_revenue_cdf,,,,,,,,,,KIT2-CR-2023-047,council_resolution,,,2023.0,,Resolution,Matters Arising (Mapili and Buchi Stadiums),,,,,,,,,Town Clerk submitted action taken: letter of authority was written to the Ministry of Local Government and Rural Development,30TH-JUNE-2023-COUNCIL-MINUTES-copy.docx,,,,
financial_statements_revenue_cdf,,,,,,,,,,KIT2-CR-2023-048,council_resolution,,,2023.0,,Resolution,Resolution of Council into Committee,,,,,,,,,Council resolved itself into a Committee of the whole Council,30TH-JUNE-2023-COUNCIL-MINUTES-copy.docx,,,,
financial_statements_revenue_cdf,,,,,,,,,,KIT2-CR-2023-049,council_resolution,,,2023.0,,Resolution,Replanning of 100 Hectares of Land in Kafue Park,,,,,,,,,"Replanning approved: 75% large scale commercial/industrial, 25% high-cost residential. Process to be expedited",30TH-JUNE-2023-COUNCIL-MINUTES-copy.docx,,,,
financial_statements_revenue_cdf,,,,,,,,,,KIT2-CR-2023-050,council_resolution,,,2023.0,,Resolution,Cancellation of Plots Created in Ndeke Presidential Area,,,,,,,,,Cancellation of 85 plots approved,30TH-JUNE-2023-COUNCIL-MINUTES-copy.docx,,,,
financial_statements_revenue_cdf,,,,,,,,,,KIT2-CR-2023-051,council_resolution,,,2023.0,,Resolution,Application for Subdivision of Sub H21 of Farm 840,,,,,,,,,Application approved,30TH-JUNE-2023-COUNCIL-MINUTES-copy.docx,,,,
financial_statements_revenue_cdf,,,,,,,,,,KIT2-CR-2023-052,council_resolution,,,2023.0,,Resolution,Reversion to Open Session,,,,,,,,,Council reverted to open session and adopted proceedings of the Council in Committee,30TH-JUNE-2023-COUNCIL-MINUTES-copy.docx,,,,
financial_statements_revenue_cdf,,,,,,,,,,KIT2-CR-2023-053,council_resolution,,,2023.0,,Resolution,Confirmation of Minutes (23rd December 2022),,,,,,,,,Minutes confirmed as a true and correct record of proceedings,COUNCIL-MINUTES-4TH-APRIL-2023.docx,,,,
financial_statements_revenue_cdf,,,,,,,,,,KIT2-CR-2023-054,council_resolution,,,2023.0,,Resolution,Adoption of Minutes (Education Services - 18th January 2023),,,,,,,,,Minutes adopted as part of Council proceedings,COUNCIL-MINUTES-4TH-APRIL-2023.docx,,,,
financial_statements_revenue_cdf,,,,,,,,,,KIT2-CR-2023-055,council_resolution,,,2023.0,,Resolution,Adoption of Minutes (Planning & Info Mgmt Systems - 25th January 2023),,,,,,,,,Minutes adopted as part of Council proceedings,COUNCIL-MINUTES-4TH-APRIL-2023.docx,,,,
financial_statements_revenue_cdf,,,,,,,,,,KIT2-CR-2023-056,council_resolution,,,2023.0,,Resolution,Adoption of Minutes (Agriculture - 26th January 2023),,,,,,,,,Minutes adopted as part of Council proceedings,COUNCIL-MINUTES-4TH-APRIL-2023.docx,,,,
financial_statements_revenue_cdf,,,,,,,,,,KIT2-CR-2023-057,council_resolution,,,2023.0,,Resolution,Adoption of Minutes (Health Services - 31st January 2023),,,,,,,,,Minutes adopted as part of Council proceedings,COUNCIL-MINUTES-4TH-APRIL-2023.docx,,,,
financial_statements_revenue_cdf,,,,,,,,,,KIT2-CR-2023-058,council_resolution,,,2023.0,,Resolution,Adoption of Minutes (Engineering & Infrastructure - 9th February 2023),,,,,,,,,Minutes adopted as part of Council proceedings,COUNCIL-MINUTES-4TH-APRIL-2023.docx,,,,
financial_statements_revenue_cdf,,,,,,,,,,KIT2-CR-2023-059,council_resolution,,,2023.0,,Resolution,Adoption of Minutes (Community Development - 21st February 2023),,,,,,,,,Minutes adopted as part of Council proceedings,COUNCIL-MINUTES-4TH-APRIL-2023.docx,,,,
financial_statements_revenue_cdf,,,,,,,,,,KIT2-CR-2023-060,council_resolution,,,2023.0,,Resolution,Adoption of Minutes (Human Resource & Admin - 24th February 2023),,,,,,,,,Minutes adopted as part of Council proceedings,COUNCIL-MINUTES-4TH-APRIL-2023.docx,,,,
financial_statements_revenue_cdf,,,,,,,,,,KIT2-CR-2023-061,council_resolution,,,2023.0,,Resolution,Adoption of Minutes (Planning & Info Mgmt Systems - 16th March 2023),,,,,,,,,Minutes adopted subject to deferring planning permission for Stand No 721 and approving revocation of planning permission for Ms Theresa Bupe,COUNCIL-MINUTES-4TH-APRIL-2023.docx,,,,
financial_statements_revenue_cdf,,,,,,,,,,KIT2-CR-2023-062,council_resolution,,,2023.0,,Resolution,Adoption of Minutes (Auditing Committee - 9th March 2023),,,,,,,,,Minutes adopted as part of Council proceedings,COUNCIL-MINUTES-4TH-APRIL-2023.docx,,,,
financial_statements_revenue_cdf,,,,,,,,,,KIT2-CR-2023-063,council_resolution,,,2023.0,,Resolution,Adoption of Minutes (Legal Services - 17th March 2023),,,,,,,,,Minutes adopted subject to amending names under the Ndeke Presidential allocation list,COUNCIL-MINUTES-4TH-APRIL-2023.docx,,,,
financial_statements_revenue_cdf,,,,,,,,,,KIT2-CR-2023-064,council_resolution,,,2023.0,,Resolution,Adoption of Minutes (Finance Committee - 20th March 2022),,,,,,,,,Minutes adopted subject to deferring the application by Mr Prince Munyati,COUNCIL-MINUTES-4TH-APRIL-2023.docx,,,,
financial_statements_revenue_cdf,,,,,,,,,,KIT2-CR-2023-065,council_resolution,,,2023.0,,Resolution,Adoption of the Kitwe District Integrated Development Plan,,,,,,,,,IDP adopted for 10 years. A workshop to be conducted for Civic Leaders to preview it,COUNCIL-MINUTES-4TH-APRIL-2023.docx,,,,
financial_statements_revenue_cdf,,,,,,,,,,KIT2-CR-2023-066,council_resolution,,,2023.0,,Resolution,Revocation of Planning Permission for Jamamu Zambia Limited on Stand 212 in Buchi,,,,,,,,,Revocation of planning permission approved,COUNCIL-MINUTES-4TH-APRIL-2023.docx,,,,
financial_statements_revenue_cdf,,,,,,,,,,KIT2-CR-2023-067,council_resolution,,,2023.0,,Resolution,"Application for Land Development Fund in Excess of K3,607,000",,,,,,,,,Application ratified,COUNCIL-MINUTES-4TH-APRIL-2023.docx,,,,
financial_statements_revenue_cdf,,,,,,,,,,KIT2-CR-2023-068,council_resolution,,,2023.0,,Resolution,Expansion and Modernisation of Kitwe Main Bus Station,,,,,,,,,Expansion approved. Council tenants and occupants of makeshift structures given 3 months notice. Mr David Chibamba to be given alternative plot,COUNCIL-MINUTES-4TH-APRIL-2023.docx,,,,
financial_statements_revenue_cdf,,,,,,,,,,KIT2-CR-2023-069,council_resolution,,,2023.0,,Resolution,Incorporation of Human Resource Committee Members into Other Standing Committees,,,,,,,,,Incorporation of members approved as indicated in the table,COUNCIL-MINUTES-4TH-APRIL-2023.docx,,,,
financial_statements_revenue_cdf,,,,,,,,,,KIT2-CR-2023-070,council_resolution,,,2023.0,,Resolution,Normalization of Role of Kitwe City Council in the Development of the Kitwe Industrial Yard,,,,,,,,,Normalization of role approved,COUNCIL-MINUTES-4TH-APRIL-2023.docx,,,,
financial_statements_revenue_cdf,,,,,,,,,,KIT2-CR-2023-071,council_resolution,,,2023.0,,Resolution,Design Construct Finance Operate and Lease Model for Mapili and Buchi Stadiums Cardet Hostels and Buchi Hotel,,,,,,,,,EOI approved for Mapili Stadium Buchi Stadium Cardet Hostels for 13 years. Matter for Buchi Hotel deferred to Finance Committee,COUNCIL-MINUTES-4TH-APRIL-2023.docx,,,,
financial_statements_revenue_cdf,,,,,,,,,,KIT2-CR-2023-072,council_resolution,,,2023.0,,Resolution,Proposal by Copperfield Mining Services Ltd to Rehabilitate Freedom Park,,,,,,,,,Copperfield to make full payment of ZMK 3.4 million within 3 months. Building permissions revoked until payment is made,COUNCIL-MINUTES-4TH-APRIL-2023.docx,,,,
financial_statements_revenue_cdf,,,,,,,,,,KIT2-CR-2023-073,council_resolution,,,2023.0,,Resolution,Review of Proposed Extension of the NAPSA Complex Land,,,,,,,,,Land proposed for extension to be reserved for other investments,COUNCIL-MINUTES-4TH-APRIL-2023.docx,,,,
financial_statements_revenue_cdf,,,,,,,,,,KIT2-CM-2023-074,council_motion,,,2023.0,,Motion,Submission of Notice of Motion by Councillor Simon Kakoma (Itimpi Ward),,,,,,,,,Motion for more General Workers referred to appropriate Committee,COUNCIL-MINUTES-4TH-APRIL-2023.docx,,,,
financial_statements_revenue_cdf,,,,,,,,,,KIT2-CM-2023-075,council_motion,,,2023.0,,Motion,Submission of Notice of Motion by Councillor Kapembwa Fewdays (Kamatipa Ward),,,,,,,,,Motion to expel Mr George Kasakula from WDC referred to appropriate Committee,COUNCIL-MINUTES-4TH-APRIL-2023.docx,,,,
financial_statements_revenue_cdf,,,,,,,,,,KIT2-CM-2023-076,council_motion,,,2023.0,,Motion,Submission of Notice of Motion by Councillor Filongwe Luckson (Limaposa Ward),,,,,,,,,Motion to expel WDC Treasurer and Vice Chairman referred to appropriate Committee,COUNCIL-MINUTES-4TH-APRIL-2023.docx,,,,
financial_statements_revenue_cdf,,,,,,,,,,KIT2-CM-2023-077,council_motion,,,2023.0,,Motion,Submission of Notice of Motion by Councillor Kasengele Daves (Ndeke Ward),,,,,,,,,Motion for quarterly assessment of departments referred to appropriate Committee,COUNCIL-MINUTES-4TH-APRIL-2023.docx,,,,
financial_statements_revenue_cdf,,,,,,,,,,KIT2-CM-2023-078,council_motion,,,2023.0,,Motion,Submission of Notice of Motion by Councillor Malasha Felix (Parklands Ward),,,,,,,,,Motion for each Ward to purchase a Tractor and Trailer referred to appropriate Committee,COUNCIL-MINUTES-4TH-APRIL-2023.docx,,,,
financial_statements_revenue_cdf,,,,,,,,,,KIT2-CM-2023-079,council_motion,,,2023.0,,Motion,Submission of Notice of Motion by Councillor Malasha Felix (Parklands Ward),,,,,,,,,Motion to engage recycling companies on dump site land referred to appropriate Committee,COUNCIL-MINUTES-4TH-APRIL-2023.docx,,,,
financial_statements_revenue_cdf,,,,,,,,,,KIT2-CM-2023-080,council_motion,,,2023.0,,Motion,Submission of Notice of Motion by Councillor Manda Masoka (Buchi Ward),,,,,,,,,Motion to repossess land from Jamamu Company was withdrawn by the mover,COUNCIL-MINUTES-4TH-APRIL-2023.docx,,,,
financial_statements_revenue_cdf,,,,,,,,,,KIT2-CM-2023-081,council_motion,,,2023.0,,Motion,Submission of Notice of Motion by Councillor Malasha Felix (Parklands Ward),,,,,,,,,Motion for a specific design for shops along Kwacha Road referred to appropriate Committee,COUNCIL-MINUTES-4TH-APRIL-2023.docx,,,,
financial_statements_revenue_cdf,,,,,,,,,,KIT2-CM-2023-082,council_motion,,,2023.0,,Motion,Submission of Notice of Motion by Councillor Malasha Felix (Parklands Ward),,,,,,,,,Motion to secure land for an ablution block along Kwacha Road referred to appropriate Committee,COUNCIL-MINUTES-4TH-APRIL-2023.docx,,,,
financial_statements_revenue_cdf,,,,,,,,,,KIT2-CM-2023-083,council_motion,,,2023.0,,Motion,Submission of Notice of Motion by Councillor Chiyaka Mathews (Bulangililo Ward),,,,,,,,,Motion for institutions to subscribe to Solid Waste Management Companies referred to appropriate Committee,COUNCIL-MINUTES-4TH-APRIL-2023.docx,,,,
financial_statements_revenue_cdf,,,,,,,,,,KIT2-CM-2023-084,council_motion,,,2023.0,,Motion,Submission of Notice of Motion by Councillor Chiyaka Mathews (Bulangililo Ward),,,,,,,,,Motion to co-opt officials from Nkana Water ZESCO and Churches to committees referred to appropriate Committee,COUNCIL-MINUTES-4TH-APRIL-2023.docx,,,,
financial_statements_revenue_cdf,,,,,,,,,,KIT2-CP-2025-085,council_proceeding,,,2025.0,,Submission,Submissions by the Department of Development Planning,,,,,,,,,Department spearheads CDF and CFW initiatives. CFW currently suspended. KCC aligning IDPs to 8NDP for inclusivity,STAKEHOLDERS-MEETING-MINUTUES-PERSON-WITH-DISABILITIES.pdf,,,,
financial_statements_revenue_cdf,,,,,,,,,,KIT2-CP-2025-086,council_proceeding,,,2025.0,,Discussion,Plenary Discussions and Key Issues Raised - Accessibility Challenges,,,,,,,,,Participants raised concerns about lack of accessibility features in new infrastructure including for hearing visual and physical impairments,STAKEHOLDERS-MEETING-MINUTUES-PERSON-WITH-DISABILITIES.pdf,,,,
financial_statements_revenue_cdf,,,,,,,,,,KIT2-CP-2025-087,council_proceeding,,,2025.0,,Recommendation,Key Requests and Recommendations,,,,,,,,,Requests include: multipurpose hall 5-10% of council works reserved for PWDs trading spaces affirmative action in land allocation CDF quotas braille forms and accessible public information,STAKEHOLDERS-MEETING-MINUTUES-PERSON-WITH-DISABILITIES.pdf,,,,
financial_statements_revenue_cdf,,,,,,,,,,KIT2-CP-2025-088,council_proceeding,,,2025.0,,Closing,Conclusion and Closing Remarks,,,,,,,,,Assistant Director thanked participants and noted the deliberations would be reported to management,STAKEHOLDERS-MEETING-MINUTUES-PERSON-WITH-DISABILITIES.pdf,,,,
financial_statements_revenue_cdf,,,,,,,,,,KIT2-BR-2023-089,budget_revenue,,,2023.0,,Revenue,Local taxes/rates - Residential,,,,,,,,,,Budget-Estimates-2023.pdf,,,,
financial_statements_revenue_cdf,,,,,,,,,,KIT2-BR-2023-090,budget_revenue,,,2023.0,,Revenue,Industrial/Commercial,,,,,,,,,,Budget-Estimates-2023.pdf,,,,
financial_statements_revenue_cdf,,,,,,,,,,KIT2-BR-2023-091,budget_revenue,,,2023.0,,Revenue,Mining/Plant,,,,,,,,,,Budget-Estimates-2023.pdf,,,,
financial_statements_revenue_cdf,,,,,,,,,,KIT2-BR-2023-092,budget_revenue,,,2023.0,,Revenue,Personal levy,,,,,,,,,,Budget-Estimates-2023.pdf,,,,
financial_statements_revenue_cdf,,,,,,,,,,KIT2-BR-2023-093,budget_revenue,,,2023.0,,Revenue,Fees and Charges - Consent fees,,,,,,,,,,Budget-Estimates-2023.pdf,,,,
financial_statements_revenue_cdf,,,,,,,,,,KIT2-BR-2023-094,budget_revenue,,,2023.0,,Revenue,Survey fees,,,,,,,,,,Budget-Estimates-2023.pdf,,,,
financial_statements_revenue_cdf,,,,,,,,,,KIT2-BR-2023-095,budget_revenue,,,2023.0,,Revenue,Building inspection-fees,,,,,,,,,,Budget-Estimates-2023.pdf,,,,
financial_statements_revenue_cdf,,,,,,,,,,KIT2-BR-2023-096,budget_revenue,,,2023.0,,Revenue,Plan scrutiny fee,,,,,,,,,,Budget-Estimates-2023.pdf,,,,
financial_statements_revenue_cdf,,,,,,,,,,KIT2-BR-2023-097,budget_revenue,,,2023.0,,Revenue,Change of premise use,,,,,,,,,,Budget-Estimates-2023.pdf,,,,
financial_statements_revenue_cdf,,,,,,,,,,KIT2-BR-2023-098,budget_revenue,,,2023.0,,Revenue,Container/Ntemba fees,,,,,,,,,,Budget-Estimates-2023.pdf,,,,
financial_statements_revenue_cdf,,,,,,,,,,KIT2-BR-2023-099,budget_revenue,,,2023.0,,Revenue,Rentals/lease of Council's properties,,,,,,,,,,Budget-Estimates-2023.pdf,,,,
financial_statements_revenue_cdf,,,,,,,,,,KIT2-BR-2023-100,budget_revenue,,,2023.0,,Revenue,Application forms fees,,,,,,,,,,Budget-Estimates-2023.pdf,,,,
financial_statements_revenue_cdf,,,,,,,,,,KIT2-BR-2023-101,budget_revenue,,,2023.0,,Revenue,Rentals from houses,,,,,,,,,,Budget-Estimates-2023.pdf,,,,
financial_statements_revenue_cdf,,,,,,,,,,KIT2-BR-2023-102,budget_revenue,,,2023.0,,Revenue,Sketch plan,,,,,,,,,,Budget-Estimates-2023.pdf,,,,
financial_statements_revenue_cdf,,,,,,,,,,KIT2-BR-2023-103,budget_revenue,,,2023.0,,Revenue,Search fees,,,,,,,,,,Budget-Estimates-2023.pdf,,,,
financial_statements_revenue_cdf,,,,,,,,,,KIT2-BR-2023-104,budget_revenue,,,2023.0,,Revenue,Market fees,,,,,,,,,,Budget-Estimates-2023.pdf,,,,
financial_statements_revenue_cdf,,,,,,,,,,KIT2-BR-2023-105,budget_revenue,,,2023.0,,Revenue,Parking fees,,,,,,,,,,Budget-Estimates-2023.pdf,,,,
financial_statements_revenue_cdf,,,,,,,,,,KIT2-BR-2023-106,budget_revenue,,,2023.0,,Revenue,Bus station fees,,,,,,,,,,Budget-Estimates-2023.pdf,,,,
financial_statements_revenue_cdf,,,,,,,,,,KIT2-BR-2023-107,budget_revenue,,,2023.0,,Revenue,Hire of halls,,,,,,,,,,Budget-Estimates-2023.pdf,,,,
financial_statements_revenue_cdf,,,,,,,,,,KIT2-BR-2023-108,budget_revenue,,,2023.0,,Revenue,Grave reservation,,,,,,,,,,Budget-Estimates-2023.pdf,,,,
financial_statements_revenue_cdf,,,,,,,,,,KIT2-BR-2023-109,budget_revenue,,,2023.0,,Revenue,Course fees,,,,,,,,,,Budget-Estimates-2023.pdf,,,,
financial_statements_revenue_cdf,,,,,,,,,,KIT2-BR-2023-110,budget_revenue,,,2023.0,,Revenue,Refuse disposal,,,,,,,,,,Budget-Estimates-2023.pdf,,,,
financial_statements_revenue_cdf,,,,,,,,,,KIT2-BR-2023-111,budget_revenue,,,2023.0,,Revenue,Library membership fees,,,,,,,,,,Budget-Estimates-2023.pdf,,,,
financial_statements_revenue_cdf,,,,,,,,,,KIT2-BR-2023-112,budget_revenue,,,2023.0,,Revenue,Notice of marriage fees,,,,,,,,,,Budget-Estimates-2023.pdf,,,,
financial_statements_revenue_cdf,,,,,,,,,,KIT2-BR-2023-113,budget_revenue,,,2023.0,,Revenue,Vendor Fees,,,,,,,,,,Budget-Estimates-2023.pdf,,,,
financial_statements_revenue_cdf,,,,,,,,,,KIT2-BR-2023-114,budget_revenue,,,2023.0,,Revenue,Communication mast levy,,,,,,,,,,Budget-Estimates-2023.pdf,,,,
financial_statements_revenue_cdf,,,,,,,,,,KIT2-BR-2023-115,budget_revenue,,,2023.0,,Revenue,Illegal Parking of vehicles,,,,,,,,,,Budget-Estimates-2023.pdf,,,,
financial_statements_revenue_cdf,,,,,,,,,,KIT2-BR-2023-116,budget_revenue,,,2023.0,,Revenue,Repairs of cars/garage/car wash levies,,,,,,,,,,Budget-Estimates-2023.pdf,,,,
financial_statements_revenue_cdf,,,,,,,,,,KIT2-BR-2023-117,budget_revenue,,,2023.0,,Revenue,Billboards and banners,,,,,,,,,,Budget-Estimates-2023.pdf,,,,
financial_statements_revenue_cdf,,,,,,,,,,KIT2-BR-2023-118,budget_revenue,,,2023.0,,Revenue,Penalties,,,,,,,,,,Budget-Estimates-2023.pdf,,,,
financial_statements_revenue_cdf,,,,,,,,,,KIT2-BR-2023-119,budget_revenue,,,2023.0,,Revenue,Medical fees,,,,,,,,,,Budget-Estimates-2023.pdf,,,,
financial_statements_revenue_cdf,,,,,,,,,,KIT2-BR-2023-120,budget_revenue,,,2023.0,,Revenue,Other fees and charges,,,,,,,,,,Budget-Estimates-2023.pdf,,,,
financial_statements_revenue_cdf,,,,,,,,,,KIT2-BR-2023-121,budget_revenue,,,2023.0,,Revenue,Licenses - Liquor licence,,,,,,,,,,Budget-Estimates-2023.pdf,,,,
financial_statements_revenue_cdf,,,,,,,,,,KIT2-BR-2023-122,budget_revenue,,,2023.0,,Revenue,Firearm and ammunition licence,,,,,,,,,,Budget-Estimates-2023.pdf,,,,
financial_statements_revenue_cdf,,,,,,,,,,KIT2-BR-2023-123,budget_revenue,,,2023.0,,Revenue,Occupancy licence,,,,,,,,,,Budget-Estimates-2023.pdf,,,,
financial_statements_revenue_cdf,,,,,,,,,,KIT2-BR-2023-124,budget_revenue,,,2023.0,,Revenue,Other licences,,,,,,,,,,Budget-Estimates-2023.pdf,,,,
financial_statements_revenue_cdf,,,,,,,,,,KIT2-BR-2023-125,budget_revenue,,,2023.0,,Revenue,Levies - Pole levy,,,,,,,,,,Budget-Estimates-2023.pdf,,,,
financial_statements_revenue_cdf,,,,,,,,,,KIT2-BR-2023-126,budget_revenue,,,2023.0,,Revenue,Quarry levy,,,,,,,,,,Budget-Estimates-2023.pdf,,,,
financial_statements_revenue_cdf,,,,,,,,,,KIT2-BR-2023-127,budget_revenue,,,2023.0,,Revenue,Business Levy,,,,,,,,,,Budget-Estimates-2023.pdf,,,,
financial_statements_revenue_cdf,,,,,,,,,,KIT2-BR-2023-128,budget_revenue,,,2023.0,,Revenue,Permits - Health permits,,,,,,,,,,Budget-Estimates-2023.pdf,,,,
financial_statements_revenue_cdf,,,,,,,,,,KIT2-BR-2023-129,budget_revenue,,,2023.0,,Revenue,Fire certificate,,,,,,,,,,Budget-Estimates-2023.pdf,,,,
financial_statements_revenue_cdf,,,,,,,,,,KIT2-BR-2023-130,budget_revenue,,,2023.0,,Revenue,Extension of business hours permits,,,,,,,,,,Budget-Estimates-2023.pdf,,,,
financial_statements_revenue_cdf,,,,,,,,,,KIT2-BR-2023-131,budget_revenue,,,2023.0,,Revenue,Other permits,,,,,,,,,,Budget-Estimates-2023.pdf,,,,
financial_statements_revenue_cdf,,,,,,,,,,KIT2-BR-2023-132,budget_revenue,,,2023.0,,Revenue,Charges - Service Charges – Residential plots,,,,,,,,,,Budget-Estimates-2023.pdf,,,,
financial_statements_revenue_cdf,,,,,,,,,,KIT2-BR-2023-133,budget_revenue,,,2023.0,,Revenue,Lease Charges,,,,,,,,,,Budget-Estimates-2023.pdf,,,,
financial_statements_revenue_cdf,,,,,,,,,,KIT2-BR-2023-134,budget_revenue,,,2023.0,,Revenue,National Support (Grants) - Special Grants,,,,,,,,,,Budget-Estimates-2023.pdf,,,,
financial_statements_revenue_cdf,,,,,,,,,,KIT2-BR-2023-135,budget_revenue,,,2023.0,,Revenue,Local Development Fund - Constituency Development Fund,,,,,,,,,,Budget-Estimates-2023.pdf,,,,
financial_statements_revenue_cdf,,,,,,,,,,KIT2-BE-2022-136,budget_expenditure,,,2022.0,,Expenditure,Constituency Development,,,,,,,,,,Budget-Estimates-2023.pdf,,,,
financial_statements_revenue_cdf,,,,,,,,,,KIT2-BE-2022-137,budget_expenditure,,,2022.0,,Expenditure,Community Based Projects,,,,,,,,,,Budget-Estimates-2023.pdf,,,,
financial_statements_revenue_cdf,,,,,,,,,,KIT2-BE-2022-138,budget_expenditure,,,2022.0,,Expenditure,Youth Empowerment,,,,,,,,,,Budget-Estimates-2023.pdf,,,,
financial_statements_revenue_cdf,,,,,,,,,,KIT2-BE-2022-139,budget_expenditure,,,2022.0,,Expenditure,Women Empowerment,,,,,,,,,,Budget-Estimates-2023.pdf,,,,
financial_statements_revenue_cdf,,,,,,,,,,KIT2-BE-2022-140,budget_expenditure,,,2022.0,,Expenditure,Secondary School Boarding and Skills Development Bursaries,,,,,,,,,,Budget-Estimates-2023.pdf,,,,
financial_statements_revenue_cdf,,,,,,,,,,KIT2-BE-2022-141,budget_expenditure,,,2022.0,,Expenditure,Local Governance,,,,,,,,,,Budget-Estimates-2023.pdf,,,,
financial_statements_revenue_cdf,,,,,,,,,,KIT2-BE-2022-142,budget_expenditure,,,2022.0,,Expenditure,Local elections,,,,,,,,,,Budget-Estimates-2023.pdf,,,,
financial_statements_revenue_cdf,,,,,,,,,,KIT2-BE-2022-143,budget_expenditure,,,2022.0,,Expenditure,Legislative Function,,,,,,,,,,Budget-Estimates-2023.pdf,,,,
financial_statements_revenue_cdf,,,,,,,,,,KIT2-BE-2022-144,budget_expenditure,,,2022.0,,Expenditure,Citizen Engagement,,,,,,,,,,Budget-Estimates-2023.pdf,,,,
financial_statements_revenue_cdf,,,,,,,,,,KIT2-BE-2022-145,budget_expenditure,,,2022.0,,Expenditure,Integrated Development Planning,,,,,,,,,,Budget-Estimates-2023.pdf,,,,
financial_statements_revenue_cdf,,,,,,,,,,KIT2-BE-2022-146,budget_expenditure,,,2022.0,,Expenditure,Environmental planning,,,,,,,,,,Budget-Estimates-2023.pdf,,,,
financial_statements_revenue_cdf,,,,,,,,,,KIT2-BE-2022-147,budget_expenditure,,,2022.0,,Expenditure,Spatial Planning,,,,,,,,,,Budget-Estimates-2023.pdf,,,,
financial_statements_revenue_cdf,,,,,,,,,,KIT2-BE-2022-148,budget_expenditure,,,2022.0,,Expenditure,Socio Economic planning,,,,,,,,,,Budget-Estimates-2023.pdf,,,,
financial_statements_revenue_cdf,,,,,,,,,,KIT2-BE-2022-149,budget_expenditure,,,2022.0,,Expenditure,Public health and Environmental protection,,,,,,,,,,Budget-Estimates-2023.pdf,,,,
financial_statements_revenue_cdf,,,,,,,,,,KIT2-BE-2022-150,budget_expenditure,,,2022.0,,Expenditure,Cemetery and funeral services,,,,,,,,,,Budget-Estimates-2023.pdf,,,,
financial_statements_revenue_cdf,,,,,,,,,,KIT2-BE-2022-151,budget_expenditure,,,2022.0,,Expenditure,Health Inspections,,,,,,,,,,Budget-Estimates-2023.pdf,,,,
financial_statements_revenue_cdf,,,,,,,,,,KIT2-BE-2022-152,budget_expenditure,,,2022.0,,Expenditure,Pest control,,,,,,,,,,Budget-Estimates-2023.pdf,,,,
financial_statements_revenue_cdf,,,,,,,,,,KIT2-BE-2022-153,budget_expenditure,,,2022.0,,Expenditure,Pollution control,,,,,,,,,,Budget-Estimates-2023.pdf,,,,
financial_statements_revenue_cdf,,,,,,,,,,KIT2-BE-2022-154,budget_expenditure,,,2022.0,,Expenditure,Solid Waste Management,,,,,,,,,,Budget-Estimates-2023.pdf,,,,
financial_statements_revenue_cdf,,,,,,,,,,KIT2-BE-2022-155,budget_expenditure,,,2022.0,,Expenditure,Water supply and Sanitation Services,,,,,,,,,,Budget-Estimates-2023.pdf,,,,
financial_statements_revenue_cdf,,,,,,,,,,KIT2-BE-2022-156,budget_expenditure,,,2022.0,,Expenditure,Housing and Community Amenities,,,,,,,,,,Budget-Estimates-2023.pdf,,,,
financial_statements_revenue_cdf,,,,,,,,,,KIT2-BE-2022-157,budget_expenditure,,,2022.0,,Expenditure,Parks and Gardens,,,,,,,,,,Budget-Estimates-2023.pdf,,,,
financial_statements_revenue_cdf,,,,,,,,,,KIT2-BE-2022-158,budget_expenditure,,,2022.0,,Expenditure,Markets and Bus Stations,,,,,,,,,,Budget-Estimates-2023.pdf,,,,
financial_statements_revenue_cdf,,,,,,,,,,KIT2-BE-2022-159,budget_expenditure,,,2022.0,,Expenditure,Community Centres,,,,,,,,,,Budget-Estimates-2023.pdf,,,,
financial_statements_revenue_cdf,,,,,,,,,,KIT2-BE-2022-160,budget_expenditure,,,2022.0,,Expenditure,Public Housing,,,,,,,,,,Budget-Estimates-2023.pdf,,,,
financial_statements_revenue_cdf,,,,,,,,,,KIT2-BE-2022-161,budget_expenditure,,,2022.0,,Expenditure,Roads and Drainages,,,,,,,,,,Budget-Estimates-2023.pdf,,,,
financial_statements_revenue_cdf,,,,,,,,,,KIT2-BE-2022-162,budget_expenditure,,,2022.0,,Expenditure,Street Lighting,,,,,,,,,,Budget-Estimates-2023.pdf,,,,
financial_statements_revenue_cdf,,,,,,,,,,KIT2-BE-2022-163,budget_expenditure,,,2022.0,,Expenditure,Recreation Culture and Religion,,,,,,,,,,Budget-Estimates-2023.pdf,,,,
financial_statements_revenue_cdf,,,,,,,,,,KIT2-BE-2022-164,budget_expenditure,,,2022.0,,Expenditure,Registration of Marriages,,,,,,,,,,Budget-Estimates-2023.pdf,,,,
financial_statements_revenue_cdf,,,,,,,,,,KIT2-BE-2022-165,budget_expenditure,,,2022.0,,Expenditure,Library Services,,,,,,,,,,Budget-Estimates-2023.pdf,,,,
financial_statements_revenue_cdf,,,,,,,,,,KIT2-BE-2022-166,budget_expenditure,,,2022.0,,Expenditure,Sports Promotion,,,,,,,,,,Budget-Estimates-2023.pdf,,,,
financial_statements_revenue_cdf,,,,,,,,,,KIT2-BE-2022-167,budget_expenditure,,,2022.0,,Expenditure,Education and skills development,,,,,,,,,,Budget-Estimates-2023.pdf,,,,
financial_statements_revenue_cdf,,,,,,,,,,KIT2-BE-2022-168,budget_expenditure,,,2022.0,,Expenditure,Early Childhood Education,,,,,,,,,,Budget-Estimates-2023.pdf,,,,
financial_statements_revenue_cdf,,,,,,,,,,KIT2-BE-2022-169,budget_expenditure,,,2022.0,,Expenditure,Adult Literacy,,,,,,,,,,Budget-Estimates-2023.pdf,,,,
financial_statements_revenue_cdf,,,,,,,,,,KIT2-BE-2022-170,budget_expenditure,,,2022.0,,Expenditure,Public order and safety,,,,,,,,,,Budget-Estimates-2023.pdf,,,,
financial_statements_revenue_cdf,,,,,,,,,,KIT2-BE-2022-171,budget_expenditure,,,2022.0,,Expenditure,Building regulation,,,,,,,,,,Budget-Estimates-2023.pdf,,,,
financial_statements_revenue_cdf,,,,,,,,,,KIT2-BE-2022-172,budget_expenditure,,,2022.0,,Expenditure,Community policing,,,,,,,,,,Budget-Estimates-2023.pdf,,,,
financial_statements_revenue_cdf,,,,,,,,,,KIT2-BE-2022-173,budget_expenditure,,,2022.0,,Expenditure,Fire protection services,,,,,,,,,,Budget-Estimates-2023.pdf,,,,
financial_statements_revenue_cdf,,,,,,,,,,KIT2-BE-2022-174,budget_expenditure,,,2022.0,,Expenditure,Management and support Services,,,,,,,,,,Budget-Estimates-2023.pdf,,,,
financial_statements_revenue_cdf,,,,,,,,,,KIT2-BE-2022-175,budget_expenditure,,,2022.0,,Expenditure,Executive management,,,,,,,,,,Budget-Estimates-2023.pdf,,,,
financial_statements_revenue_cdf,,,,,,,,,,KIT2-BE-2022-176,budget_expenditure,,,2022.0,,Expenditure,Public Relations,,,,,,,,,,Budget-Estimates-2023.pdf,,,,
financial_statements_revenue_cdf,,,,,,,,,,KIT2-BE-2022-177,budget_expenditure,,,2022.0,,Expenditure,Human Resource management and administration,,,,,,,,,,Budget-Estimates-2023.pdf,,,,
financial_statements_revenue_cdf,,,,,,,,,,KIT2-BE-2022-178,budget_expenditure,,,2022.0,,Expenditure,Procurement,,,,,,,,,,Budget-Estimates-2023.pdf,,,,
financial_statements_revenue_cdf,,,,,,,,,,KIT2-BE-2022-179,budget_expenditure,,,2022.0,,Expenditure,ICT,,,,,,,,,,Budget-Estimates-2023.pdf,,,,
financial_statements_revenue_cdf,,,,,,,,,,KIT2-BE-2022-180,budget_expenditure,,,2022.0,,Expenditure,Auditing,,,,,,,,,,Budget-Estimates-2023.pdf,,,,
financial_statements_revenue_cdf,,,,,,,,,,KIT2-BE-2022-181,budget_expenditure,,,2022.0,,Expenditure,Accounting,,,,,,,,,,Budget-Estimates-2023.pdf,,,,
financial_statements_revenue_cdf,,,,,,,,,,KIT2-BE-2022-182,budget_expenditure,,,2022.0,,Expenditure,Legal Services,,,,,,,,,,Budget-Estimates-2023.pdf,,,,
financial_statements_revenue_cdf,,,,,,,,,,KIT2-BE-2022-183,budget_expenditure,,,2022.0,,Expenditure,Resource Mobilisation and Management,,,,,,,,,,Budget-Estimates-2023.pdf,,,,
financial_statements_revenue_cdf,,,,,,,,,,KIT2-BE-2022-184,budget_expenditure,,,2022.0,,Expenditure,Revenue Mobilisation,,,,,,,,,,Budget-Estimates-2023.pdf,,,,
financial_statements_revenue_cdf,,,,,,,,,,KIT2-BR-2026-185,budget_revenue,,,2026.0,,Revenue,Occupancy licence,,,,,,,,,,2026-budget-Kitwe-City-Council-amended-Final.pdf,,,,
financial_statements_revenue_cdf,,,,,,,,,,KIT2-BR-2026-186,budget_revenue,,,2026.0,,Revenue,Liquor licence,,,,,,,,,,2026-budget-Kitwe-City-Council-amended-Final.pdf,,,,
financial_statements_revenue_cdf,,,,,,,,,,KIT2-BR-2026-187,budget_revenue,,,2026.0,,Revenue,Firearm and ammunition licence,,,,,,,,,,2026-budget-Kitwe-City-Council-amended-Final.pdf,,,,
financial_statements_revenue_cdf,,,,,,,,,,KIT2-BR-2026-188,budget_revenue,,,2026.0,,Revenue,Petroleum Storage licence,,,,,,,,,,2026-budget-Kitwe-City-Council-amended-Final.pdf,,,,
financial_statements_revenue_cdf,,,,,,,,,,KIT2-BR-2026-189,budget_revenue,,,2026.0,,Revenue,Dog licence,,,,,,,,,,2026-budget-Kitwe-City-Council-amended-Final.pdf,,,,
financial_statements_revenue_cdf,,,,,,,,,,KIT2-BR-2026-190,budget_revenue,,,2026.0,,Revenue,Other Licences,,,,,,,,,,2026-budget-Kitwe-City-Council-amended-Final.pdf,,,,
financial_statements_revenue_cdf,,,,,,,,,,KIT2-BR-2026-191,budget_revenue,,,2026.0,,Revenue,Livestock Movement levy,,,,,,,,,,2026-budget-Kitwe-City-Council-amended-Final.pdf,,,,
financial_statements_revenue_cdf,,,,,,,,,,KIT2-BR-2026-192,budget_revenue,,,2026.0,,Revenue,Pole levy,,,,,,,,,,2026-budget-Kitwe-City-Council-amended-Final.pdf,,,,
financial_statements_revenue_cdf,,,,,,,,,,KIT2-BR-2026-193,budget_revenue,,,2026.0,,Revenue,Charcoal levy,,,,,,,,,,2026-budget-Kitwe-City-Council-amended-Final.pdf,,,,
financial_statements_revenue_cdf,,,,,,,,,,KIT2-BR-2026-194,budget_revenue,,,2026.0,,Revenue,Quarry levy,,,,,,,,,,2026-budget-Kitwe-City-Council-amended-Final.pdf,,,,
financial_statements_revenue_cdf,,,,,,,,,,KIT2-BR-2026-195,budget_revenue,,,2026.0,,Revenue,Telecommunication Mast,,,,,,,,,,2026-budget-Kitwe-City-Council-amended-Final.pdf,,,,
financial_statements_revenue_cdf,,,,,,,,,,KIT2-BR-2026-196,budget_revenue,,,2026.0,,Revenue,Trading (Wholesale) Business Levy,,,,,,,,,,2026-budget-Kitwe-City-Council-amended-Final.pdf,,,,
financial_statements_revenue_cdf,,,,,,,,,,KIT2-BR-2026-197,budget_revenue,,,2026.0,,Revenue,Trading (Retail) Consumable groceries business,,,,,,,,,,2026-budget-Kitwe-City-Council-amended-Final.pdf,,,,
financial_statements_revenue_cdf,,,,,,,,,,KIT2-BR-2026-198,budget_revenue,,,2026.0,,Revenue,Retail Merchants non- consumable business,,,,,,,,,,2026-budget-Kitwe-City-Council-amended-Final.pdf,,,,
financial_statements_revenue_cdf,,,,,,,,,,KIT2-BR-2026-199,budget_revenue,,,2026.0,,Revenue,Trading (Retail) chain stores and supermarkets,,,,,,,,,,2026-budget-Kitwe-City-Council-amended-Final.pdf,,,,
financial_statements_revenue_cdf,,,,,,,,,,KIT2-BR-2026-200,budget_revenue,,,2026.0,,Revenue,Manufacturing,,,,,,,,,,2026-budget-Kitwe-City-Council-amended-Final.pdf,,,,
financial_statements_revenue_cdf,,,,,,,,,,KIT2-BR-2026-201,budget_revenue,,,2026.0,,Revenue,Trading (Retail) Automobiles,,,,,,,,,,2026-budget-Kitwe-City-Council-amended-Final.pdf,,,,
financial_statements_revenue_cdf,,,,,,,,,,KIT2-BR-2026-202,budget_revenue,,,2026.0,,Revenue,Theatre's and cinematography,,,,,,,,,,2026-budget-Kitwe-City-Council-amended-Final.pdf,,,,
financial_statements_revenue_cdf,,,,,,,,,,KIT2-BR-2026-203,budget_revenue,,,2026.0,,Revenue,Filling Station,,,,,,,,,,2026-budget-Kitwe-City-Council-amended-Final.pdf,,,,
financial_statements_revenue_cdf,,,,,,,,,,KIT2-BR-2026-204,budget_revenue,,,2026.0,,Revenue,Professional Occupation,,,,,,,,,,2026-budget-Kitwe-City-Council-amended-Final.pdf,,,,
financial_statements_revenue_cdf,,,,,,,,,,KIT2-BR-2026-205,budget_revenue,,,2026.0,,Revenue,Car Wash,,,,,,,,,,2026-budget-Kitwe-City-Council-amended-Final.pdf,,,,
financial_statements_revenue_cdf,,,,,,,,,,KIT2-BR-2026-206,budget_revenue,,,2026.0,,Revenue,Hospitality,,,,,,,,,,2026-budget-Kitwe-City-Council-amended-Final.pdf,,,,
financial_statements_revenue_cdf,,,,,,,,,,KIT2-BR-2026-207,budget_revenue,,,2026.0,,Revenue,Commercial Banks,,,,,,,,,,2026-budget-Kitwe-City-Council-amended-Final.pdf,,,,
financial_statements_revenue_cdf,,,,,,,,,,KIT2-BR-2026-208,budget_revenue,,,2026.0,,Revenue,Micro-Finance and Money- Lenders,,,,,,,,,,2026-budget-Kitwe-City-Council-amended-Final.pdf,,,,
financial_statements_revenue_cdf,,,,,,,,,,KIT2-BR-2026-209,budget_revenue,,,2026.0,,Revenue,Health permits,,,,,,,,,,2026-budget-Kitwe-City-Council-amended-Final.pdf,,,,
financial_statements_revenue_cdf,,,,,,,,,,KIT2-BR-2026-210,budget_revenue,,,2026.0,,Revenue,Burial permits and grave sites,,,,,,,,,,2026-budget-Kitwe-City-Council-amended-Final.pdf,,,,
financial_statements_revenue_cdf,,,,,,,,,,KIT2-BR-2026-211,budget_revenue,,,2026.0,,Revenue,Fire certificate,,,,,,,,,,2026-budget-Kitwe-City-Council-amended-Final.pdf,,,,
financial_statements_revenue_cdf,,,,,,,,,,KIT2-BR-2026-212,budget_revenue,,,2026.0,,Revenue,Extension of Business hours permits,,,,,,,,,,2026-budget-Kitwe-City-Council-amended-Final.pdf,,,,
financial_statements_revenue_cdf,,,,,,,,,,KIT2-BR-2026-213,budget_revenue,,,2026.0,,Revenue,Service Charges Residential plots,,,,,,,,,,2026-budget-Kitwe-City-Council-amended-Final.pdf,,,,
financial_statements_revenue_cdf,,,,,,,,,,KIT2-BR-2026-214,budget_revenue,,,2026.0,,Revenue,Lease Charges,,,,,,,,,,2026-budget-Kitwe-City-Council-amended-Final.pdf,,,,
financial_statements_revenue_cdf,,,,,,,,,,KIT2-BR-2026-215,budget_revenue,,,2026.0,,Revenue,Land Application Charges,,,,,,,,,,2026-budget-Kitwe-City-Council-amended-Final.pdf,,,,
financial_statements_revenue_cdf,,,,,,,,,,KIT2-BR-2026-216,budget_revenue,,,2026.0,,Revenue,,,,,,,,,,,2026-budget-Kitwe-City-Council-amended-Final.pdf,,,,
financial_statements_revenue_cdf,,,,,,,,,,KIT2-BR-2026-217,budget_revenue,,,2026.0,,Revenue,Donations,,,,,,,,,,2026-budget-Kitwe-City-Council-amended-Final.pdf,,,,
financial_statements_revenue_cdf,,,,,,,,,,KIT2-BR-2026-218,budget_revenue,,,2026.0,,Revenue,Other Income,,,,,,,,,,2026-budget-Kitwe-City-Council-amended-Final.pdf,,,,
financial_statements_revenue_cdf,,,,,,,,,,KIT2-BR-2026-219,budget_revenue,,,2026.0,,Revenue,Constituency Development Fund,,,,,,,,,,2026-budget-Kitwe-City-Council-amended-Final.pdf,,,,
financial_statements_revenue_cdf,,,,,,,,,,KIT2-BR-2026-220,budget_revenue,,,2026.0,,Revenue,Roads Grant,,,,,,,,,,2026-budget-Kitwe-City-Council-amended-Final.pdf,,,,
financial_statements_revenue_cdf,,,,,,,,,,KIT2-BR-2026-221,budget_revenue,,,2026.0,,Revenue,Health Grant,,,,,,,,,,2026-budget-Kitwe-City-Council-amended-Final.pdf,,,,
financial_statements_revenue_cdf,,,,,,,,,,KIT2-BR-2026-222,budget_revenue,,,2026.0,,Revenue,Local Government Equalisation Fund,,,,,,,,,,2026-budget-Kitwe-City-Council-amended-Final.pdf,,,,
financial_statements_revenue_cdf,,,,,,,,,,KIT2-BR-2026-223,budget_revenue,,,2026.0,,Revenue,Other Grants,,,,,,,,,,2026-budget-Kitwe-City-Council-amended-Final.pdf,,,,
financial_statements_revenue_cdf,,,,,,,,,,KIT2-BE-2024-224,budget_expenditure,,,2024.0,,Expenditure,Constituency Development,,,,,,,,,,2026-budget-Kitwe-City-Council-amended-Final.pdf,,,,
financial_statements_revenue_cdf,,,,,,,,,,KIT2-BE-2024-225,budget_expenditure,,,2024.0,,Expenditure,Community Projects,,,,,,,,,,2026-budget-Kitwe-City-Council-amended-Final.pdf,,,,
financial_statements_revenue_cdf,,,,,,,,,,KIT2-BE-2024-226,budget_expenditure,,,2024.0,,Expenditure,Women and Youth Empowerment,,,,,,,,,,2026-budget-Kitwe-City-Council-amended-Final.pdf,,,,
financial_statements_revenue_cdf,,,,,,,,,,KIT2-BE-2024-227,budget_expenditure,,,2024.0,,Expenditure,CDF Administration,,,,,,,,,,2026-budget-Kitwe-City-Council-amended-Final.pdf,,,,
financial_statements_revenue_cdf,,,,,,,,,,KIT2-BE-2024-228,budget_expenditure,,,2024.0,,Expenditure,Secondary School and Skills Development Bursaries,,,,,,,,,,2026-budget-Kitwe-City-Council-amended-Final.pdf,,,,
financial_statements_revenue_cdf,,,,,,,,,,KIT2-BE-2024-229,budget_expenditure,,,2024.0,,Expenditure,Local Governance,,,,,,,,,,2026-budget-Kitwe-City-Council-amended-Final.pdf,,,,
financial_statements_revenue_cdf,,,,,,,,,,KIT2-BE-2024-230,budget_expenditure,,,2024.0,,Expenditure,Local elections,,,,,,,,,,2026-budget-Kitwe-City-Council-amended-Final.pdf,,,,
financial_statements_revenue_cdf,,,,,,,,,,KIT2-BE-2024-231,budget_expenditure,,,2024.0,,Expenditure,Legislative Function,,,,,,,,,,2026-budget-Kitwe-City-Council-amended-Final.pdf,,,,
financial_statements_revenue_cdf,,,,,,,,,,KIT2-BE-2024-232,budget_expenditure,,,2024.0,,Expenditure,Citizen Engagement,,,,,,,,,,2026-budget-Kitwe-City-Council-amended-Final.pdf,,,,
financial_statements_revenue_cdf,,,,,,,,,,KIT2-BE-2024-233,budget_expenditure,,,2024.0,,Expenditure,Integrated Development Planning,,,,,,,,,,2026-budget-Kitwe-City-Council-amended-Final.pdf,,,,
financial_statements_revenue_cdf,,,,,,,,,,KIT2-BE-2024-234,budget_expenditure,,,2024.0,,Expenditure,Environmental planning,,,,,,,,,,2026-budget-Kitwe-City-Council-amended-Final.pdf,,,,
financial_statements_revenue_cdf,,,,,,,,,,KIT2-BE-2024-235,budget_expenditure,,,2024.0,,Expenditure,Spatial Planning,,,,,,,,,,2026-budget-Kitwe-City-Council-amended-Final.pdf,,,,
financial_statements_revenue_cdf,,,,,,,,,,KIT2-BE-2024-236,budget_expenditure,,,2024.0,,Expenditure,Socio Economic planning,,,,,,,,,,2026-budget-Kitwe-City-Council-amended-Final.pdf,,,,
financial_statements_revenue_cdf,,,,,,,,,,KIT2-BE-2024-237,budget_expenditure,,,2024.0,,Expenditure,Public health and Environmental protection,,,,,,,,,,2026-budget-Kitwe-City-Council-amended-Final.pdf,,,,
financial_statements_revenue_cdf,,,,,,,,,,KIT2-BE-2024-238,budget_expenditure,,,2024.0,,Expenditure,Cemetery and funeral services,,,,,,,,,,2026-budget-Kitwe-City-Council-amended-Final.pdf,,,,
financial_statements_revenue_cdf,,,,,,,,,,KIT2-BE-2024-239,budget_expenditure,,,2024.0,,Expenditure,Health Inspections,,,,,,,,,,2026-budget-Kitwe-City-Council-amended-Final.pdf,,,,
financial_statements_revenue_cdf,,,,,,,,,,KIT2-BE-2024-240,budget_expenditure,,,2024.0,,Expenditure,Pest control,,,,,,,,,,2026-budget-Kitwe-City-Council-amended-Final.pdf,,,,
financial_statements_revenue_cdf,,,,,,,,,,KIT2-BE-2024-241,budget_expenditure,,,2024.0,,Expenditure,Pollution control,,,,,,,,,,2026-budget-Kitwe-City-Council-amended-Final.pdf,,,,
financial_statements_revenue_cdf,,,,,,,,,,KIT2-BE-2024-242,budget_expenditure,,,2024.0,,Expenditure,Solid Waste Management,,,,,,,,,,2026-budget-Kitwe-City-Council-amended-Final.pdf,,,,
financial_statements_revenue_cdf,,,,,,,,,,KIT2-BE-2024-243,budget_expenditure,,,2024.0,,Expenditure,Stormy water management,,,,,,,,,,2026-budget-Kitwe-City-Council-amended-Final.pdf,,,,
financial_statements_revenue_cdf,,,,,,,,,,KIT2-BE-2024-244,budget_expenditure,,,2024.0,,Expenditure,Housing and Community Amenities,,,,,,,,,,2026-budget-Kitwe-City-Council-amended-Final.pdf,,,,
financial_statements_revenue_cdf,,,,,,,,,,KIT2-BE-2024-245,budget_expenditure,,,2024.0,,Expenditure,Parks and Gardens,,,,,,,,,,2026-budget-Kitwe-City-Council-amended-Final.pdf,,,,
financial_statements_revenue_cdf,,,,,,,,,,KIT2-BE-2024-246,budget_expenditure,,,2024.0,,Expenditure,Markets and Bus Stations,,,,,,,,,,2026-budget-Kitwe-City-Council-amended-Final.pdf,,,,
financial_statements_revenue_cdf,,,,,,,,,,KIT2-BE-2024-247,budget_expenditure,,,2024.0,,Expenditure,Community Centres,,,,,,,,,,2026-budget-Kitwe-City-Council-amended-Final.pdf,,,,
financial_statements_revenue_cdf,,,,,,,,,,KIT2-BE-2024-248,budget_expenditure,,,2024.0,,Expenditure,Public Housing,,,,,,,,,,2026-budget-Kitwe-City-Council-amended-Final.pdf,,,,
financial_statements_revenue_cdf,,,,,,,,,,KIT2-BE-2024-249,budget_expenditure,,,2024.0,,Expenditure,Roads and Drainages,,,,,,,,,,2026-budget-Kitwe-City-Council-amended-Final.pdf,,,,
financial_statements_revenue_cdf,,,,,,,,,,KIT2-BE-2024-250,budget_expenditure,,,2024.0,,Expenditure,Street Lighting,,,,,,,,,,2026-budget-Kitwe-City-Council-amended-Final.pdf,,,,
financial_statements_revenue_cdf,,,,,,,,,,KIT2-BE-2024-251,budget_expenditure,,,2024.0,,Expenditure,Recreation Culture and Religion,,,,,,,,,,2026-budget-Kitwe-City-Council-amended-Final.pdf,,,,
financial_statements_revenue_cdf,,,,,,,,,,KIT2-BE-2024-252,budget_expenditure,,,2024.0,,Expenditure,Cultural Affairs,,,,,,,,,,2026-budget-Kitwe-City-Council-amended-Final.pdf,,,,
financial_statements_revenue_cdf,,,,,,,,,,KIT2-BE-2024-253,budget_expenditure,,,2024.0,,Expenditure,Registration of Marriages,,,,,,,,,,2026-budget-Kitwe-City-Council-amended-Final.pdf,,,,
financial_statements_revenue_cdf,,,,,,,,,,KIT2-BE-2024-254,budget_expenditure,,,2024.0,,Expenditure,Sports Promotion,,,,,,,,,,2026-budget-Kitwe-City-Council-amended-Final.pdf,,,,
financial_statements_revenue_cdf,,,,,,,,,,KIT2-BE-2024-255,budget_expenditure,,,2024.0,,Expenditure,Education and skills development,,,,,,,,,,2026-budget-Kitwe-City-Council-amended-Final.pdf,,,,
financial_statements_revenue_cdf,,,,,,,,,,KIT2-BE-2024-256,budget_expenditure,,,2024.0,,Expenditure,District archives,,,,,,,,,,2026-budget-Kitwe-City-Council-amended-Final.pdf,,,,
financial_statements_revenue_cdf,,,,,,,,,,KIT2-BE-2024-257,budget_expenditure,,,2024.0,,Expenditure,Early Childhood Education,,,,,,,,,,2026-budget-Kitwe-City-Council-amended-Final.pdf,,,,
financial_statements_revenue_cdf,,,,,,,,,,KIT2-BE-2024-258,budget_expenditure,,,2024.0,,Expenditure,Adult Literacy,,,,,,,,,,2026-budget-Kitwe-City-Council-amended-Final.pdf,,,,
financial_statements_revenue_cdf,,,,,,,,,,KIT2-BE-2024-259,budget_expenditure,,,2024.0,,Expenditure,Library Services,,,,,,,,,,2026-budget-Kitwe-City-Council-amended-Final.pdf,,,,
financial_statements_revenue_cdf,,,,,,,,,,KIT2-BE-2024-260,budget_expenditure,,,2024.0,,Expenditure,Public order and safety,,,,,,,,,,2026-budget-Kitwe-City-Council-amended-Final.pdf,,,,
financial_statements_revenue_cdf,,,,,,,,,,KIT2-BE-2024-261,budget_expenditure,,,2024.0,,Expenditure,Building regulation,,,,,,,,,,2026-budget-Kitwe-City-Council-amended-Final.pdf,,,,
financial_statements_revenue_cdf,,,,,,,,,,KIT2-BE-2024-262,budget_expenditure,,,2024.0,,Expenditure,Community policing,,,,,,,,,,2026-budget-Kitwe-City-Council-amended-Final.pdf,,,,
financial_statements_revenue_cdf,,,,,,,,,,KIT2-BE-2024-263,budget_expenditure,,,2024.0,,Expenditure,Fire protection services,,,,,,,,,,2026-budget-Kitwe-City-Council-amended-Final.pdf,,,,
financial_statements_revenue_cdf,,,,,,,,,,KIT2-BE-2024-264,budget_expenditure,,,2024.0,,Expenditure,Management and support Services,,,,,,,,,,2026-budget-Kitwe-City-Council-amended-Final.pdf,,,,
financial_statements_revenue_cdf,,,,,,,,,,KIT2-BE-2024-265,budget_expenditure,,,2024.0,,Expenditure,Executive management,,,,,,,,,,2026-budget-Kitwe-City-Council-amended-Final.pdf,,,,
financial_statements_revenue_cdf,,,,,,,,,,KIT2-BE-2024-266,budget_expenditure,,,2024.0,,Expenditure,Human Resource and Administration,,,,,,,,,,2026-budget-Kitwe-City-Council-amended-Final.pdf,,,,
financial_statements_revenue_cdf,,,,,,,,,,KIT2-BE-2024-267,budget_expenditure,,,2024.0,,Expenditure,Public Relations,,,,,,,,,,2026-budget-Kitwe-City-Council-amended-Final.pdf,,,,
financial_statements_revenue_cdf,,,,,,,,,,KIT2-BE-2024-268,budget_expenditure,,,2024.0,,Expenditure,Procurement,,,,,,,,,,2026-budget-Kitwe-City-Council-amended-Final.pdf,,,,
financial_statements_revenue_cdf,,,,,,,,,,KIT2-BE-2024-269,budget_expenditure,,,2024.0,,Expenditure,ICT,,,,,,,,,,2026-budget-Kitwe-City-Council-amended-Final.pdf,,,,
financial_statements_revenue_cdf,,,,,,,,,,KIT2-BE-2024-270,budget_expenditure,,,2024.0,,Expenditure,Auditing Management,,,,,,,,,,2026-budget-Kitwe-City-Council-amended-Final.pdf,,,,
financial_statements_revenue_cdf,,,,,,,,,,KIT2-BE-2024-271,budget_expenditure,,,2024.0,,Expenditure,Accounting Management,,,,,,,,,,2026-budget-Kitwe-City-Council-amended-Final.pdf,,,,
financial_statements_revenue_cdf,,,,,,,,,,KIT2-BE-2024-272,budget_expenditure,,,2024.0,,Expenditure,Legal Services,,,,,,,,,,2026-budget-Kitwe-City-Council-amended-Final.pdf,,,,
financial_statements_revenue_cdf,,,,,,,,,,KIT2-BE-2024-273,budget_expenditure,,,2024.0,,Expenditure,Resource Mobilisation and Management,,,,,,,,,,2026-budget-Kitwe-City-Council-amended-Final.pdf,,,,
financial_statements_revenue_cdf,,,,,,,,,,KIT2-BE-2024-274,budget_expenditure,,,2024.0,,Expenditure,Revenue Mobilisation and Enhancement,,,,,,,,,,2026-budget-Kitwe-City-Council-amended-Final.pdf,,,,
financial_statements_revenue_cdf,,,,,,,,,,KIT2-BE-2024-275,budget_expenditure,,,2024.0,,Expenditure,District Health services,,,,,,,,,,2026-budget-Kitwe-City-Council-amended-Final.pdf,,,,
financial_statements_revenue_cdf,,,,,,,,,,KIT2-BE-2024-276,budget_expenditure,,,2024.0,,Expenditure,Primary Health Services,,,,,,,,,,2026-budget-Kitwe-City-Council-amended-Final.pdf,,,,
financial_statements_revenue_cdf,,,,,,,,,,KIT2-BE-2024-277,budget_expenditure,,,2024.0,,Expenditure,District Health Coordination,,,,,,,,,,2026-budget-Kitwe-City-Council-amended-Final.pdf,,,,
financial_statements_revenue_cdf,,,,,,,,,,KIT2-BE-2024-278,budget_expenditure,,,2024.0,,Expenditure,Hospital Services,,,,,,,,,,2026-budget-Kitwe-City-Council-amended-Final.pdf,,,,
financial_statements_revenue_cdf,,,,,,,,,,KIT2-BE-2024-279,budget_expenditure,,,2024.0,,Expenditure,Transport Services,,,,,,,,,,2026-budget-Kitwe-City-Council-amended-Final.pdf,,,,
financial_statements_revenue_cdf,,,,,,,,,,KIT2-BE-2024-280,budget_expenditure,,,2024.0,,Expenditure,Road Transport,,,,,,,,,,2026-budget-Kitwe-City-Council-amended-Final.pdf,,,,
financial_statements_revenue_cdf,,,,,,,,,,KIT2-BE-2024-281,budget_expenditure,,,2024.0,,Expenditure,Agricultural Services,,,,,,,,,,2026-budget-Kitwe-City-Council-amended-Final.pdf,,,,
financial_statements_revenue_cdf,,,,,,,,,,KIT2-BE-2024-282,budget_expenditure,,,2024.0,,Expenditure,Agricultural Crop production Advisory and Technical Services,,,,,,,,,,2026-budget-Kitwe-City-Council-amended-Final.pdf,,,,
financial_statements_revenue_cdf,,,,,,,,,,KIT2-BE-2024-283,budget_expenditure,,,2024.0,,Expenditure,Agribusiness Development and Marketing,,,,,,,,,,2026-budget-Kitwe-City-Council-amended-Final.pdf,,,,
financial_statements_revenue_cdf,,,,,,,,,,KIT2-BE-2024-284,budget_expenditure,,,2024.0,,Expenditure,Agriculture Co- ordination,,,,,,,,,,2026-budget-Kitwe-City-Council-amended-Final.pdf,,,,
financial_statements_revenue_cdf,,,,,,,,,,KIT2-BE-2024-285,budget_expenditure,,,2024.0,,Expenditure,Fisheries and Livestock,,,,,,,,,,2026-budget-Kitwe-City-Council-amended-Final.pdf,,,,
financial_statements_revenue_cdf,,,,,,,,,,KIT2-BE-2024-286,budget_expenditure,,,2024.0,,Expenditure,Fisheries and Livestock Marketing,,,,,,,,,,2026-budget-Kitwe-City-Council-amended-Final.pdf,,,,
financial_statements_revenue_cdf,,,,,,,,,,KIT2-BE-2024-287,budget_expenditure,,,2024.0,,Expenditure,Animal Health Services,,,,,,,,,,2026-budget-Kitwe-City-Council-amended-Final.pdf,,,,
financial_statements_revenue_cdf,,,,,,,,,,KIT2-BE-2024-288,budget_expenditure,,,2024.0,,Expenditure,Fisheries Production and Productivity Improvement,,,,,,,,,,2026-budget-Kitwe-City-Council-amended-Final.pdf,,,,
financial_statements_revenue_cdf,,,,,,,,,,KIT2-BE-2024-289,budget_expenditure,,,2024.0,,Expenditure,Livestock Production and Productivity Improvement,,,,,,,,,,2026-budget-Kitwe-City-Council-amended-Final.pdf,,,,
financial_statements_revenue_cdf,,,,,,,,,,KIT2-BE-2024-290,budget_expenditure,,,2024.0,,Expenditure,District Fisheries and Livestock Coordination,,,,,,,,,,2026-budget-Kitwe-City-Council-amended-Final.pdf,,,,
financial_statements_revenue_cdf,,,,,,,,,,KIT2-BE-2024-291,budget_expenditure,,,2024.0,,Expenditure,Social Protection and Community Development,,,,,,,,,,2026-budget-Kitwe-City-Council-amended-Final.pdf,,,,
financial_statements_revenue_cdf,,,,,,,,,,KIT2-BE-2024-292,budget_expenditure,,,2024.0,,Expenditure,District Social welfare,,,,,,,,,,2026-budget-Kitwe-City-Council-amended-Final.pdf,,,,
financial_statements_revenue_cdf,,,,,,,,,,KIT2-BE-2024-293,budget_expenditure,,,2024.0,,Expenditure,Community Development,,,,,,,,,,2026-budget-Kitwe-City-Council-amended-Final.pdf,,,,
financial_statements_revenue_cdf,,,,,,,,,,KIT2-BR-2025-294,budget_revenue,,,2025.0,,Revenue,Residential,,,,,,,,,,Approved-Budget-2025.pdf,,,,
financial_statements_revenue_cdf,,,,,,,,,,KIT2-BR-2025-295,budget_revenue,,,2025.0,,Revenue,Commercial,,,,,,,,,,Approved-Budget-2025.pdf,,,,
financial_statements_revenue_cdf,,,,,,,,,,KIT2-BR-2025-296,budget_revenue,,,2025.0,,Revenue,Industrial,,,,,,,,,,Approved-Budget-2025.pdf,,,,
financial_statements_revenue_cdf,,,,,,,,,,KIT2-BR-2025-297,budget_revenue,,,2025.0,,Revenue,Hospitality,,,,,,,,,,Approved-Budget-2025.pdf,,,,
financial_statements_revenue_cdf,,,,,,,,,,KIT2-BR-2025-298,budget_revenue,,,2025.0,,Revenue,Mining/Plant,,,,,,,,,,Approved-Budget-2025.pdf,,,,
financial_statements_revenue_cdf,,,,,,,,,,KIT2-BR-2025-299,budget_revenue,,,2025.0,,Revenue,Power transmission,,,,,,,,,,Approved-Budget-2025.pdf,,,,
financial_statements_revenue_cdf,,,,,,,,,,KIT2-BR-2025-300,budget_revenue,,,2025.0,,Revenue,Plant and Machinery,,,,,,,,,,Approved-Budget-2025.pdf,,,,
financial_statements_revenue_cdf,,,,,,,,,,KIT2-BR-2025-301,budget_revenue,,,2025.0,,Revenue,Personal levy,,,,,,,,,,Approved-Budget-2025.pdf,,,,
financial_statements_revenue_cdf,,,,,,,,,,KIT2-BR-2025-302,budget_revenue,,,2025.0,,Revenue,Consent fees,,,,,,,,,,Approved-Budget-2025.pdf,,,,
financial_statements_revenue_cdf,,,,,,,,,,KIT2-BR-2025-303,budget_revenue,,,2025.0,,Revenue,Survey fees,,,,,,,,,,Approved-Budget-2025.pdf,,,,
financial_statements_revenue_cdf,,,,,,,,,,KIT2-BR-2025-304,budget_revenue,,,2025.0,,Revenue,Building inspection-fees,,,,,,,,,,Approved-Budget-2025.pdf,,,,
financial_statements_revenue_cdf,,,,,,,,,,KIT2-BR-2025-305,budget_revenue,,,2025.0,,Revenue,Plan scrutiny fee,,,,,,,,,,Approved-Budget-2025.pdf,,,,
financial_statements_revenue_cdf,,,,,,,,,,KIT2-BR-2025-306,budget_revenue,,,2025.0,,Revenue,Change of premise use,,,,,,,,,,Approved-Budget-2025.pdf,,,,
financial_statements_revenue_cdf,,,,,,,,,,KIT2-BR-2025-307,budget_revenue,,,2025.0,,Revenue,Container/Ntemba fees,,,,,,,,,,Approved-Budget-2025.pdf,,,,
financial_statements_revenue_cdf,,,,,,,,,,KIT2-BR-2025-308,budget_revenue,,,2025.0,,Revenue,Rentals/lease of Council's properties,,,,,,,,,,Approved-Budget-2025.pdf,,,,
financial_statements_revenue_cdf,,,,,,,,,,KIT2-BR-2025-309,budget_revenue,,,2025.0,,Revenue,Non-Land Application forms fees,,,,,,,,,,Approved-Budget-2025.pdf,,,,
financial_statements_revenue_cdf,,,,,,,,,,KIT2-BR-2025-310,budget_revenue,,,2025.0,,Revenue,Rentals from houses,,,,,,,,,,Approved-Budget-2025.pdf,,,,
financial_statements_revenue_cdf,,,,,,,,,,KIT2-BR-2025-311,budget_revenue,,,2025.0,,Revenue,Sketch plan,,,,,,,,,,Approved-Budget-2025.pdf,,,,
financial_statements_revenue_cdf,,,,,,,,,,KIT2-BR-2025-312,budget_revenue,,,2025.0,,Revenue,Search fees,,,,,,,,,,Approved-Budget-2025.pdf,,,,
financial_statements_revenue_cdf,,,,,,,,,,KIT2-BR-2025-313,budget_revenue,,,2025.0,,Revenue,Notice board advert fees,,,,,,,,,,Approved-Budget-2025.pdf,,,,
financial_statements_revenue_cdf,,,,,,,,,,KIT2-BR-2025-314,budget_revenue,,,2025.0,,Revenue,Market fees,,,,,,,,,,Approved-Budget-2025.pdf,,,,
financial_statements_revenue_cdf,,,,,,,,,,KIT2-BR-2025-315,budget_revenue,,,2025.0,,Revenue,Parking fees,,,,,,,,,,Approved-Budget-2025.pdf,,,,
financial_statements_revenue_cdf,,,,,,,,,,KIT2-BR-2025-316,budget_revenue,,,2025.0,,Revenue,Loading fees (buses trucks trains taxies etc.),,,,,,,,,,Approved-Budget-2025.pdf,,,,
financial_statements_revenue_cdf,,,,,,,,,,KIT2-BR-2025-317,budget_revenue,,,2025.0,,Revenue,Hire of halls,,,,,,,,,,Approved-Budget-2025.pdf,,,,
financial_statements_revenue_cdf,,,,,,,,,,KIT2-BR-2025-318,budget_revenue,,,2025.0,,Revenue,Grave reservation,,,,,,,,,,Approved-Budget-2025.pdf,,,,
financial_statements_revenue_cdf,,,,,,,,,,KIT2-BR-2025-319,budget_revenue,,,2025.0,,Revenue,Education fees,,,,,,,,,,Approved-Budget-2025.pdf,,,,
financial_statements_revenue_cdf,,,,,,,,,,KIT2-BR-2025-320,budget_revenue,,,2025.0,,Revenue,Refuse disposal,,,,,,,,,,Approved-Budget-2025.pdf,,,,
financial_statements_revenue_cdf,,,,,,,,,,KIT2-BR-2025-321,budget_revenue,,,2025.0,,Revenue,Home craft registration fee / club membership,,,,,,,,,,Approved-Budget-2025.pdf,,,,
financial_statements_revenue_cdf,,,,,,,,,,KIT2-BR-2025-322,budget_revenue,,,2025.0,,Revenue,Library membership fees,,,,,,,,,,Approved-Budget-2025.pdf,,,,
financial_statements_revenue_cdf,,,,,,,,,,KIT2-BR-2025-323,budget_revenue,,,2025.0,,Revenue,Franchise fees,,,,,,,,,,Approved-Budget-2025.pdf,,,,
financial_statements_revenue_cdf,,,,,,,,,,KIT2-BR-2025-324,budget_revenue,,,2025.0,,Revenue,Notice of marriage fees,,,,,,,,,,Approved-Budget-2025.pdf,,,,
financial_statements_revenue_cdf,,,,,,,,,,KIT2-BR-2025-325,budget_revenue,,,2025.0,,Revenue,Illegal Paring of vehicles,,,,,,,,,,Approved-Budget-2025.pdf,,,,
financial_statements_revenue_cdf,,,,,,,,,,KIT2-BR-2025-326,budget_revenue,,,2025.0,,Revenue,Repairs of cars/garage/car wash,,,,,,,,,,Approved-Budget-2025.pdf,,,,
financial_statements_revenue_cdf,,,,,,,,,,KIT2-BR-2025-327,budget_revenue,,,2025.0,,Revenue,Billboards and banners,,,,,,,,,,Approved-Budget-2025.pdf,,,,
financial_statements_revenue_cdf,,,,,,,,,,KIT2-BR-2025-328,budget_revenue,,,2025.0,,Revenue,Penalties,,,,,,,,,,Approved-Budget-2025.pdf,,,,
financial_statements_revenue_cdf,,,,,,,,,,KIT2-BR-2025-329,budget_revenue,,,2025.0,,Revenue,Ablution Fee,,,,,,,,,,Approved-Budget-2025.pdf,,,,
financial_statements_revenue_cdf,,,,,,,,,,KIT2-BR-2025-330,budget_revenue,,,2025.0,,Revenue,Laboratory charges,,,,,,,,,,Approved-Budget-2025.pdf,,,,
financial_statements_revenue_cdf,,,,,,,,,,KIT2-BR-2025-331,budget_revenue,,,2025.0,,Revenue,Erection of Tombstone,,,,,,,,,,Approved-Budget-2025.pdf,,,,
financial_statements_revenue_cdf,,,,,,,,,,KIT2-BR-2025-332,budget_revenue,,,2025.0,,Revenue,Consultation Clinic fees,,,,,,,,,,Approved-Budget-2025.pdf,,,,
financial_statements_revenue_cdf,,,,,,,,,,KIT2-BR-2025-333,budget_revenue,,,2025.0,,Revenue,Other fees and charges,,,,,,,,,,Approved-Budget-2025.pdf,,,,
financial_statements_revenue_cdf,,,,,,,,,,KIT2-BR-2025-334,budget_revenue,,,2025.0,,Revenue,Occupancy licence,,,,,,,,,,Approved-Budget-2025.pdf,,,,
financial_statements_revenue_cdf,,,,,,,,,,KIT2-BR-2025-335,budget_revenue,,,2025.0,,Revenue,Liquor licence,,,,,,,,,,Approved-Budget-2025.pdf,,,,
financial_statements_revenue_cdf,,,,,,,,,,KIT2-BR-2025-336,budget_revenue,,,2025.0,,Revenue,Firearm and ammunition licence,,,,,,,,,,Approved-Budget-2025.pdf,,,,
financial_statements_revenue_cdf,,,,,,,,,,KIT2-BR-2025-337,budget_revenue,,,2025.0,,Revenue,Petroleum Storage licence,,,,,,,,,,Approved-Budget-2025.pdf,,,,
financial_statements_revenue_cdf,,,,,,,,,,KIT2-BR-2025-338,budget_revenue,,,2025.0,,Revenue,Dog licence,,,,,,,,,,Approved-Budget-2025.pdf,,,,
financial_statements_revenue_cdf,,,,,,,,,,KIT2-BR-2025-339,budget_revenue,,,2025.0,,Revenue,Other Licences,,,,,,,,,,Approved-Budget-2025.pdf,,,,
financial_statements_revenue_cdf,,,,,,,,,,KIT2-BR-2025-340,budget_revenue,,,2025.0,,Revenue,Livestock Movement levy,,,,,,,,,,Approved-Budget-2025.pdf,,,,
financial_statements_revenue_cdf,,,,,,,,,,KIT2-BR-2025-341,budget_revenue,,,2025.0,,Revenue,Pole levy,,,,,,,,,,Approved-Budget-2025.pdf,,,,
financial_statements_revenue_cdf,,,,,,,,,,KIT2-BR-2025-342,budget_revenue,,,2025.0,,Revenue,Charcoal levy,,,,,,,,,,Approved-Budget-2025.pdf,,,,
financial_statements_revenue_cdf,,,,,,,,,,KIT2-BR-2025-343,budget_revenue,,,2025.0,,Revenue,Quarry levy,,,,,,,,,,Approved-Budget-2025.pdf,,,,
financial_statements_revenue_cdf,,,,,,,,,,KIT2-BR-2025-344,budget_revenue,,,2025.0,,Revenue,Telecommunication Mast,,,,,,,,,,Approved-Budget-2025.pdf,,,,
financial_statements_revenue_cdf,,,,,,,,,,KIT2-BR-2025-345,budget_revenue,,,2025.0,,Revenue,Trading (Wholesale) Business Levy,,,,,,,,,,Approved-Budget-2025.pdf,,,,
financial_statements_revenue_cdf,,,,,,,,,,KIT2-BR-2025-346,budget_revenue,,,2025.0,,Revenue,Trading (Retail) Consumable groceries business,,,,,,,,,,Approved-Budget-2025.pdf,,,,
financial_statements_revenue_cdf,,,,,,,,,,KIT2-BR-2025-347,budget_revenue,,,2025.0,,Revenue,Trading (Retail) chain stores and supermarkets,,,,,,,,,,Approved-Budget-2025.pdf,,,,
financial_statements_revenue_cdf,,,,,,,,,,KIT2-BR-2025-348,budget_revenue,,,2025.0,,Revenue,Manufacturing,,,,,,,,,,Approved-Budget-2025.pdf,,,,
financial_statements_revenue_cdf,,,,,,,,,,KIT2-BR-2025-349,budget_revenue,,,2025.0,,Revenue,Trading (Retail) Automobiles,,,,,,,,,,Approved-Budget-2025.pdf,,,,
financial_statements_revenue_cdf,,,,,,,,,,KIT2-BR-2025-350,budget_revenue,,,2025.0,,Revenue,Theatre's and cinematography,,,,,,,,,,Approved-Budget-2025.pdf,,,,
financial_statements_revenue_cdf,,,,,,,,,,KIT2-BR-2025-351,budget_revenue,,,2025.0,,Revenue,Filling Station,,,,,,,,,,Approved-Budget-2025.pdf,,,,
financial_statements_revenue_cdf,,,,,,,,,,KIT2-BR-2025-352,budget_revenue,,,2025.0,,Revenue,Professional Occupation,,,,,,,,,,Approved-Budget-2025.pdf,,,,
financial_statements_revenue_cdf,,,,,,,,,,KIT2-BR-2025-353,budget_revenue,,,2025.0,,Revenue,Scrap Metal Dealers,,,,,,,,,,Approved-Budget-2025.pdf,,,,
financial_statements_revenue_cdf,,,,,,,,,,KIT2-BR-2025-354,budget_revenue,,,2025.0,,Revenue,Hospitality,,,,,,,,,,Approved-Budget-2025.pdf,,,,
financial_statements_revenue_cdf,,,,,,,,,,KIT2-BR-2025-355,budget_revenue,,,2025.0,,Revenue,Commercial Banks,,,,,,,,,,Approved-Budget-2025.pdf,,,,
financial_statements_revenue_cdf,,,,,,,,,,KIT2-BR-2025-356,budget_revenue,,,2025.0,,Revenue,Health permits,,,,,,,,,,Approved-Budget-2025.pdf,,,,
financial_statements_revenue_cdf,,,,,,,,,,KIT2-BR-2025-357,budget_revenue,,,2025.0,,Revenue,Burial permits and grave sites,,,,,,,,,,Approved-Budget-2025.pdf,,,,
financial_statements_revenue_cdf,,,,,,,,,,KIT2-BR-2025-358,budget_revenue,,,2025.0,,Revenue,Fire certificate,,,,,,,,,,Approved-Budget-2025.pdf,,,,
financial_statements_revenue_cdf,,,,,,,,,,KIT2-BR-2025-359,budget_revenue,,,2025.0,,Revenue,Extension of Business hours permits,,,,,,,,,,Approved-Budget-2025.pdf,,,,
financial_statements_revenue_cdf,,,,,,,,,,KIT2-BR-2025-360,budget_revenue,,,2025.0,,Revenue,Service Charges Residential plots,,,,,,,,,,Approved-Budget-2025.pdf,,,,
financial_statements_revenue_cdf,,,,,,,,,,KIT2-BR-2025-361,budget_revenue,,,2025.0,,Revenue,Service Charges Industrial plots,,,,,,,,,,Approved-Budget-2025.pdf,,,,
financial_statements_revenue_cdf,,,,,,,,,,KIT2-BR-2025-362,budget_revenue,,,2025.0,,Revenue,Lease Charges,,,,,,,,,,Approved-Budget-2025.pdf,,,,
financial_statements_revenue_cdf,,,,,,,,,,KIT2-BR-2025-363,budget_revenue,,,2025.0,,Revenue,Land Application Charges,,,,,,,,,,Approved-Budget-2025.pdf,,,,
financial_statements_revenue_cdf,,,,,,,,,,KIT2-BR-2025-364,budget_revenue,,,2025.0,,Revenue,Change of ownership,,,,,,,,,,Approved-Budget-2025.pdf,,,,
financial_statements_revenue_cdf,,,,,,,,,,KIT2-BR-2025-365,budget_revenue,,,2025.0,,Revenue,Donations,,,,,,,,,,Approved-Budget-2025.pdf,,,,
financial_statements_revenue_cdf,,,,,,,,,,KIT2-BR-2025-366,budget_revenue,,,2025.0,,Revenue,Other Income,,,,,,,,,,Approved-Budget-2025.pdf,,,,
financial_statements_revenue_cdf,,,,,,,,,,KIT2-BR-2025-367,budget_revenue,,,2025.0,,Revenue,Constituency Development Fund,,,,,,,,,,Approved-Budget-2025.pdf,,,,
financial_statements_revenue_cdf,,,,,,,,,,KIT2-BR-2025-368,budget_revenue,,,2025.0,,Revenue,Roads Grant,,,,,,,,,,Approved-Budget-2025.pdf,,,,
financial_statements_revenue_cdf,,,,,,,,,,KIT2-BR-2025-369,budget_revenue,,,2025.0,,Revenue,Health Grant,,,,,,,,,,Approved-Budget-2025.pdf,,,,
financial_statements_revenue_cdf,,,,,,,,,,KIT2-BR-2025-370,budget_revenue,,,2025.0,,Revenue,Local Government Equalisation Fund,,,,,,,,,,Approved-Budget-2025.pdf,,,,
financial_statements_revenue_cdf,,,,,,,,,,KIT2-BR-2025-371,budget_revenue,,,2025.0,,Revenue,Other Grants,,,,,,,,,,Approved-Budget-2025.pdf,,,,
financial_statements_revenue_cdf,,,,,,,,,,KIT2-BE-2025-372,budget_expenditure,,,2025.0,,Expenditure,Constituency Development,,,,,,,,,,Approved-Budget-2025.pdf,,,,
financial_statements_revenue_cdf,,,,,,,,,,KIT2-BE-2025-373,budget_expenditure,,,2025.0,,Expenditure,Community Projects,,,,,,,,,,Approved-Budget-2025.pdf,,,,
financial_statements_revenue_cdf,,,,,,,,,,KIT2-BE-2025-374,budget_expenditure,,,2025.0,,Expenditure,Women and Youth Empowerment,,,,,,,,,,Approved-Budget-2025.pdf,,,,
financial_statements_revenue_cdf,,,,,,,,,,KIT2-BE-2025-375,budget_expenditure,,,2025.0,,Expenditure,CDF Administration,,,,,,,,,,Approved-Budget-2025.pdf,,,,
financial_statements_revenue_cdf,,,,,,,,,,KIT2-BE-2025-376,budget_expenditure,,,2025.0,,Expenditure,Secondary School and Skills Development Bursaries,,,,,,,,,,Approved-Budget-2025.pdf,,,,
financial_statements_revenue_cdf,,,,,,,,,,KIT2-BE-2025-377,budget_expenditure,,,2025.0,,Expenditure,Local Governance,,,,,,,,,,Approved-Budget-2025.pdf,,,,
financial_statements_revenue_cdf,,,,,,,,,,KIT2-BE-2025-378,budget_expenditure,,,2025.0,,Expenditure,Local elections,,,,,,,,,,Approved-Budget-2025.pdf,,,,
financial_statements_revenue_cdf,,,,,,,,,,KIT2-BE-2025-379,budget_expenditure,,,2025.0,,Expenditure,Legislative Function,,,,,,,,,,Approved-Budget-2025.pdf,,,,
financial_statements_revenue_cdf,,,,,,,,,,KIT2-BE-2025-380,budget_expenditure,,,2025.0,,Expenditure,Citizen Engagement,,,,,,,,,,Approved-Budget-2025.pdf,,,,
financial_statements_revenue_cdf,,,,,,,,,,KIT2-BE-2025-381,budget_expenditure,,,2025.0,,Expenditure,Integrated Development Planning,,,,,,,,,,Approved-Budget-2025.pdf,,,,
financial_statements_revenue_cdf,,,,,,,,,,KIT2-BE-2025-382,budget_expenditure,,,2025.0,,Expenditure,Environmental planning,,,,,,,,,,Approved-Budget-2025.pdf,,,,
financial_statements_revenue_cdf,,,,,,,,,,KIT2-BE-2025-383,budget_expenditure,,,2025.0,,Expenditure,Spatial Planning,,,,,,,,,,Approved-Budget-2025.pdf,,,,
financial_statements_revenue_cdf,,,,,,,,,,KIT2-BE-2025-384,budget_expenditure,,,2025.0,,Expenditure,Socio Economic planning,,,,,,,,,,Approved-Budget-2025.pdf,,,,
financial_statements_revenue_cdf,,,,,,,,,,KIT2-BE-2025-385,budget_expenditure,,,2025.0,,Expenditure,Public health and Environmental protection,,,,,,,,,,Approved-Budget-2025.pdf,,,,
financial_statements_revenue_cdf,,,,,,,,,,KIT2-BE-2025-386,budget_expenditure,,,2025.0,,Expenditure,Cemetery and funeral services,,,,,,,,,,Approved-Budget-2025.pdf,,,,
financial_statements_revenue_cdf,,,,,,,,,,KIT2-BE-2025-387,budget_expenditure,,,2025.0,,Expenditure,Health Inspections,,,,,,,,,,Approved-Budget-2025.pdf,,,,
financial_statements_revenue_cdf,,,,,,,,,,KIT2-BE-2025-388,budget_expenditure,,,2025.0,,Expenditure,Pest control,,,,,,,,,,Approved-Budget-2025.pdf,,,,
financial_statements_revenue_cdf,,,,,,,,,,KIT2-BE-2025-389,budget_expenditure,,,2025.0,,Expenditure,Pollution control,,,,,,,,,,Approved-Budget-2025.pdf,,,,
financial_statements_revenue_cdf,,,,,,,,,,KIT2-BE-2025-390,budget_expenditure,,,2025.0,,Expenditure,Solid Waste Management,,,,,,,,,,Approved-Budget-2025.pdf,,,,
financial_statements_revenue_cdf,,,,,,,,,,KIT2-BE-2025-391,budget_expenditure,,,2025.0,,Expenditure,Stormy water management,,,,,,,,,,Approved-Budget-2025.pdf,,,,
financial_statements_revenue_cdf,,,,,,,,,,KIT2-BE-2025-392,budget_expenditure,,,2025.0,,Expenditure,Housing and Community Amenities,,,,,,,,,,Approved-Budget-2025.pdf,,,,
financial_statements_revenue_cdf,,,,,,,,,,KIT2-BE-2025-393,budget_expenditure,,,2025.0,,Expenditure,Parks and Gardens,,,,,,,,,,Approved-Budget-2025.pdf,,,,
financial_statements_revenue_cdf,,,,,,,,,,KIT2-BE-2025-394,budget_expenditure,,,2025.0,,Expenditure,Markets and Bus Stations,,,,,,,,,,Approved-Budget-2025.pdf,,,,
financial_statements_revenue_cdf,,,,,,,,,,KIT2-BE-2025-395,budget_expenditure,,,2025.0,,Expenditure,Community Centres,,,,,,,,,,Approved-Budget-2025.pdf,,,,
financial_statements_revenue_cdf,,,,,,,,,,KIT2-BE-2025-396,budget_expenditure,,,2025.0,,Expenditure,Public Housing,,,,,,,,,,Approved-Budget-2025.pdf,,,,
financial_statements_revenue_cdf,,,,,,,,,,KIT2-BE-2025-397,budget_expenditure,,,2025.0,,Expenditure,Roads and Drainages,,,,,,,,,,Approved-Budget-2025.pdf,,,,
financial_statements_revenue_cdf,,,,,,,,,,KIT2-BE-2025-398,budget_expenditure,,,2025.0,,Expenditure,Street Lighting,,,,,,,,,,Approved-Budget-2025.pdf,,,,
financial_statements_revenue_cdf,,,,,,,,,,KIT2-BE-2025-399,budget_expenditure,,,2025.0,,Expenditure,Recreation Culture and Religion,,,,,,,,,,Approved-Budget-2025.pdf,,,,
financial_statements_revenue_cdf,,,,,,,,,,KIT2-BE-2025-400,budget_expenditure,,,2025.0,,Expenditure,Cultural Affairs,,,,,,,,,,Approved-Budget-2025.pdf,,,,
financial_statements_revenue_cdf,,,,,,,,,,KIT2-BE-2025-401,budget_expenditure,,,2025.0,,Expenditure,Registration of Marriages,,,,,,,,,,Approved-Budget-2025.pdf,,,,
financial_statements_revenue_cdf,,,,,,,,,,KIT2-BE-2025-402,budget_expenditure,,,2025.0,,Expenditure,Sports Promotion,,,,,,,,,,Approved-Budget-2025.pdf,,,,
financial_statements_revenue_cdf,,,,,,,,,,KIT2-BE-2025-403,budget_expenditure,,,2025.0,,Expenditure,Education and skills development,,,,,,,,,,Approved-Budget-2025.pdf,,,,
financial_statements_revenue_cdf,,,,,,,,,,KIT2-BE-2025-404,budget_expenditure,,,2025.0,,Expenditure,District archives,,,,,,,,,,Approved-Budget-2025.pdf,,,,
financial_statements_revenue_cdf,,,,,,,,,,KIT2-BE-2025-405,budget_expenditure,,,2025.0,,Expenditure,Early Childhood Education,,,,,,,,,,Approved-Budget-2025.pdf,,,,
financial_statements_revenue_cdf,,,,,,,,,,KIT2-BE-2025-406,budget_expenditure,,,2025.0,,Expenditure,Adult Literacy,,,,,,,,,,Approved-Budget-2025.pdf,,,,
financial_statements_revenue_cdf,,,,,,,,,,KIT2-BE-2025-407,budget_expenditure,,,2025.0,,Expenditure,Library Services,,,,,,,,,,Approved-Budget-2025.pdf,,,,
financial_statements_revenue_cdf,,,,,,,,,,KIT2-BE-2025-408,budget_expenditure,,,2025.0,,Expenditure,Public order and safety,,,,,,,,,,Approved-Budget-2025.pdf,,,,
financial_statements_revenue_cdf,,,,,,,,,,KIT2-BE-2025-409,budget_expenditure,,,2025.0,,Expenditure,Building regulation,,,,,,,,,,Approved-Budget-2025.pdf,,,,
financial_statements_revenue_cdf,,,,,,,,,,KIT2-BE-2025-410,budget_expenditure,,,2025.0,,Expenditure,Community policing,,,,,,,,,,Approved-Budget-2025.pdf,,,,
financial_statements_revenue_cdf,,,,,,,,,,KIT2-BE-2025-411,budget_expenditure,,,2025.0,,Expenditure,Fire protection services,,,,,,,,,,Approved-Budget-2025.pdf,,,,
financial_statements_revenue_cdf,,,,,,,,,,KIT2-BE-2025-412,budget_expenditure,,,2025.0,,Expenditure,Management and support Services,,,,,,,,,,Approved-Budget-2025.pdf,,,,
financial_statements_revenue_cdf,,,,,,,,,,KIT2-BE-2025-413,budget_expenditure,,,2025.0,,Expenditure,Executive management,,,,,,,,,,Approved-Budget-2025.pdf,,,,
financial_statements_revenue_cdf,,,,,,,,,,KIT2-BE-2025-414,budget_expenditure,,,2025.0,,Expenditure,Human Resource and Administration,,,,,,,,,,Approved-Budget-2025.pdf,,,,
financial_statements_revenue_cdf,,,,,,,,,,KIT2-BE-2025-415,budget_expenditure,,,2025.0,,Expenditure,Public Relations,,,,,,,,,,Approved-Budget-2025.pdf,,,,
financial_statements_revenue_cdf,,,,,,,,,,KIT2-BE-2025-416,budget_expenditure,,,2025.0,,Expenditure,Procurement,,,,,,,,,,Approved-Budget-2025.pdf,,,,
financial_statements_revenue_cdf,,,,,,,,,,KIT2-BE-2025-417,budget_expenditure,,,2025.0,,Expenditure,ICT,,,,,,,,,,Approved-Budget-2025.pdf,,,,
financial_statements_revenue_cdf,,,,,,,,,,KIT2-BE-2025-418,budget_expenditure,,,2025.0,,Expenditure,Auditing Management,,,,,,,,,,Approved-Budget-2025.pdf,,,,
financial_statements_revenue_cdf,,,,,,,,,,KIT2-BE-2025-419,budget_expenditure,,,2025.0,,Expenditure,Accounting Management,,,,,,,,,,Approved-Budget-2025.pdf,,,,
financial_statements_revenue_cdf,,,,,,,,,,KIT2-BE-2025-420,budget_expenditure,,,2025.0,,Expenditure,Legal Services,,,,,,,,,,Approved-Budget-2025.pdf,,,,
financial_statements_revenue_cdf,,,,,,,,,,KIT2-BE-2025-421,budget_expenditure,,,2025.0,,Expenditure,Resource Mobilisation and Management,,,,,,,,,,Approved-Budget-2025.pdf,,,,
financial_statements_revenue_cdf,,,,,,,,,,KIT2-BE-2025-422,budget_expenditure,,,2025.0,,Expenditure,Revenue Mobilisation and Enhancement,,,,,,,,,,Approved-Budget-2025.pdf,,,,
financial_statements_revenue_cdf,,,,,,,,,,KIT2-BE-2025-423,budget_expenditure,,,2025.0,,Expenditure,District Health services,,,,,,,,,,Approved-Budget-2025.pdf,,,,
financial_statements_revenue_cdf,,,,,,,,,,KIT2-BE-2025-424,budget_expenditure,,,2025.0,,Expenditure,Primary Health Services,,,,,,,,,,Approved-Budget-2025.pdf,,,,
financial_statements_revenue_cdf,,,,,,,,,,KIT2-BE-2025-425,budget_expenditure,,,2025.0,,Expenditure,District Health Coordination,,,,,,,,,,Approved-Budget-2025.pdf,,,,
financial_statements_revenue_cdf,,,,,,,,,,KIT2-BE-2025-426,budget_expenditure,,,2025.0,,Expenditure,Hospital Services,,,,,,,,,,Approved-Budget-2025.pdf,,,,
financial_statements_revenue_cdf,,,,,,,,,,KIT2-BE-2025-427,budget_expenditure,,,2025.0,,Expenditure,Transport Services,,,,,,,,,,Approved-Budget-2025.pdf,,,,
financial_statements_revenue_cdf,,,,,,,,,,KIT2-BE-2025-428,budget_expenditure,,,2025.0,,Expenditure,Road Transport,,,,,,,,,,Approved-Budget-2025.pdf,,,,
financial_statements_revenue_cdf,,,,,,,,,,KIT2-BE-2025-429,budget_expenditure,,,2025.0,,Expenditure,Agricultural Services,,,,,,,,,,Approved-Budget-2025.pdf,,,,
financial_statements_revenue_cdf,,,,,,,,,,KIT2-BE-2025-430,budget_expenditure,,,2025.0,,Expenditure,Agricultural Crop production Advisory and Technical Services,,,,,,,,,,Approved-Budget-2025.pdf,,,,
financial_statements_revenue_cdf,,,,,,,,,,KIT2-BE-2025-431,budget_expenditure,,,2025.0,,Expenditure,Agribusiness Development and Marketing,,,,,,,,,,Approved-Budget-2025.pdf,,,,
financial_statements_revenue_cdf,,,,,,,,,,KIT2-BE-2025-432,budget_expenditure,,,2025.0,,Expenditure,Agriculture Co-ordination,,,,,,,,,,Approved-Budget-2025.pdf,,,,
financial_statements_revenue_cdf,,,,,,,,,,KIT2-BE-2025-433,budget_expenditure,,,2025.0,,Expenditure,Fisheries and Livestock,,,,,,,,,,Approved-Budget-2025.pdf,,,,
financial_statements_revenue_cdf,,,,,,,,,,KIT2-BE-2025-434,budget_expenditure,,,2025.0,,Expenditure,Fisheries and Livestock Marketing,,,,,,,,,,Approved-Budget-2025.pdf,,,,
financial_statements_revenue_cdf,,,,,,,,,,KIT2-BE-2025-435,budget_expenditure,,,2025.0,,Expenditure,Animal Health Services,,,,,,,,,,Approved-Budget-2025.pdf,,,,
financial_statements_revenue_cdf,,,,,,,,,,KIT2-BE-2025-436,budget_expenditure,,,2025.0,,Expenditure,Fisheries Production and Productivity Improvement,,,,,,,,,,Approved-Budget-2025.pdf,,,,
financial_statements_revenue_cdf,,,,,,,,,,KIT2-BE-2025-437,budget_expenditure,,,2025.0,,Expenditure,Livestock Production and Productivity Improvement,,,,,,,,,,Approved-Budget-2025.pdf,,,,
financial_statements_revenue_cdf,,,,,,,,,,KIT2-BE-2025-438,budget_expenditure,,,2025.0,,Expenditure,District Fisheries and Livestock Coordination,,,,,,,,,,Approved-Budget-2025.pdf,,,,
financial_statements_revenue_cdf,,,,,,,,,,KIT2-BE-2025-439,budget_expenditure,,,2025.0,,Expenditure,Social Protection and Community Development,,,,,,,,,,Approved-Budget-2025.pdf,,,,
financial_statements_revenue_cdf,,,,,,,,,,KIT2-BE-2025-440,budget_expenditure,,,2025.0,,Expenditure,District Social welfare,,,,,,,,,,Approved-Budget-2025.pdf,,,,
financial_statements_revenue_cdf,,,,,,,,,,KIT2-BE-2025-441,budget_expenditure,,,2025.0,,Expenditure,Community Development,,,,,,,,,,Approved-Budget-2025.pdf,,,,
financial_statements_revenue_cdf,,,,,,,,,,KIT2-CPS-2024-442,cdf_proposed_project,,,2024.0,,Proposed,Completion of police post,,,,,,,,,,CDF-2024-PROPOSED-AND-APPROVED-PROJECTS.pdf,,,,
financial_statements_revenue_cdf,,,,,,,,,,KIT2-CPS-2024-443,cdf_proposed_project,,,2024.0,,Proposed,Construction of additional Class room blocks at happy Kawama school,,,,,,,,,,CDF-2024-PROPOSED-AND-APPROVED-PROJECTS.pdf,,,,
financial_statements_revenue_cdf,,,,,,,,,,KIT2-CPS-2024-444,cdf_proposed_project,,,2024.0,,Proposed,Electrification of happy school,,,,,,,,,,CDF-2024-PROPOSED-AND-APPROVED-PROJECTS.pdf,,,,
financial_statements_revenue_cdf,,,,,,,,,,KIT2-CPS-2024-445,cdf_proposed_project,,,2024.0,,Proposed,Building for drainages/ digging,,,,,,,,,,CDF-2024-PROPOSED-AND-APPROVED-PROJECTS.pdf,,,,
financial_statements_revenue_cdf,,,,,,,,,,KIT2-CPS-2024-446,cdf_proposed_project,,,2024.0,,Proposed,Construction of ablation block at Comis school,,,,,,,,,,CDF-2024-PROPOSED-AND-APPROVED-PROJECTS.pdf,,,,
financial_statements_revenue_cdf,,,,,,,,,,KIT2-CPS-2024-447,cdf_proposed_project,,,2024.0,,Proposed,Expansion of Misenga clinic,,,,,,,,,,CDF-2024-PROPOSED-AND-APPROVED-PROJECTS.pdf,,,,
financial_statements_revenue_cdf,,,,,,,,,,KIT2-CPS-2024-448,cdf_proposed_project,,,2024.0,,Proposed,Electrification of Kamatipa market,,,,,,,,,,CDF-2024-PROPOSED-AND-APPROVED-PROJECTS.pdf,,,,
financial_statements_revenue_cdf,,,,,,,,,,KIT2-CPS-2024-449,cdf_proposed_project,,,2024.0,,Proposed,Construction of clinic(shelter) at Kawama clinic,,,,,,,,,,CDF-2024-PROPOSED-AND-APPROVED-PROJECTS.pdf,,,,
financial_statements_revenue_cdf,,,,,,,,,,KIT2-CPS-2024-450,cdf_proposed_project,,,2024.0,,Proposed,Construction of modern toilets at happy Kawama school,,,,,,,,,,CDF-2024-PROPOSED-AND-APPROVED-PROJECTS.pdf,,,,
financial_statements_revenue_cdf,,,,,,,,,,KIT2-CPS-2024-451,cdf_proposed_project,,,2024.0,,Proposed,Construction of youth friendly space at Kawama clinic,,,,,,,,,,CDF-2024-PROPOSED-AND-APPROVED-PROJECTS.pdf,,,,
financial_statements_revenue_cdf,,,,,,,,,,KIT2-CPS-2024-452,cdf_proposed_project,,,2024.0,,Proposed,Drilling of solar driven water borehole at Kawama Clinic,,,,,,,,,,CDF-2024-PROPOSED-AND-APPROVED-PROJECTS.pdf,,,,
financial_statements_revenue_cdf,,,,,,,,,,KIT2-CPS-2024-453,cdf_proposed_project,,,2024.0,,Proposed,Procurement of 450 desks at Comis school,,,,,,,,,,CDF-2024-PROPOSED-AND-APPROVED-PROJECTS.pdf,,,,
financial_statements_revenue_cdf,,,,,,,,,,KIT2-CPS-2024-454,cdf_proposed_project,,,2024.0,,Proposed,Construction of bridge on Nakayombo stream,,,,,,,,,,CDF-2024-PROPOSED-AND-APPROVED-PROJECTS.pdf,,,,
financial_statements_revenue_cdf,,,,,,,,,,KIT2-CPS-2024-455,cdf_proposed_project,,,2024.0,,Proposed,Electrification of Misenga school,,,,,,,,,,CDF-2024-PROPOSED-AND-APPROVED-PROJECTS.pdf,,,,
financial_statements_revenue_cdf,,,,,,,,,,KIT2-CPS-2024-456,cdf_proposed_project,,,2024.0,,Proposed,Construction of modern maternity wine at Kawama clinic,,,,,,,,,,CDF-2024-PROPOSED-AND-APPROVED-PROJECTS.pdf,,,,
financial_statements_revenue_cdf,,,,,,,,,,KIT2-CPS-2024-457,cdf_proposed_project,,,2024.0,,Proposed,Drilling and installation of solar powered bore holes,,,,,,,,,,CDF-2024-PROPOSED-AND-APPROVED-PROJECTS.pdf,,,,
financial_statements_revenue_cdf,,,,,,,,,,KIT2-CPS-2024-458,cdf_proposed_project,,,2024.0,,Proposed,Electrification of east of Garneton police post,,,,,,,,,,CDF-2024-PROPOSED-AND-APPROVED-PROJECTS.pdf,,,,
financial_statements_revenue_cdf,,,,,,,,,,KIT2-CPS-2024-459,cdf_proposed_project,,,2024.0,,Proposed,Construction of wall fence at Happy Kawama school,,,,,,,,,,CDF-2024-PROPOSED-AND-APPROVED-PROJECTS.pdf,,,,
financial_statements_revenue_cdf,,,,,,,,,,KIT2-CPS-2024-460,cdf_proposed_project,,,2024.0,,Proposed,Drilling of water borehole solar driven at Comis school,,,,,,,,,,CDF-2024-PROPOSED-AND-APPROVED-PROJECTS.pdf,,,,
financial_statements_revenue_cdf,,,,,,,,,,KIT2-CPS-2024-461,cdf_proposed_project,,,2024.0,,Proposed,Construction of ablution block at Lubuto Center,,,,,,,,,,CDF-2024-PROPOSED-AND-APPROVED-PROJECTS.pdf,,,,
financial_statements_revenue_cdf,,,,,,,,,,KIT2-CPS-2024-462,cdf_proposed_project,,,2024.0,,Proposed,Construction of a 1x4 classroom block at Lubuto Centre,,,,,,,,,,CDF-2024-PROPOSED-AND-APPROVED-PROJECTS.pdf,,,,
financial_statements_revenue_cdf,,,,,,,,,,KIT2-CPS-2024-463,cdf_proposed_project,,,2024.0,,Proposed,Construction of a wall fence at Lubuto centre,,,,,,,,,,CDF-2024-PROPOSED-AND-APPROVED-PROJECTS.pdf,,,,
financial_statements_revenue_cdf,,,,,,,,,,KIT2-CPS-2024-464,cdf_proposed_project,,,2024.0,,Proposed,Construction of Chanda bridge,,,,,,,,,,CDF-2024-PROPOSED-AND-APPROVED-PROJECTS.pdf,,,,
financial_statements_revenue_cdf,,,,,,,,,,KIT2-CPS-2024-465,cdf_proposed_project,,,2024.0,,Proposed,Roofing of Chimwemwe secondary school Hall,,,,,,,,,,CDF-2024-PROPOSED-AND-APPROVED-PROJECTS.pdf,,,,
financial_statements_revenue_cdf,,,,,,,,,,KIT2-CPS-2024-466,cdf_proposed_project,,,2024.0,,Proposed,Installation of street lights,,,,,,,,,,CDF-2024-PROPOSED-AND-APPROVED-PROJECTS.pdf,,,,
financial_statements_revenue_cdf,,,,,,,,,,KIT2-CPS-2024-467,cdf_proposed_project,,,2024.0,,Proposed,Desk procurement,,,,,,,,,,CDF-2024-PROPOSED-AND-APPROVED-PROJECTS.pdf,,,,
financial_statements_revenue_cdf,,,,,,,,,,KIT2-CPS-2024-468,cdf_proposed_project,,,2024.0,,Proposed,Construction of drainages,,,,,,,,,,CDF-2024-PROPOSED-AND-APPROVED-PROJECTS.pdf,,,,
financial_statements_revenue_cdf,,,,,,,,,,KIT2-CPS-2024-469,cdf_proposed_project,,,2024.0,,Proposed,Borehole drilling,,,,,,,,,,CDF-2024-PROPOSED-AND-APPROVED-PROJECTS.pdf,,,,
financial_statements_revenue_cdf,,,,,,,,,,KIT2-CPS-2024-470,cdf_proposed_project,,,2024.0,,Proposed,Footbridge co-sharing between Buchi ward and Chimwemwe wards,,,,,,,,,,CDF-2024-PROPOSED-AND-APPROVED-PROJECTS.pdf,,,,
financial_statements_revenue_cdf,,,,,,,,,,KIT2-CPS-2024-471,cdf_proposed_project,,,2024.0,,Proposed,Street lighting,,,,,,,,,,CDF-2024-PROPOSED-AND-APPROVED-PROJECTS.pdf,,,,
financial_statements_revenue_cdf,,,,,,,,,,KIT2-CPS-2024-472,cdf_proposed_project,,,2024.0,,Proposed,Health post,,,,,,,,,,CDF-2024-PROPOSED-AND-APPROVED-PROJECTS.pdf,,,,
financial_statements_revenue_cdf,,,,,,,,,,KIT2-CPS-2024-473,cdf_proposed_project,,,2024.0,,Proposed,Police post,,,,,,,,,,CDF-2024-PROPOSED-AND-APPROVED-PROJECTS.pdf,,,,
financial_statements_revenue_cdf,,,,,,,,,,KIT2-CPS-2024-474,cdf_proposed_project,,,2024.0,,Proposed,Desk procurement,,,,,,,,,,CDF-2024-PROPOSED-AND-APPROVED-PROJECTS.pdf,,,,
financial_statements_revenue_cdf,,,,,,,,,,KIT2-CPS-2024-475,cdf_proposed_project,,,2024.0,,Proposed,Education (wall fence and roof repairing),,,,,,,,,,CDF-2024-PROPOSED-AND-APPROVED-PROJECTS.pdf,,,,
financial_statements_revenue_cdf,,,,,,,,,,KIT2-CPS-2024-476,cdf_proposed_project,,,2024.0,,Proposed,Street lighting of various tarried roads in Buntungwa ward,,,,,,,,,,CDF-2024-PROPOSED-AND-APPROVED-PROJECTS.pdf,,,,
financial_statements_revenue_cdf,,,,,,,,,,KIT2-CPS-2024-477,cdf_proposed_project,,,2024.0,,Proposed,Drilling & (water) construction of (5) boreholes,,,,,,,,,,CDF-2024-PROPOSED-AND-APPROVED-PROJECTS.pdf,,,,
financial_statements_revenue_cdf,,,,,,,,,,KIT2-CPS-2024-478,cdf_proposed_project,,,2024.0,,Proposed,Construction of a placenta pit and fencing off of an incinerator/placenta pit at Chimwemwe clinic,,,,,,,,,,CDF-2024-PROPOSED-AND-APPROVED-PROJECTS.pdf,,,,
financial_statements_revenue_cdf,,,,,,,,,,KIT2-CPS-2024-479,cdf_proposed_project,,,2024.0,,Proposed,Construction of an ablution block at mama Monty Combined School,,,,,,,,,,CDF-2024-PROPOSED-AND-APPROVED-PROJECTS.pdf,,,,
financial_statements_revenue_cdf,,,,,,,,,,KIT2-CPS-2024-480,cdf_proposed_project,,,2024.0,,Proposed,Construction of vegetables traders market shelter at old Nakadoli market,,,,,,,,,,CDF-2024-PROPOSED-AND-APPROVED-PROJECTS.pdf,,,,
financial_statements_revenue_cdf,,,,,,,,,,KIT2-CPS-2024-481,cdf_proposed_project,,,2024.0,,Proposed,Construction of 1*4 classroom block at Natwange combined school,,,,,,,,,,CDF-2024-PROPOSED-AND-APPROVED-PROJECTS.pdf,,,,
financial_statements_revenue_cdf,,,,,,,,,,KIT2-CPS-2024-482,cdf_proposed_project,,,2024.0,,Proposed,Construction of a laboratory at mama Monty combined school,,,,,,,,,,CDF-2024-PROPOSED-AND-APPROVED-PROJECTS.pdf,,,,
financial_statements_revenue_cdf,,,,,,,,,,KIT2-CPS-2024-483,cdf_proposed_project,,,2024.0,,Proposed,Desk procurement,,,,,,,,,,CDF-2024-PROPOSED-AND-APPROVED-PROJECTS.pdf,,,,
financial_statements_revenue_cdf,,,,,,,,,,KIT2-CPS-2024-484,cdf_proposed_project,,,2024.0,,Proposed,Construction and equipping of a Laboratory 1*1 classroom block at Natwange combined school,,,,,,,,,,CDF-2024-PROPOSED-AND-APPROVED-PROJECTS.pdf,,,,
financial_statements_revenue_cdf,,,,,,,,,,KIT2-CPS-2024-485,cdf_proposed_project,,,2024.0,,Proposed,Completion of a toilet a Sopelo and drilling of a borehole and equipping,,,,,,,,,,CDF-2024-PROPOSED-AND-APPROVED-PROJECTS.pdf,,,,
financial_statements_revenue_cdf,,,,,,,,,,KIT2-CPS-2024-486,cdf_proposed_project,,,2024.0,,Proposed,Water connection Ituna area near Pried 070 course Primary School,,,,,,,,,,CDF-2024-PROPOSED-AND-APPROVED-PROJECTS.pdf,,,,
financial_statements_revenue_cdf,,,,,,,,,,KIT2-CPS-2024-487,cdf_proposed_project,,,2024.0,,Proposed,Street lights,,,,,,,,,,CDF-2024-PROPOSED-AND-APPROVED-PROJECTS.pdf,,,,
financial_statements_revenue_cdf,,,,,,,,,,KIT2-CPS-2024-488,cdf_proposed_project,,,2024.0,,Proposed,Desk procurement,,,,,,,,,,CDF-2024-PROPOSED-AND-APPROVED-PROJECTS.pdf,,,,
financial_statements_revenue_cdf,,,,,,,,,,KIT2-CPS-2024-489,cdf_proposed_project,,,2024.0,,Proposed,Completion of wall fence at Twatasha combined,,,,,,,,,,CDF-2024-PROPOSED-AND-APPROVED-PROJECTS.pdf,,,,
financial_statements_revenue_cdf,,,,,,,,,,KIT2-CPS-2024-490,cdf_proposed_project,,,2024.0,,Proposed,Construction of ablution block,,,,,,,,,,CDF-2024-PROPOSED-AND-APPROVED-PROJECTS.pdf,,,,
financial_statements_revenue_cdf,,,,,,,,,,KIT2-CPS-2024-491,cdf_proposed_project,,,2024.0,,Proposed,Equipping of Twatasha maternity wing,,,,,,,,,,CDF-2024-PROPOSED-AND-APPROVED-PROJECTS.pdf,,,,
financial_statements_revenue_cdf,,,,,,,,,,KIT2-CPS-2024-492,cdf_proposed_project,,,2024.0,,Proposed,Installation of commercial solar borehole at Ituna near racecourse primary school,,,,,,,,,,CDF-2024-PROPOSED-AND-APPROVED-PROJECTS.pdf,,,,
financial_statements_revenue_cdf,,,,,,,,,,KIT2-CPS-2024-493,cdf_proposed_project,,,2024.0,,Proposed,Construction of bridge on the ring road connecting Mukuba university Zambia compound Garneton,,,,,,,,,,CDF-2024-PROPOSED-AND-APPROVED-PROJECTS.pdf,,,,
financial_statements_revenue_cdf,,,,,,,,,,KIT2-CPS-2024-494,cdf_proposed_project,,,2024.0,,Proposed,Construction of modern maternity clinic in Garneton,,,,,,,,,,CDF-2024-PROPOSED-AND-APPROVED-PROJECTS.pdf,,,,
financial_statements_revenue_cdf,,,,,,,,,,KIT2-CPS-2024-495,cdf_proposed_project,,,2024.0,,Proposed,Construction of a police station at the newly designated site,,,,,,,,,,CDF-2024-PROPOSED-AND-APPROVED-PROJECTS.pdf,,,,
financial_statements_revenue_cdf,,,,,,,,,,KIT2-CPS-2024-496,cdf_proposed_project,,,2024.0,,Proposed,Construction of wall fence at Garneton secondary school,,,,,,,,,,CDF-2024-PROPOSED-AND-APPROVED-PROJECTS.pdf,,,,
financial_statements_revenue_cdf,,,,,,,,,,KIT2-CPS-2024-497,cdf_proposed_project,,,2024.0,,Proposed,Construction of a youth community Center in Zambia compound,,,,,,,,,,CDF-2024-PROPOSED-AND-APPROVED-PROJECTS.pdf,,,,
financial_statements_revenue_cdf,,,,,,,,,,KIT2-CPS-2024-498,cdf_proposed_project,,,2024.0,,Proposed,Construction of ablation block at the Garneton local court,,,,,,,,,,CDF-2024-PROPOSED-AND-APPROVED-PROJECTS.pdf,,,,
financial_statements_revenue_cdf,,,,,,,,,,KIT2-CPS-2024-499,cdf_proposed_project,,,2024.0,,Proposed,Construction of ablation block Mwabashi basic school,,,,,,,,,,CDF-2024-PROPOSED-AND-APPROVED-PROJECTS.pdf,,,,
financial_statements_revenue_cdf,,,,,,,,,,KIT2-CPS-2024-500,cdf_proposed_project,,,2024.0,,Proposed,Construction of a 1 block x 4 class rooms at Lwela primary school,,,,,,,,,,CDF-2024-PROPOSED-AND-APPROVED-PROJECTS.pdf,,,,
financial_statements_revenue_cdf,,,,,,,,,,KIT2-CPS-2024-501,cdf_proposed_project,,,2024.0,,Proposed,Construction of bridge on vanadium road (urgent),,,,,,,,,,CDF-2024-PROPOSED-AND-APPROVED-PROJECTS.pdf,,,,
financial_statements_revenue_cdf,,,,,,,,,,KIT2-CPS-2024-502,cdf_proposed_project,,,2024.0,,Proposed,Construction of foot bridge of Twatasha stream,,,,,,,,,,CDF-2024-PROPOSED-AND-APPROVED-PROJECTS.pdf,,,,
financial_statements_revenue_cdf,,,,,,,,,,KIT2-CPS-2024-503,cdf_proposed_project,,,2024.0,,Proposed,Purchasing of 200 desks for Garneton sec. School,,,,,,,,,,CDF-2024-PROPOSED-AND-APPROVED-PROJECTS.pdf,,,,
financial_statements_revenue_cdf,,,,,,,,,,KIT2-CPS-2024-504,cdf_proposed_project,,,2024.0,,Proposed,Purchasing of 200 desks for Mwambashi basic school,,,,,,,,,,CDF-2024-PROPOSED-AND-APPROVED-PROJECTS.pdf,,,,
financial_statements_revenue_cdf,,,,,,,,,,KIT2-CPS-2024-505,cdf_proposed_project,,,2024.0,,Proposed,Purchasing of 200 desks for OVC primary school,,,,,,,,,,CDF-2024-PROPOSED-AND-APPROVED-PROJECTS.pdf,,,,
financial_statements_revenue_cdf,,,,,,,,,,KIT2-CPS-2024-506,cdf_proposed_project,,,2024.0,,Proposed,Purchasing of 200 desks for Kamilulu primary school,,,,,,,,,,CDF-2024-PROPOSED-AND-APPROVED-PROJECTS.pdf,,,,
financial_statements_revenue_cdf,,,,,,,,,,KIT2-CPS-2024-507,cdf_proposed_project,,,2024.0,,Proposed,Purchasing of 200 desks for Lwela primary school,,,,,,,,,,CDF-2024-PROPOSED-AND-APPROVED-PROJECTS.pdf,,,,
financial_statements_revenue_cdf,,,,,,,,,,KIT2-CPS-2024-508,cdf_proposed_project,,,2024.0,,Proposed,Purchasing of 200 desks for Bush Fire Primary School,,,,,,,,,,CDF-2024-PROPOSED-AND-APPROVED-PROJECTS.pdf,,,,
financial_statements_revenue_cdf,,,,,,,,,,KIT2-CPS-2024-509,cdf_proposed_project,,,2024.0,,Proposed,Purchasing of 200 desks for Salamano primary school,,,,,,,,,,CDF-2024-PROPOSED-AND-APPROVED-PROJECTS.pdf,,,,
financial_statements_revenue_cdf,,,,,,,,,,KIT2-CPS-2024-510,cdf_proposed_project,,,2024.0,,Proposed,Construction 1*4 classroom block at bush fire primary school,,,,,,,,,,CDF-2024-PROPOSED-AND-APPROVED-PROJECTS.pdf,,,,
financial_statements_revenue_cdf,,,,,,,,,,KIT2-CPS-2024-511,cdf_proposed_project,,,2024.0,,Proposed,Construction of commercial boreholes at forest compound and azurite road,,,,,,,,,,CDF-2024-PROPOSED-AND-APPROVED-PROJECTS.pdf,,,,
financial_statements_revenue_cdf,,,,,,,,,,KIT2-CPS-2024-512,cdf_proposed_project,,,2024.0,,Proposed,Construction of a market shelter at KCC Kamatipa,,,,,,,,,,CDF-2024-PROPOSED-AND-APPROVED-PROJECTS.pdf,,,,
financial_statements_revenue_cdf,,,,,,,,,,KIT2-CPS-2024-513,cdf_proposed_project,,,2024.0,,Proposed,Construction of a police post,,,,,,,,,,CDF-2024-PROPOSED-AND-APPROVED-PROJECTS.pdf,,,,
financial_statements_revenue_cdf,,,,,,,,,,KIT2-CPS-2024-514,cdf_proposed_project,,,2024.0,,Proposed,Construction of a 1x4 classroom block at Kamatipa combined school,,,,,,,,,,CDF-2024-PROPOSED-AND-APPROVED-PROJECTS.pdf,,,,
financial_statements_revenue_cdf,,,,,,,,,,KIT2-CPS-2024-515,cdf_proposed_project,,,2024.0,,Proposed,Drilling of va borehole at Kamatipa combined school,,,,,,,,,,CDF-2024-PROPOSED-AND-APPROVED-PROJECTS.pdf,,,,
financial_statements_revenue_cdf,,,,,,,,,,KIT2-CPS-2024-516,cdf_proposed_project,,,2024.0,,Proposed,Roof renovation of 1x6 classroom block at Kamatipa combined school,,,,,,,,,,CDF-2024-PROPOSED-AND-APPROVED-PROJECTS.pdf,,,,
financial_statements_revenue_cdf,,,,,,,,,,KIT2-CPS-2024-517,cdf_proposed_project,,,2024.0,,Proposed,Construction of a bridge between Kawama ward and Kamatipa ward,,,,,,,,,,CDF-2024-PROPOSED-AND-APPROVED-PROJECTS.pdf,,,,
financial_statements_revenue_cdf,,,,,,,,,,KIT2-CPS-2024-518,cdf_proposed_project,,,2024.0,,Proposed,Purchasing of land for a clinic,,,,,,,,,,CDF-2024-PROPOSED-AND-APPROVED-PROJECTS.pdf,,,,
financial_statements_revenue_cdf,,,,,,,,,,KIT2-CPS-2024-519,cdf_proposed_project,,,2024.0,,Proposed,Desk procurement,,,,,,,,,,CDF-2024-PROPOSED-AND-APPROVED-PROJECTS.pdf,,,,
financial_statements_revenue_cdf,,,,,,,,,,KIT2-CPS-2024-520,cdf_proposed_project,,,2024.0,,Proposed,Purchase of Desks,,,,,,,,,,CDF-2024-PROPOSED-AND-APPROVED-PROJECTS.pdf,,,,
financial_statements_revenue_cdf,,,,,,,,,,KIT2-CPS-2024-521,cdf_proposed_project,,,2024.0,,Proposed,Construction of Wall Fence,,,,,,,,,,CDF-2024-PROPOSED-AND-APPROVED-PROJECTS.pdf,,,,
financial_statements_revenue_cdf,,,,,,,,,,KIT2-CPS-2024-522,cdf_proposed_project,,,2024.0,,Proposed,Electrifying the teachers staff houses,,,,,,,,,,CDF-2024-PROPOSED-AND-APPROVED-PROJECTS.pdf,,,,
financial_statements_revenue_cdf,,,,,,,,,,KIT2-CPS-2024-523,cdf_proposed_project,,,2024.0,,Proposed,Siting drilling and equipping of borehole,,,,,,,,,,CDF-2024-PROPOSED-AND-APPROVED-PROJECTS.pdf,,,,
financial_statements_revenue_cdf,,,,,,,,,,KIT2-CPS-2024-524,cdf_proposed_project,,,2024.0,,Proposed,Placing of Culverts,,,,,,,,,,CDF-2024-PROPOSED-AND-APPROVED-PROJECTS.pdf,,,,
financial_statements_revenue_cdf,,,,,,,,,,KIT2-CPS-2024-525,cdf_proposed_project,,,2024.0,,Proposed,Construction of an Ablution Block,,,,,,,,,,CDF-2024-PROPOSED-AND-APPROVED-PROJECTS.pdf,,,,
financial_statements_revenue_cdf,,,,,,,,,,KIT2-CPS-2024-526,cdf_proposed_project,,,2024.0,,Proposed,Construction of Industrial Arts Workshop,,,,,,,,,,CDF-2024-PROPOSED-AND-APPROVED-PROJECTS.pdf,,,,
financial_statements_revenue_cdf,,,,,,,,,,KIT2-CPS-2024-527,cdf_proposed_project,,,2024.0,,Proposed,Construction an Ablution Block,,,,,,,,,,CDF-2024-PROPOSED-AND-APPROVED-PROJECTS.pdf,,,,
financial_statements_revenue_cdf,,,,,,,,,,KIT2-CPS-2024-528,cdf_proposed_project,,,2024.0,,Proposed,Construction of 1x3 Classroom Block,,,,,,,,,,CDF-2024-PROPOSED-AND-APPROVED-PROJECTS.pdf,,,,
financial_statements_revenue_cdf,,,,,,,,,,KIT2-CPS-2024-529,cdf_proposed_project,,,2024.0,,Proposed,Construction of 1x3 Classroom Block,,,,,,,,,,CDF-2024-PROPOSED-AND-APPROVED-PROJECTS.pdf,,,,
financial_statements_revenue_cdf,,,,,,,,,,KIT2-CPS-2024-530,cdf_proposed_project,,,2024.0,,Proposed,Rehabilitation of Clinic,,,,,,,,,,CDF-2024-PROPOSED-AND-APPROVED-PROJECTS.pdf,,,,
financial_statements_revenue_cdf,,,,,,,,,,KIT2-CPS-2024-531,cdf_proposed_project,,,2024.0,,Proposed,Construction an Ablution Block,,,,,,,,,,CDF-2024-PROPOSED-AND-APPROVED-PROJECTS.pdf,,,,
financial_statements_revenue_cdf,,,,,,,,,,KIT2-CPS-2024-532,cdf_proposed_project,,,2024.0,,Proposed,Construction of Market Shelter,,,,,,,,,,CDF-2024-PROPOSED-AND-APPROVED-PROJECTS.pdf,,,,
financial_statements_revenue_cdf,,,,,,,,,,KIT2-CPS-2024-533,cdf_proposed_project,,,2024.0,,Proposed,Construction of 1x3 Classroom Block,,,,,,,,,,CDF-2024-PROPOSED-AND-APPROVED-PROJECTS.pdf,,,,
financial_statements_revenue_cdf,,,,,,,,,,KIT2-CPS-2024-534,cdf_proposed_project,,,2024.0,,Proposed,Construction of Staff House,,,,,,,,,,CDF-2024-PROPOSED-AND-APPROVED-PROJECTS.pdf,,,,
financial_statements_revenue_cdf,,,,,,,,,,KIT2-CPS-2024-535,cdf_proposed_project,,,2024.0,,Proposed,Construction of Health Post,,,,,,,,,,CDF-2024-PROPOSED-AND-APPROVED-PROJECTS.pdf,,,,
financial_statements_revenue_cdf,,,,,,,,,,KIT2-CPS-2024-536,cdf_proposed_project,,,2024.0,,Proposed,Construction of an Ablution Block,,,,,,,,,,CDF-2024-PROPOSED-AND-APPROVED-PROJECTS.pdf,,,,
financial_statements_revenue_cdf,,,,,,,,,,KIT2-CPS-2024-537,cdf_proposed_project,,,2024.0,,Proposed,Construction of 1x2 Classroom Block,,,,,,,,,,CDF-2024-PROPOSED-AND-APPROVED-PROJECTS.pdf,,,,
financial_statements_revenue_cdf,,,,,,,,,,KIT2-CPS-2024-538,cdf_proposed_project,,,2024.0,,Proposed,Construction of an Ablution Block,,,,,,,,,,CDF-2024-PROPOSED-AND-APPROVED-PROJECTS.pdf,,,,
financial_statements_revenue_cdf,,,,,,,,,,KIT2-CPS-2024-539,cdf_proposed_project,,,2024.0,,Proposed,Construction of Health Post,,,,,,,,,,CDF-2024-PROPOSED-AND-APPROVED-PROJECTS.pdf,,,,
financial_statements_revenue_cdf,,,,,,,,,,KIT2-CPS-2024-540,cdf_proposed_project,,,2024.0,,Proposed,Construction of an Ablution Block,,,,,,,,,,CDF-2024-PROPOSED-AND-APPROVED-PROJECTS.pdf,,,,
financial_statements_revenue_cdf,,,,,,,,,,KIT2-CPS-2024-541,cdf_proposed_project,,,2024.0,,Proposed,Construction of 1x3 Classroom Block,,,,,,,,,,CDF-2024-PROPOSED-AND-APPROVED-PROJECTS.pdf,,,,
financial_statements_revenue_cdf,,,,,,,,,,KIT2-CPS-2024-542,cdf_proposed_project,,,2024.0,,Proposed,Construction of 1x4 Classroom Block,,,,,,,,,,CDF-2024-PROPOSED-AND-APPROVED-PROJECTS.pdf,,,,
financial_statements_revenue_cdf,,,,,,,,,,KIT2-CPS-2024-543,cdf_proposed_project,,,2024.0,,Proposed,Completion of Ndeke Mini Hospital,,,,,,,,,,CDF-2024-PROPOSED-AND-APPROVED-PROJECTS.pdf,,,,
financial_statements_revenue_cdf,,,,,,,,,,KIT2-CPS-2024-544,cdf_proposed_project,,,2024.0,,Proposed,Construction of an Ablution Block,,,,,,,,,,CDF-2024-PROPOSED-AND-APPROVED-PROJECTS.pdf,,,,
financial_statements_revenue_cdf,,,,,,,,,,KIT2-CPS-2024-545,cdf_proposed_project,,,2024.0,,Proposed,Construction of Police Post,,,,,,,,,,CDF-2024-PROPOSED-AND-APPROVED-PROJECTS.pdf,,,,
financial_statements_revenue_cdf,,,,,,,,,,KIT2-CPS-2024-546,cdf_proposed_project,,,2024.0,,Proposed,Water Supply - Nkana Water,,,,,,,,,,CDF-2024-PROPOSED-AND-APPROVED-PROJECTS.pdf,,,,
financial_statements_revenue_cdf,,,,,,,,,,KIT2-CPS-2024-547,cdf_proposed_project,,,2024.0,,Proposed,Installation of 2.8km of Streetlights,,,,,,,,,,CDF-2024-PROPOSED-AND-APPROVED-PROJECTS.pdf,,,,
financial_statements_revenue_cdf,,,,,,,,,,KIT2-CPS-2024-548,cdf_proposed_project,,,2024.0,,Proposed,Installation of 2km of Streetlights,,,,,,,,,,CDF-2024-PROPOSED-AND-APPROVED-PROJECTS.pdf,,,,
financial_statements_revenue_cdf,,,,,,,,,,KIT2-CPS-2024-549,cdf_proposed_project,,,2024.0,,Proposed,Installation of 2km of Streetlights,,,,,,,,,,CDF-2024-PROPOSED-AND-APPROVED-PROJECTS.pdf,,,,
financial_statements_revenue_cdf,,,,,,,,,,KIT2-CPS-2024-550,cdf_proposed_project,,,2024.0,,Proposed,Installation of 0.8km of Streetlights,,,,,,,,,,CDF-2024-PROPOSED-AND-APPROVED-PROJECTS.pdf,,,,
financial_statements_revenue_cdf,,,,,,,,,,KIT2-CPS-2024-551,cdf_proposed_project,,,2024.0,,Proposed,Water Supply - Nkana Water,,,,,,,,,,CDF-2024-PROPOSED-AND-APPROVED-PROJECTS.pdf,,,,
financial_statements_revenue_cdf,,,,,,,,,,KIT2-CPS-2024-552,cdf_proposed_project,,,2024.0,,Proposed,Rehabilitation of 1x3 Classroom Block and Wall Fence,,,,,,,,,,CDF-2024-PROPOSED-AND-APPROVED-PROJECTS.pdf,,,,
financial_statements_revenue_cdf,,,,,,,,,,KIT2-CPS-2024-553,cdf_proposed_project,,,2024.0,,Proposed,Construction of Science and Computer Laboratory,,,,,,,,,,CDF-2024-PROPOSED-AND-APPROVED-PROJECTS.pdf,,,,
financial_statements_revenue_cdf,,,,,,,,,,KIT2-CPS-2024-554,cdf_proposed_project,,,2024.0,,Proposed,Construction of Admission Wards,,,,,,,,,,CDF-2024-PROPOSED-AND-APPROVED-PROJECTS.pdf,,,,
financial_statements_revenue_cdf,,,,,,,,,,KIT2-CPS-2024-555,cdf_proposed_project,,,2024.0,,Proposed,Construction of Foot Bridge,,,,,,,,,,CDF-2024-PROPOSED-AND-APPROVED-PROJECTS.pdf,,,,
financial_statements_revenue_cdf,,,,,,,,,,KIT2-CPS-2024-556,cdf_proposed_project,,,2024.0,,Proposed,Construction of Foot Bridge,,,,,,,,,,CDF-2024-PROPOSED-AND-APPROVED-PROJECTS.pdf,,,,
financial_statements_revenue_cdf,,,,,,,,,,KIT2-CPS-2024-557,cdf_proposed_project,,,2024.0,,Proposed,Construction of Foot Bridge,,,,,,,,,,CDF-2024-PROPOSED-AND-APPROVED-PROJECTS.pdf,,,,
financial_statements_revenue_cdf,,,,,,,,,,KIT2-CPS-2024-558,cdf_proposed_project,,,2024.0,,Proposed,Construction of Foot Bridge,,,,,,,,,,CDF-2024-PROPOSED-AND-APPROVED-PROJECTS.pdf,,,,
financial_statements_revenue_cdf,,,,,,,,,,KIT2-CPS-2024-559,cdf_proposed_project,,,2024.0,,Proposed,Water Supply - Nkana Water,,,,,,,,,,CDF-2024-PROPOSED-AND-APPROVED-PROJECTS.pdf,,,,
financial_statements_revenue_cdf,,,,,,,,,,KIT2-CPS-2024-560,cdf_proposed_project,,,2024.0,,Proposed,Renovation of Market Shelter,,,,,,,,,,CDF-2024-PROPOSED-AND-APPROVED-PROJECTS.pdf,,,,
financial_statements_revenue_cdf,,,,,,,,,,KIT2-CPS-2024-561,cdf_proposed_project,,,2024.0,,Proposed,Construction of Police Post,,,,,,,,,,CDF-2024-PROPOSED-AND-APPROVED-PROJECTS.pdf,,,,
financial_statements_revenue_cdf,,,,,,,,,,KIT2-CPS-2024-562,cdf_proposed_project,,,2024.0,,Proposed,Construction of Wall Fence,,,,,,,,,,CDF-2024-PROPOSED-AND-APPROVED-PROJECTS.pdf,,,,
financial_statements_revenue_cdf,,,,,,,,,,KIT2-CPS-2024-563,cdf_proposed_project,,,2024.0,,Proposed,Construction of Foot Bridge,,,,,,,,,,CDF-2024-PROPOSED-AND-APPROVED-PROJECTS.pdf,,,,
financial_statements_revenue_cdf,,,,,,,,,,KIT2-CPS-2024-564,cdf_proposed_project,,,2024.0,,Proposed,Construction of Foot Bridge,,,,,,,,,,CDF-2024-PROPOSED-AND-APPROVED-PROJECTS.pdf,,,,
financial_statements_revenue_cdf,,,,,,,,,,KIT2-CPS-2024-565,cdf_proposed_project,,,2024.0,,Proposed,Rehabilitation of Foot Bridge,,,,,,,,,,CDF-2024-PROPOSED-AND-APPROVED-PROJECTS.pdf,,,,
financial_statements_revenue_cdf,,,,,,,,,,KIT2-CPS-2024-566,cdf_proposed_project,,,2024.0,,Proposed,Installation of 1.2km of Streetlights,,,,,,,,,,CDF-2024-PROPOSED-AND-APPROVED-PROJECTS.pdf,,,,
financial_statements_revenue_cdf,,,,,,,,,,KIT2-CPS-2024-567,cdf_proposed_project,,,2024.0,,Proposed,Installation of 1.6km of Streetlights,,,,,,,,,,CDF-2024-PROPOSED-AND-APPROVED-PROJECTS.pdf,,,,
financial_statements_revenue_cdf,,,,,,,,,,KIT2-CPS-2024-568,cdf_proposed_project,,,2024.0,,Proposed,Installation of 1.9km of Streetlights,,,,,,,,,,CDF-2024-PROPOSED-AND-APPROVED-PROJECTS.pdf,,,,
financial_statements_revenue_cdf,,,,,,,,,,KIT2-CPS-2024-569,cdf_proposed_project,,,2024.0,,Proposed,Installation of 3.9km of Streetlights,,,,,,,,,,CDF-2024-PROPOSED-AND-APPROVED-PROJECTS.pdf,,,,
financial_statements_revenue_cdf,,,,,,,,,,KIT2-CPS-2024-570,cdf_proposed_project,,,2024.0,,Proposed,Construction of Market Shelter,,,,,,,,,,CDF-2024-PROPOSED-AND-APPROVED-PROJECTS.pdf,,,,
financial_statements_revenue_cdf,,,,,,,,,,KIT2-CPS-2024-571,cdf_proposed_project,,,2024.0,,Proposed,Construction of Market Shelter,,,,,,,,,,CDF-2024-PROPOSED-AND-APPROVED-PROJECTS.pdf,,,,
financial_statements_revenue_cdf,,,,,,,,,,KIT2-CPS-2024-572,cdf_proposed_project,,,2024.0,,Proposed,Construction of Police Post,,,,,,,,,,CDF-2024-PROPOSED-AND-APPROVED-PROJECTS.pdf,,,,
financial_statements_revenue_cdf,,,,,,,,,,KIT2-CPS-2024-573,cdf_proposed_project,,,2024.0,,Proposed,Construction of Mothers Shelter,,,,,,,,,,CDF-2024-PROPOSED-AND-APPROVED-PROJECTS.pdf,,,,
financial_statements_revenue_cdf,,,,,,,,,,KIT2-CPS-2024-574,cdf_proposed_project,,,2024.0,,Proposed,Construction of 1x1 Classroom Block,,,,,,,,,,CDF-2024-PROPOSED-AND-APPROVED-PROJECTS.pdf,,,,
financial_statements_revenue_cdf,,,,,,,,,,KIT2-CPS-2024-575,cdf_proposed_project,,,2024.0,,Proposed,Buying off houses for expansion of Mulenga Primary School,,,,,,,,,,CDF-2024-PROPOSED-AND-APPROVED-PROJECTS.pdf,,,,
financial_statements_revenue_cdf,,,,,,,,,,KIT2-CPS-2024-576,cdf_proposed_project,,,2024.0,,Proposed,Construction of Wall Fence,,,,,,,,,,CDF-2024-PROPOSED-AND-APPROVED-PROJECTS.pdf,,,,
financial_statements_revenue_cdf,,,,,,,,,,KIT2-CPS-2024-577,cdf_proposed_project,,,2024.0,,Proposed,Construction of 1x3 Classroom Block,,,,,,,,,,CDF-2024-PROPOSED-AND-APPROVED-PROJECTS.pdf,,,,
financial_statements_revenue_cdf,,,,,,,,,,KIT2-CPS-2024-578,cdf_proposed_project,,,2024.0,,Proposed,Rehabilitation of Ablution Block,,,,,,,,,,CDF-2024-PROPOSED-AND-APPROVED-PROJECTS.pdf,,,,
financial_statements_revenue_cdf,,,,,,,,,,KIT2-CPS-2024-579,cdf_proposed_project,,,2024.0,,Proposed,Construction of Wall Fence,,,,,,,,,,CDF-2024-PROPOSED-AND-APPROVED-PROJECTS.pdf,,,,
financial_statements_revenue_cdf,,,,,,,,,,KIT2-CPS-2024-580,cdf_proposed_project,,,2024.0,,Proposed,Construction of 1x3 Classroom Block,,,,,,,,,,CDF-2024-PROPOSED-AND-APPROVED-PROJECTS.pdf,,,,
financial_statements_revenue_cdf,,,,,,,,,,KIT2-CPS-2024-581,cdf_proposed_project,,,2024.0,,Proposed,Construction of 1x3 Classroom Block,,,,,,,,,,CDF-2024-PROPOSED-AND-APPROVED-PROJECTS.pdf,,,,
financial_statements_revenue_cdf,,,,,,,,,,KIT2-CPS-2024-582,cdf_proposed_project,,,2024.0,,Proposed,Construction of an Ablution Block,,,,,,,,,,CDF-2024-PROPOSED-AND-APPROVED-PROJECTS.pdf,,,,
financial_statements_revenue_cdf,,,,,,,,,,KIT2-CPS-2024-583,cdf_proposed_project,,,2024.0,,Proposed,Purchase of earth moving Machinery,,,,,,,,,,CDF-2024-PROPOSED-AND-APPROVED-PROJECTS.pdf,,,,
financial_statements_revenue_cdf,,,,,,,,,,KIT2-CPS-2024-584,cdf_proposed_project,,,2024.0,,Proposed,Siting drilling and equipping of borehole,,,,,,,,,,CDF-2024-PROPOSED-AND-APPROVED-PROJECTS.pdf,,,,
financial_statements_revenue_cdf,,,,,,,,,,KIT2-CPS-2024-585,cdf_proposed_project,,,2024.0,,Proposed,Construction of a Classroom Block in Misaka,,,,,,,,,,CDF-2024-PROPOSED-AND-APPROVED-PROJECTS.pdf,,,,
financial_statements_revenue_cdf,,,,,,,,,,KIT2-CPS-2024-586,cdf_proposed_project,,,2024.0,,Proposed,Rehabilitation of Market Shelter,,,,,,,,,,CDF-2024-PROPOSED-AND-APPROVED-PROJECTS.pdf,,,,
financial_statements_revenue_cdf,,,,,,,,,,KIT2-CPS-2024-587,cdf_proposed_project,,,2024.0,,Proposed,Completion of Toilet at Market Shelter,,,,,,,,,,CDF-2024-PROPOSED-AND-APPROVED-PROJECTS.pdf,,,,
financial_statements_revenue_cdf,,,,,,,,,,KIT2-CPS-2024-588,cdf_proposed_project,,,2024.0,,Proposed,Grading of Roads,,,,,,,,,,CDF-2024-PROPOSED-AND-APPROVED-PROJECTS.pdf,,,,
financial_statements_revenue_cdf,,,,,,,,,,KIT2-CPS-2024-589,cdf_proposed_project,,,2024.0,,Proposed,Procurement of 4 Toyota Hiace Ace Mini Bus 14 Seats,,,,,,,,,,CDF-2024-PROPOSED-AND-APPROVED-PROJECTS.pdf,,,,
financial_statements_revenue_cdf,,,,,,,,,,KIT2-CPS-2024-590,cdf_proposed_project,,,2024.0,,Proposed,Construction of an Ablution Block,,,,,,,,,,CDF-2024-PROPOSED-AND-APPROVED-PROJECTS.pdf,,,,
financial_statements_revenue_cdf,,,,,,,,,,KIT2-CPS-2024-591,cdf_proposed_project,,,2024.0,,Proposed,Construction of Wall Fence with the inclusion of Desks,,,,,,,,,,CDF-2024-PROPOSED-AND-APPROVED-PROJECTS.pdf,,,,
financial_statements_revenue_cdf,,,,,,,,,,KIT2-CPS-2024-592,cdf_proposed_project,,,2024.0,,Proposed,Construction of skills Centre,,,,,,,,,,CDF-2024-PROPOSED-AND-APPROVED-PROJECTS.pdf,,,,
financial_statements_revenue_cdf,,,,,,,,,,KIT2-CPS-2024-593,cdf_proposed_project,,,2024.0,,Proposed,Construction of Wall Fence,,,,,,,,,,CDF-2024-PROPOSED-AND-APPROVED-PROJECTS.pdf,,,,
financial_statements_revenue_cdf,,,,,,,,,,KIT2-CPS-2024-594,cdf_proposed_project,,,2024.0,,Proposed,Water Pump,,,,,,,,,,CDF-2024-PROPOSED-AND-APPROVED-PROJECTS.pdf,,,,
financial_statements_revenue_cdf,,,,,,,,,,KIT2-CPS-2024-595,cdf_proposed_project,,,2024.0,,Proposed,Construction of Wall Fence,,,,,,,,,,CDF-2024-PROPOSED-AND-APPROVED-PROJECTS.pdf,,,,
financial_statements_revenue_cdf,,,,,,,,,,KIT2-CPS-2024-596,cdf_proposed_project,,,2024.0,,Proposed,Construction of Wall Fence,,,,,,,,,,CDF-2024-PROPOSED-AND-APPROVED-PROJECTS.pdf,,,,
financial_statements_revenue_cdf,,,,,,,,,,KIT2-CPS-2024-597,cdf_proposed_project,,,2024.0,,Proposed,Construction of Wall Fence,,,,,,,,,,CDF-2024-PROPOSED-AND-APPROVED-PROJECTS.pdf,,,,
financial_statements_revenue_cdf,,,,,,,,,,KIT2-CPS-2024-598,cdf_proposed_project,,,2024.0,,Proposed,Construction of an Ablution Block,,,,,,,,,,CDF-2024-PROPOSED-AND-APPROVED-PROJECTS.pdf,,,,
financial_statements_revenue_cdf,,,,,,,,,,KIT2-CPS-2024-599,cdf_proposed_project,,,2024.0,,Proposed,Construction of a Health Post,,,,,,,,,,CDF-2024-PROPOSED-AND-APPROVED-PROJECTS.pdf,,,,
financial_statements_revenue_cdf,,,,,,,,,,KIT2-CPS-2024-600,cdf_proposed_project,,,2024.0,,Proposed,Drilling And Equipping of Borehole at Bulangililo Clinic,,,,,,,,,,CDF-2024-PROPOSED-AND-APPROVED-PROJECTS.pdf,,,,
financial_statements_revenue_cdf,,,,,,,,,,KIT2-CPS-2024-601,cdf_proposed_project,,,2024.0,,Proposed,Equipping of Borehole - at Mwaiseni overspill Market and Ablution,,,,,,,,,,CDF-2024-PROPOSED-AND-APPROVED-PROJECTS.pdf,,,,
financial_statements_revenue_cdf,,,,,,,,,,KIT2-CPS-2024-602,cdf_proposed_project,,,2024.0,,Proposed,Equipping of Borehole - at Nyali Community Police Post,,,,,,,,,,CDF-2024-PROPOSED-AND-APPROVED-PROJECTS.pdf,,,,
financial_statements_revenue_cdf,,,,,,,,,,KIT2-CPS-2024-603,cdf_proposed_project,,,2024.0,,Proposed,Health Clinic,,,,,,,,,,CDF-2024-PROPOSED-AND-APPROVED-PROJECTS.pdf,,,,
financial_statements_revenue_cdf,,,,,,,,,,KIT2-CPS-2024-604,cdf_proposed_project,,,2024.0,,Proposed,Procurement of 100 Desks for Kafue Park Primary School,,,,,,,,,,CDF-2024-PROPOSED-AND-APPROVED-PROJECTS.pdf,,,,
financial_statements_revenue_cdf,,,,,,,,,,KIT2-CPS-2024-605,cdf_proposed_project,,,2024.0,,Proposed,Procurement of 110 Desks for the 1x4 Classroom Block at Chantete Primary School,,,,,,,,,,CDF-2024-PROPOSED-AND-APPROVED-PROJECTS.pdf,,,,
financial_statements_revenue_cdf,,,,,,,,,,KIT2-CPS-2024-606,cdf_proposed_project,,,2024.0,,Proposed,Procurement of 180 Desks for Lulamba Primary School,,,,,,,,,,CDF-2024-PROPOSED-AND-APPROVED-PROJECTS.pdf,,,,
financial_statements_revenue_cdf,,,,,,,,,,KIT2-CPS-2024-607,cdf_proposed_project,,,2024.0,,Proposed,Procurement of 200 Desks at Bulangililo Combined School A & B,,,,,,,,,,CDF-2024-PROPOSED-AND-APPROVED-PROJECTS.pdf,,,,
financial_statements_revenue_cdf,,,,,,,,,,KIT2-CPS-2024-608,cdf_proposed_project,,,2024.0,,Proposed,Procurement of 200 Desks for Mitanto School Community Hall,,,,,,,,,,CDF-2024-PROPOSED-AND-APPROVED-PROJECTS.pdf,,,,
financial_statements_revenue_cdf,,,,,,,,,,KIT2-CPS-2024-609,cdf_proposed_project,,,2024.0,,Proposed,Procurement of 200 School Desks for Riverain School,,,,,,,,,,CDF-2024-PROPOSED-AND-APPROVED-PROJECTS.pdf,,,,
financial_statements_revenue_cdf,,,,,,,,,,KIT2-CPS-2024-610,cdf_proposed_project,,,2024.0,,Proposed,Procurement of 60 Desks for Mupundu Primary School,,,,,,,,,,CDF-2024-PROPOSED-AND-APPROVED-PROJECTS.pdf,,,,
financial_statements_revenue_cdf,,,,,,,,,,KIT2-CPS-2024-611,cdf_proposed_project,,,2024.0,,Proposed,Procurement of 750 Desks and 200 Desk Boards at Ipusukilo Primary School,,,,,,,,,,CDF-2024-PROPOSED-AND-APPROVED-PROJECTS.pdf,,,,
financial_statements_revenue_cdf,,,,,,,,,,KIT2-CPS-2024-612,cdf_proposed_project,,,2024.0,,Proposed,Procurement of a Bull Dozer,,,,,,,,,,CDF-2024-PROPOSED-AND-APPROVED-PROJECTS.pdf,,,,
financial_statements_revenue_cdf,,,,,,,,,,KIT2-CPS-2024-613,cdf_proposed_project,,,2024.0,,Proposed,Procurement of a Grader & Tipper Truck (Bell),,,,,,,,,,CDF-2024-PROPOSED-AND-APPROVED-PROJECTS.pdf,,,,
financial_statements_revenue_cdf,,,,,,,,,,KIT2-CPS-2024-614,cdf_proposed_project,,,2024.0,,Proposed,Procurement of School Desks,,,,,,,,,,CDF-2024-PROPOSED-AND-APPROVED-PROJECTS.pdf,,,,
financial_statements_revenue_cdf,,,,,,,,,,KIT2-CPS-2024-615,cdf_proposed_project,,,2024.0,,Proposed,Purchase of aa Ambulance at Eddeco Clinic and Upgrading the Clinic and Toilets,,,,,,,,,,CDF-2024-PROPOSED-AND-APPROVED-PROJECTS.pdf,,,,
financial_statements_revenue_cdf,,,,,,,,,,KIT2-CPS-2024-616,cdf_proposed_project,,,2024.0,,Proposed,Purchase of Equipment for the Maternity Wing at Ipusukilo Clinic,,,,,,,,,,CDF-2024-PROPOSED-AND-APPROVED-PROJECTS.pdf,,,,
financial_statements_revenue_cdf,,,,,,,,,,KIT2-CPS-2024-617,cdf_proposed_project,,,2024.0,,Proposed,Rehabilitation of OPD 1 at Kwacha Clinic,,,,,,,,,,CDF-2024-PROPOSED-AND-APPROVED-PROJECTS.pdf,,,,
financial_statements_revenue_cdf,,,,,,,,,,KIT2-CPS-2024-618,cdf_proposed_project,,,2024.0,,Proposed,Re-Installation and New Connections - Equipping of Borehole,,,,,,,,,,CDF-2024-PROPOSED-AND-APPROVED-PROJECTS.pdf,,,,
financial_statements_revenue_cdf,,,,,,,,,,KIT2-CPS-2024-619,cdf_proposed_project,,,2024.0,,Proposed,Re-Installation and New Connections - Equipping of Borehole,,,,,,,,,,CDF-2024-PROPOSED-AND-APPROVED-PROJECTS.pdf,,,,
financial_statements_revenue_cdf,,,,,,,,,,KIT2-CPS-2024-620,cdf_proposed_project,,,2024.0,,Proposed,Road Paving of CBU Clinic Road,,,,,,,,,,CDF-2024-PROPOSED-AND-APPROVED-PROJECTS.pdf,,,,
financial_statements_revenue_cdf,,,,,,,,,,KIT2-CPS-2024-621,cdf_proposed_project,,,2024.0,,Proposed,Siting And Drilling of Borehole - at Nyali Community Police Post,,,,,,,,,,CDF-2024-PROPOSED-AND-APPROVED-PROJECTS.pdf,,,,
financial_statements_revenue_cdf,,,,,,,,,,KIT2-CPS-2024-622,cdf_proposed_project,,,2024.0,,Proposed,Siting And Drilling of Borehole - at Mwaiseni Overspill Market,,,,,,,,,,CDF-2024-PROPOSED-AND-APPROVED-PROJECTS.pdf,,,,
financial_statements_revenue_cdf,,,,,,,,,,KIT2-CPS-2024-623,cdf_proposed_project,,,2024.0,,Proposed,Stone Pitching of The Drainage in Chimbotela Area,,,,,,,,,,CDF-2024-PROPOSED-AND-APPROVED-PROJECTS.pdf,,,,
financial_statements_revenue_cdf,,,,,,,,,,KIT2-CPS-2024-624,cdf_proposed_project,,,2024.0,,Proposed,Supply and Delivery of an Ambulance,,,,,,,,,,CDF-2024-PROPOSED-AND-APPROVED-PROJECTS.pdf,,,,
financial_statements_revenue_cdf,,,,,,,,,,KIT2-CPS-2024-625,cdf_proposed_project,,,2024.0,,Proposed,Supply and Delivery of Motor Grader,,,,,,,,,,CDF-2024-PROPOSED-AND-APPROVED-PROJECTS.pdf,,,,
financial_statements_revenue_cdf,,,,,,,,,,KIT2-CPS-2024-626,cdf_proposed_project,,,2024.0,,Proposed,Supply and Delivery of Tipper Truck,,,,,,,,,,CDF-2024-PROPOSED-AND-APPROVED-PROJECTS.pdf,,,,
financial_statements_revenue_cdf,,,,,,,,,,KIT2-CPS-2024-627,cdf_proposed_project,,,2024.0,,Proposed,Supply and Installation of a Sliding Gate at Bulangililo Clinic,,,,,,,,,,CDF-2024-PROPOSED-AND-APPROVED-PROJECTS.pdf,,,,
financial_statements_revenue_cdf,,,,,,,,,,KIT2-CPS-2024-628,cdf_proposed_project,,,2024.0,,Proposed,Upgrading of Ipusukilo Market/ Borehole Installation,,,,,,,,,,CDF-2024-PROPOSED-AND-APPROVED-PROJECTS.pdf,,,,
financial_statements_revenue_cdf,,,,,,,,,,KIT2-CPS-2024-629,cdf_proposed_project,,,2024.0,,Proposed,Upgrading of Nkana East Clinic to a Mini Hospital,,,,,,,,,,CDF-2024-PROPOSED-AND-APPROVED-PROJECTS.pdf,,,,
financial_statements_revenue_cdf,,,,,,,,,,KIT2-CPS-2024-630,cdf_proposed_project,,,2024.0,,Proposed,Upgrading the Road from Ipusukilo Police Post through Eddeco Clinic,,,,,,,,,,CDF-2024-PROPOSED-AND-APPROVED-PROJECTS.pdf,,,,
financial_statements_revenue_cdf,,,,,,,,,,KIT2-CPS-2024-631,cdf_proposed_project,,,2024.0,,Proposed,Extension of Concrete Base on Entrance and Exits,,,,,,,,,,CDF-2024-PROPOSED-AND-APPROVED-PROJECTS.pdf,,,,
financial_statements_revenue_cdf,,,,,,,,,,KIT2-CPS-2024-632,cdf_proposed_project,,,2024.0,,Proposed,Construction of an Ablution Block at Bulangililo Market,,,,,,,,,,CDF-2024-PROPOSED-AND-APPROVED-PROJECTS.pdf,,,,
financial_statements_revenue_cdf,,,,,,,,,,KIT2-CPS-2024-633,cdf_proposed_project,,,2024.0,,Proposed,Construction of Concrete Block Wall Fence at Lulamba Primary School,,,,,,,,,,CDF-2024-PROPOSED-AND-APPROVED-PROJECTS.pdf,,,,
financial_statements_revenue_cdf,,,,,,,,,,KIT2-CPS-2024-634,cdf_proposed_project,,,2024.0,,Proposed,Construction of Police Post in Kwacha Resettlement (Kr) Area,,,,,,,,,,CDF-2024-PROPOSED-AND-APPROVED-PROJECTS.pdf,,,,
financial_statements_revenue_cdf,,,,,,,,,,KIT2-CPS-2024-635,cdf_proposed_project,,,2024.0,,Proposed,Construction of Standard Health Post at Kafue,,,,,,,,,,CDF-2024-PROPOSED-AND-APPROVED-PROJECTS.pdf,,,,
financial_statements_revenue_cdf,,,,,,,,,,KIT2-CPS-2024-636,cdf_proposed_project,,,2024.0,,Proposed,Drilling and equipping,,,,,,,,,,CDF-2024-PROPOSED-AND-APPROVED-PROJECTS.pdf,,,,
financial_statements_revenue_cdf,,,,,,,,,,KIT2-CPS-2024-637,cdf_proposed_project,,,2024.0,,Proposed,Variation on the Construction of Police Post,,,,,,,,,,CDF-2024-PROPOSED-AND-APPROVED-PROJECTS.pdf,,,,
financial_statements_revenue_cdf,,,,,,,,,,KIT2-CPS-2024-638,cdf_proposed_project,,,2024.0,,Proposed,Construction of a Mother's shelter at Mugala Clinic,,,,,,,,,,CDF-2024-PROPOSED-AND-APPROVED-PROJECTS.pdf,,,,
financial_statements_revenue_cdf,,,,,,,,,,KIT2-CPS-2024-639,cdf_proposed_project,,,2024.0,,Proposed,Construction of a Market Electric Borehole and Water Scheme in Mugala Community,,,,,,,,,,CDF-2024-PROPOSED-AND-APPROVED-PROJECTS.pdf,,,,
financial_statements_revenue_cdf,,,,,,,,,,KIT2-CPS-2024-640,cdf_proposed_project,,,2024.0,,Proposed,Electrification of Mugala Clinic and the entire community using (REA) Funds,,,,,,,,,,CDF-2024-PROPOSED-AND-APPROVED-PROJECTS.pdf,,,,
financial_statements_revenue_cdf,,,,,,,,,,KIT2-CPS-2024-641,cdf_proposed_project,,,2024.0,,Proposed,Wirefencing Procurement of furniture and painting of a Police Post,,,,,,,,,,CDF-2024-PROPOSED-AND-APPROVED-PROJECTS.pdf,,,,
financial_statements_revenue_cdf,,,,,,,,,,KIT2-CPS-2024-642,cdf_proposed_project,,,2024.0,,Proposed,Grading and Putting of Laterite on Existing Main Roads,,,,,,,,,,CDF-2024-PROPOSED-AND-APPROVED-PROJECTS.pdf,,,,
financial_statements_revenue_cdf,,,,,,,,,,KIT2-CPS-2024-643,cdf_proposed_project,,,2024.0,,Proposed,Installation of Solar Street lights in all Major Roads in the ward,,,,,,,,,,CDF-2024-PROPOSED-AND-APPROVED-PROJECTS.pdf,,,,
financial_statements_revenue_cdf,,,,,,,,,,KIT2-CPS-2024-644,cdf_proposed_project,,,2024.0,,Proposed,Procurement of Security Containers,,,,,,,,,,CDF-2024-PROPOSED-AND-APPROVED-PROJECTS.pdf,,,,
financial_statements_revenue_cdf,,,,,,,,,,KIT2-CPS-2024-645,cdf_proposed_project,,,2024.0,,Proposed,Construction of Speed Humps,,,,,,,,,,CDF-2024-PROPOSED-AND-APPROVED-PROJECTS.pdf,,,,
financial_statements_revenue_cdf,,,,,,,,,,KIT2-CPS-2024-646,cdf_proposed_project,,,2024.0,,Proposed,Construction of a Wall fence around Kamakonde Primary School,,,,,,,,,,CDF-2024-PROPOSED-AND-APPROVED-PROJECTS.pdf,,,,
financial_statements_revenue_cdf,,,,,,,,,,KIT2-CPS-2024-647,cdf_proposed_project,,,2024.0,,Proposed,Water (Drilling of Solar Powered Borehole at Mipaip Section,,,,,,,,,,CDF-2024-PROPOSED-AND-APPROVED-PROJECTS.pdf,,,,
financial_statements_revenue_cdf,,,,,,,,,,KIT2-CPS-2024-648,cdf_proposed_project,,,2024.0,,Proposed,Construction of a Raod Using Waste Rock and Laterite,,,,,,,,,,CDF-2024-PROPOSED-AND-APPROVED-PROJECTS.pdf,,,,
financial_statements_revenue_cdf,,,,,,,,,,KIT2-CPS-2024-649,cdf_proposed_project,,,2024.0,,Proposed,Construction of Houses,,,,,,,,,,CDF-2024-PROPOSED-AND-APPROVED-PROJECTS.pdf,,,,
financial_statements_revenue_cdf,,,,,,,,,,KIT2-CPS-2024-650,cdf_proposed_project,,,2024.0,,Proposed,Martenity wing Construction,,,,,,,,,,CDF-2024-PROPOSED-AND-APPROVED-PROJECTS.pdf,,,,
financial_statements_revenue_cdf,,,,,,,,,,KIT2-CPS-2024-651,cdf_proposed_project,,,2024.0,,Proposed,Construction of Classroom Blocks,,,,,,,,,,CDF-2024-PROPOSED-AND-APPROVED-PROJECTS.pdf,,,,
financial_statements_revenue_cdf,,,,,,,,,,KIT2-CPS-2024-652,cdf_proposed_project,,,2024.0,,Proposed,Development of a Road Network,,,,,,,,,,CDF-2024-PROPOSED-AND-APPROVED-PROJECTS.pdf,,,,
financial_statements_revenue_cdf,,,,,,,,,,KIT2-CPS-2024-653,cdf_proposed_project,,,2024.0,,Proposed,Construction of a Pipped water Supply System,,,,,,,,,,CDF-2024-PROPOSED-AND-APPROVED-PROJECTS.pdf,,,,
financial_statements_revenue_cdf,,,,,,,,,,KIT2-CPS-2024-654,cdf_proposed_project,,,2024.0,,Proposed,Grading and compacting a 20KM Road,,,,,,,,,,CDF-2024-PROPOSED-AND-APPROVED-PROJECTS.pdf,,,,
financial_statements_revenue_cdf,,,,,,,,,,KIT2-CPS-2024-655,cdf_proposed_project,,,2024.0,,Proposed,Bridge Construction,,,,,,,,,,CDF-2024-PROPOSED-AND-APPROVED-PROJECTS.pdf,,,,
financial_statements_revenue_cdf,,,,,,,,,,KIT2-CPS-2024-656,cdf_proposed_project,,,2024.0,,Proposed,Construction of a 1x3 Class Room,,,,,,,,,,CDF-2024-PROPOSED-AND-APPROVED-PROJECTS.pdf,,,,
financial_statements_revenue_cdf,,,,,,,,,,KIT2-CPS-2024-657,cdf_proposed_project,,,2024.0,,Proposed,Street lights,,,,,,,,,,CDF-2024-PROPOSED-AND-APPROVED-PROJECTS.pdf,,,,
financial_statements_revenue_cdf,,,,,,,,,,KIT2-CPS-2024-658,cdf_proposed_project,,,2024.0,,Proposed,Renovations of Country Buildings Judiciary,,,,,,,,,,CDF-2024-PROPOSED-AND-APPROVED-PROJECTS.pdf,,,,
financial_statements_revenue_cdf,,,,,,,,,,KIT2-CPS-2024-659,cdf_proposed_project,,,2024.0,,Proposed,Procurement of School Desks,,,,,,,,,,CDF-2024-PROPOSED-AND-APPROVED-PROJECTS.pdf,,,,
financial_statements_revenue_cdf,,,,,,,,,,KIT2-CPS-2024-660,cdf_proposed_project,,,2024.0,,Proposed,Construction of Staff Toilets,,,,,,,,,,CDF-2024-PROPOSED-AND-APPROVED-PROJECTS.pdf,,,,
financial_statements_revenue_cdf,,,,,,,,,,KIT2-CPS-2024-661,cdf_proposed_project,,,2024.0,,Proposed,Procurement of School Desks,,,,,,,,,,CDF-2024-PROPOSED-AND-APPROVED-PROJECTS.pdf,,,,
financial_statements_revenue_cdf,,,,,,,,,,KIT2-CPS-2024-662,cdf_proposed_project,,,2024.0,,Proposed,Construction of Road,,,,,,,,,,CDF-2024-PROPOSED-AND-APPROVED-PROJECTS.pdf,,,,
financial_statements_revenue_cdf,,,,,,,,,,KIT2-CPS-2024-663,cdf_proposed_project,,,2024.0,,Proposed,Construction of Police post,,,,,,,,,,CDF-2024-PROPOSED-AND-APPROVED-PROJECTS.pdf,,,,
financial_statements_revenue_cdf,,,,,,,,,,KIT2-CPS-2024-664,cdf_proposed_project,,,2024.0,,Proposed,Road grading of Street Roads,,,,,,,,,,CDF-2024-PROPOSED-AND-APPROVED-PROJECTS.pdf,,,,
financial_statements_revenue_cdf,,,,,,,,,,KIT2-CPS-2024-665,cdf_proposed_project,,,2024.0,,Proposed,Procurement of School Desks,,,,,,,,,,CDF-2024-PROPOSED-AND-APPROVED-PROJECTS.pdf,,,,
financial_statements_revenue_cdf,,,,,,,,,,KIT2-CPS-2024-666,cdf_proposed_project,,,2024.0,,Proposed,Construction of Health facility,,,,,,,,,,CDF-2024-PROPOSED-AND-APPROVED-PROJECTS.pdf,,,,
financial_statements_revenue_cdf,,,,,,,,,,KIT2-CPS-2024-667,cdf_proposed_project,,,2024.0,,Proposed,Construction and rehabilitation of infrastructure at Kitwe Boys Secondary School,,,,,,,,,,CDF-2024-PROPOSED-AND-APPROVED-PROJECTS.pdf,,,,
financial_statements_revenue_cdf,,,,,,,,,,KIT2-CPS-2024-668,cdf_proposed_project,,,2024.0,,Proposed,Renovation of Court building at Kitwe II Local Court,,,,,,,,,,CDF-2024-PROPOSED-AND-APPROVED-PROJECTS.pdf,,,,
financial_statements_revenue_cdf,,,,,,,,,,KIT2-CPS-2024-669,cdf_proposed_project,,,2024.0,,Proposed,Renovation of Court building at Kitwe Sub Court,,,,,,,,,,CDF-2024-PROPOSED-AND-APPROVED-PROJECTS.pdf,,,,
financial_statements_revenue_cdf,,,,,,,,,,KIT2-CPS-2024-670,cdf_proposed_project,,,2024.0,,Proposed,Construction of Public Ablution block at Kitwe High Court,,,,,,,,,,CDF-2024-PROPOSED-AND-APPROVED-PROJECTS.pdf,,,,
financial_statements_revenue_cdf,,,,,,,,,,KIT2-CPS-2024-671,cdf_proposed_project,,,2024.0,,Proposed,Paving of Court yard at Kitwe High Court,,,,,,,,,,CDF-2024-PROPOSED-AND-APPROVED-PROJECTS.pdf,,,,
financial_statements_revenue_cdf,,,,,,,,,,KIT2-CPS-2024-672,cdf_proposed_project,,,2024.0,,Proposed,Construction of a 1 x 4 Classroom block at St. Anthony Primary School,,,,,,,,,,CDF-2024-PROPOSED-AND-APPROVED-PROJECTS.pdf,,,,
financial_statements_revenue_cdf,,,,,,,,,,KIT2-CPS-2024-673,cdf_proposed_project,,,2024.0,,Proposed,Construction of a wall fence around Kitwe Main Combined School,,,,,,,,,,CDF-2024-PROPOSED-AND-APPROVED-PROJECTS.pdf,,,,
financial_statements_revenue_cdf,,,,,,,,,,KIT2-CPS-2024-674,cdf_proposed_project,,,2024.0,,Proposed,Installation of solar street lights,,,,,,,,,,CDF-2024-PROPOSED-AND-APPROVED-PROJECTS.pdf,,,,
financial_statements_revenue_cdf,,,,,,,,,,KIT2-CPS-2024-675,cdf_proposed_project,,,2024.0,,Proposed,Construction of Market shelter in Kandawe,,,,,,,,,,CDF-2024-PROPOSED-AND-APPROVED-PROJECTS.pdf,,,,
financial_statements_revenue_cdf,,,,,,,,,,KIT2-CPS-2024-676,cdf_proposed_project,,,2024.0,,Proposed,Construction of Charcoal market shelter in St. Anthony,,,,,,,,,,CDF-2024-PROPOSED-AND-APPROVED-PROJECTS.pdf,,,,
financial_statements_revenue_cdf,,,,,,,,,,KIT2-CPS-2024-677,cdf_proposed_project,,,2024.0,,Proposed,Construction of a Police post in Buyantanshi,,,,,,,,,,CDF-2024-PROPOSED-AND-APPROVED-PROJECTS.pdf,,,,
financial_statements_revenue_cdf,,,,,,,,,,KIT2-CPS-2024-678,cdf_proposed_project,,,2024.0,,Proposed,Installation of solar street lights along Diamond drive,,,,,,,,,,CDF-2024-PROPOSED-AND-APPROVED-PROJECTS.pdf,,,,
financial_statements_revenue_cdf,,,,,,,,,,KIT2-CPS-2024-679,cdf_proposed_project,,,2024.0,,Proposed,Street lights,,,,,,,,,,CDF-2024-PROPOSED-AND-APPROVED-PROJECTS.pdf,,,,
financial_statements_revenue_cdf,,,,,,,,,,KIT2-CPS-2024-680,cdf_proposed_project,,,2024.0,,Proposed,Water Project,,,,,,,,,,CDF-2024-PROPOSED-AND-APPROVED-PROJECTS.pdf,,,,
financial_statements_revenue_cdf,,,,,,,,,,KIT2-CPS-2024-681,cdf_proposed_project,,,2024.0,,Proposed,Construction of Toilet at Mindolo North Clinic,,,,,,,,,,CDF-2024-PROPOSED-AND-APPROVED-PROJECTS.pdf,,,,
financial_statements_revenue_cdf,,,,,,,,,,KIT2-CPS-2024-682,cdf_proposed_project,,,2024.0,,Proposed,Wall fence at Salem Primary School,,,,,,,,,,CDF-2024-PROPOSED-AND-APPROVED-PROJECTS.pdf,,,,
financial_statements_revenue_cdf,,,,,,,,,,KIT2-CPS-2024-683,cdf_proposed_project,,,2024.0,,Proposed,Drilling of borehole at Chamboli primary school,,,,,,,,,,CDF-2024-PROPOSED-AND-APPROVED-PROJECTS.pdf,,,,
financial_statements_revenue_cdf,,,,,,,,,,KIT2-CPS-2024-684,cdf_proposed_project,,,2024.0,,Proposed,Purchase of an ambulance,,,,,,,,,,CDF-2024-PROPOSED-AND-APPROVED-PROJECTS.pdf,,,,
financial_statements_revenue_cdf,,,,,,,,,,KIT2-CPS-2024-685,cdf_proposed_project,,,2024.0,,Proposed,Purchase of 3305 desks 100 stools and rehabilitation of 350 desks,,,,,,,,,,CDF-2024-PROPOSED-AND-APPROVED-PROJECTS.pdf,,,,
financial_statements_revenue_cdf,,,,,,,,,,KIT2-CPS-2024-686,cdf_proposed_project,,,2024.0,,Proposed,Construction of a clinic in Luangwa,,,,,,,,,,CDF-2024-PROPOSED-AND-APPROVED-PROJECTS.pdf,,,,
financial_statements_revenue_cdf,,,,,,,,,,KIT2-CPS-2024-687,cdf_proposed_project,,,2024.0,,Proposed,Contribution towards hospital road,,,,,,,,,,CDF-2024-PROPOSED-AND-APPROVED-PROJECTS.pdf,,,,
financial_statements_revenue_cdf,,,,,,,,,,KIT2-CPS-2024-688,cdf_proposed_project,,,2024.0,,Proposed,Additional funds towards the purchase of a bull tractor,,,,,,,,,,CDF-2024-PROPOSED-AND-APPROVED-PROJECTS.pdf,,,,
financial_statements_revenue_cdf,,,,,,,,,,KIT2-CPS-2024-689,cdf_proposed_project,,,2024.0,,Proposed,Allocation for CDF hour radio show and publicity,,,,,,,,,,CDF-2024-PROPOSED-AND-APPROVED-PROJECTS.pdf,,,,
financial_statements_revenue_cdf,,,,,,,,,,KIT2-CPS-2024-690,cdf_proposed_project,,,2024.0,,Proposed,Electrification of Lima Primary School,,,,,,,,,,CDF-2024-PROPOSED-AND-APPROVED-PROJECTS.pdf,,,,
financial_statements_revenue_cdf,,,,,,,,,,KIT2-CPS-2024-691,cdf_proposed_project,,,2024.0,,Proposed,Construction of an ablution block at the Wusakile local court,,,,,,,,,,CDF-2024-PROPOSED-AND-APPROVED-PROJECTS.pdf,,,,
financial_statements_revenue_cdf,,,,,,,,,,KIT2-CPS-2024-692,cdf_proposed_project,,,2024.0,,Proposed,Completion of 120m wall fence at the Wusakile Skills Training Centre,,,,,,,,,,CDF-2024-PROPOSED-AND-APPROVED-PROJECTS.pdf,,,,
financial_statements_revenue_cdf,,,,,,,,,,KIT2-CPS-2024-693,cdf_proposed_project,,,2024.0,,Proposed,Fuel for the bull tractor,,,,,,,,,,CDF-2024-PROPOSED-AND-APPROVED-PROJECTS.pdf,,,,
financial_statements_revenue_cdf,,,,,,,,,,KIT2-CPS-2024-694,cdf_proposed_project,,,2024.0,,Proposed,Drilling of a borehole in Kakolo,,,,,,,,,,CDF-2024-PROPOSED-AND-APPROVED-PROJECTS.pdf,,,,
financial_statements_revenue_cdf,,,,,,,,,,KIT2-CPS-2024-695,cdf_proposed_project,,,2024.0,,Proposed,Equipping of a borehole in Kakolo,,,,,,,,,,CDF-2024-PROPOSED-AND-APPROVED-PROJECTS.pdf,,,,
financial_statements_revenue_cdf,,,,,,,,,,KIT2-CPS-2024-696,cdf_proposed_project,,,2024.0,,Proposed,Drilling of a borehole in Luangwa,,,,,,,,,,CDF-2024-PROPOSED-AND-APPROVED-PROJECTS.pdf,,,,
financial_statements_revenue_cdf,,,,,,,,,,KIT2-CPS-2024-697,cdf_proposed_project,,,2024.0,,Proposed,Equipping of a borehole in Luangwa,,,,,,,,,,CDF-2024-PROPOSED-AND-APPROVED-PROJECTS.pdf,,,,
financial_statements_revenue_cdf,,,,,,,,,,KIT2-CPS-2024-698,cdf_proposed_project,,,2024.0,,Proposed,Trapezoidal drainage,,,,,,,,,,CDF-2024-PROPOSED-AND-APPROVED-PROJECTS.pdf,,,,
financial_statements_revenue_cdf,,,,,,,,,,KIT2-CPS-2024-699,cdf_proposed_project,,,2024.0,,Proposed,Additional funds towards Muchele borehole in Luangwa ward,,,,,,,,,,CDF-2024-PROPOSED-AND-APPROVED-PROJECTS.pdf,,,,
financial_statements_revenue_cdf,,,,,,,,,,KIT2-CPS-2024-700,cdf_proposed_project,,,2024.0,,Proposed,Twatemwa Combined School,,,,,,,,,,CDF-2024-PROPOSED-AND-APPROVED-PROJECTS.pdf,,,,
financial_statements_revenue_cdf,,,,,,,,,,KIT2-CPS-2024-701,cdf_proposed_project,,,2024.0,,Proposed,Sinking and Equipping 4 Solar Boreholes,,,,,,,,,,CDF-2024-PROPOSED-AND-APPROVED-PROJECTS.pdf,,,,
financial_statements_revenue_cdf,,,,,,,,,,KIT2-CPS-2024-702,cdf_proposed_project,,,2024.0,,Proposed,Completion of a 1x4 Classroom Block,,,,,,,,,,CDF-2024-PROPOSED-AND-APPROVED-PROJECTS.pdf,,,,
financial_statements_revenue_cdf,,,,,,,,,,KIT2-CPS-2024-703,cdf_proposed_project,,,2024.0,,Proposed,Construction of a Science Laboratory,,,,,,,,,,CDF-2024-PROPOSED-AND-APPROVED-PROJECTS.pdf,,,,
financial_statements_revenue_cdf,,,,,,,,,,KIT2-CPS-2024-704,cdf_proposed_project,,,2024.0,,Proposed,Construction of a School Boundary Wall Fence,,,,,,,,,,CDF-2024-PROPOSED-AND-APPROVED-PROJECTS.pdf,,,,
financial_statements_revenue_cdf,,,,,,,,,,KIT2-CPS-2024-705,cdf_proposed_project,,,2024.0,,Proposed,Construction of a Clinic,,,,,,,,,,CDF-2024-PROPOSED-AND-APPROVED-PROJECTS.pdf,,,,
financial_statements_revenue_cdf,,,,,,,,,,KIT2-CPS-2024-706,cdf_proposed_project,,,2024.0,,Proposed,Procurement of 800 Desks,,,,,,,,,,CDF-2024-PROPOSED-AND-APPROVED-PROJECTS.pdf,,,,
financial_statements_revenue_cdf,,,,,,,,,,KIT2-CPS-2024-707,cdf_proposed_project,,,2024.0,,Proposed,Construction of a School Hall,,,,,,,,,,CDF-2024-PROPOSED-AND-APPROVED-PROJECTS.pdf,,,,
financial_statements_revenue_cdf,,,,,,,,,,KIT2-CPS-2024-708,cdf_proposed_project,,,2024.0,,Proposed,Completion of a 1x4 Classroom Block,,,,,,,,,,CDF-2024-PROPOSED-AND-APPROVED-PROJECTS.pdf,,,,
financial_statements_revenue_cdf,,,,,,,,,,KIT2-CPS-2024-709,cdf_proposed_project,,,2024.0,,Proposed,Construction of a School Boundary Wall Fence,,,,,,,,,,CDF-2024-PROPOSED-AND-APPROVED-PROJECTS.pdf,,,,
financial_statements_revenue_cdf,,,,,,,,,,KIT2-CPS-2024-710,cdf_proposed_project,,,2024.0,,Proposed,Replacement of Water Pipes,,,,,,,,,,CDF-2024-PROPOSED-AND-APPROVED-PROJECTS.pdf,,,,
financial_statements_revenue_cdf,,,,,,,,,,KIT2-CPS-2024-711,cdf_proposed_project,,,2024.0,,Proposed,Construction of a Police Post,,,,,,,,,,CDF-2024-PROPOSED-AND-APPROVED-PROJECTS.pdf,,,,
financial_statements_revenue_cdf,,,,,,,,,,KIT2-CPS-2024-712,cdf_proposed_project,,,2024.0,,Proposed,Provision of West Lock material on Mpundu Road,,,,,,,,,,CDF-2024-PROPOSED-AND-APPROVED-PROJECTS.pdf,,,,
financial_statements_revenue_cdf,,,,,,,,,,KIT2-CPS-2024-713,cdf_proposed_project,,,2024.0,,Proposed,Construction of a Foot Bridge at Huimanism Road,,,,,,,,,,CDF-2024-PROPOSED-AND-APPROVED-PROJECTS.pdf,,,,
financial_statements_revenue_cdf,,,,,,,,,,KIT2-CPS-2024-714,cdf_proposed_project,,,2024.0,,Proposed,Procurement of 500 Desks,,,,,,,,,,CDF-2024-PROPOSED-AND-APPROVED-PROJECTS.pdf,,,,
financial_statements_revenue_cdf,,,,,,,,,,KIT2-CPS-2024-715,cdf_proposed_project,,,2024.0,,Proposed,Construction of a School Boundary Wall Fence,,,,,,,,,,CDF-2024-PROPOSED-AND-APPROVED-PROJECTS.pdf,,,,
financial_statements_revenue_cdf,,,,,,,,,,KIT2-CPS-2024-716,cdf_proposed_project,,,2024.0,,Proposed,Construction of Kamana Mainsa Road,,,,,,,,,,CDF-2024-PROPOSED-AND-APPROVED-PROJECTS.pdf,,,,
financial_statements_revenue_cdf,,,,,,,,,,KIT2-CPS-2024-717,cdf_proposed_project,,,2024.0,,Proposed,Construction of Namyra Road,,,,,,,,,,CDF-2024-PROPOSED-AND-APPROVED-PROJECTS.pdf,,,,
financial_statements_revenue_cdf,,,,,,,,,,KIT2-CPS-2024-718,cdf_proposed_project,,,2024.0,,Proposed,Construction of a Health Post,,,,,,,,,,CDF-2024-PROPOSED-AND-APPROVED-PROJECTS.pdf,,,,
financial_statements_revenue_cdf,,,,,,,,,,KIT2-CPS-2024-719,cdf_proposed_project,,,2024.0,,Proposed,Grading of roads,,,,,,,,,,CDF-2024-PROPOSED-AND-APPROVED-PROJECTS.pdf,,,,
financial_statements_revenue_cdf,,,,,,,,,,KIT2-CPS-2024-720,cdf_proposed_project,,,2024.0,,Proposed,Sinking of 5 boreholes,,,,,,,,,,CDF-2024-PROPOSED-AND-APPROVED-PROJECTS.pdf,,,,
financial_statements_revenue_cdf,,,,,,,,,,KIT2-CPS-2024-721,cdf_proposed_project,,,2024.0,,Proposed,Grading of road,,,,,,,,,,CDF-2024-PROPOSED-AND-APPROVED-PROJECTS.pdf,,,,
financial_statements_revenue_cdf,,,,,,,,,,KIT2-CPS-2024-722,cdf_proposed_project,,,2024.0,,Proposed,Construction of a community School,,,,,,,,,,CDF-2024-PROPOSED-AND-APPROVED-PROJECTS.pdf,,,,
financial_statements_revenue_cdf,,,,,,,,,,KIT2-CPS-2024-723,cdf_proposed_project,,,2024.0,,Proposed,Grading of road,,,,,,,,,,CDF-2024-PROPOSED-AND-APPROVED-PROJECTS.pdf,,,,
financial_statements_revenue_cdf,,,,,,,,,,KIT2-CPS-2024-724,cdf_proposed_project,,,2024.0,,Proposed,Sinking of 5 boreholes,,,,,,,,,,CDF-2024-PROPOSED-AND-APPROVED-PROJECTS.pdf,,,,
financial_statements_revenue_cdf,,,,,,,,,,KIT2-CPS-2024-725,cdf_proposed_project,,,2024.0,,Proposed,Construction of a bridge and road,,,,,,,,,,CDF-2024-PROPOSED-AND-APPROVED-PROJECTS.pdf,,,,
financial_statements_revenue_cdf,,,,,,,,,,KIT2-CPS-2024-726,cdf_proposed_project,,,2024.0,,Proposed,Plastering of Lupili School,,,,,,,,,,CDF-2024-PROPOSED-AND-APPROVED-PROJECTS.pdf,,,,
financial_statements_revenue_cdf,,,,,,,,,,KIT2-CPS-2024-727,cdf_proposed_project,,,2024.0,,Proposed,Sinking of 6 boreholes,,,,,,,,,,CDF-2024-PROPOSED-AND-APPROVED-PROJECTS.pdf,,,,
financial_statements_revenue_cdf,,,,,,,,,,KIT2-CPS-2024-728,cdf_proposed_project,,,2024.0,,Proposed,Road grading and bridge construction,,,,,,,,,,CDF-2024-PROPOSED-AND-APPROVED-PROJECTS.pdf,,,,
financial_statements_revenue_cdf,,,,,,,,,,KIT2-CPS-2024-729,cdf_proposed_project,,,2024.0,,Proposed,Road construction,,,,,,,,,,CDF-2024-PROPOSED-AND-APPROVED-PROJECTS.pdf,,,,
financial_statements_revenue_cdf,,,,,,,,,,KIT2-CPS-2024-730,cdf_proposed_project,,,2024.0,,Proposed,Construction of a community School,,,,,,,,,,CDF-2024-PROPOSED-AND-APPROVED-PROJECTS.pdf,,,,
financial_statements_revenue_cdf,,,,,,,,,,KIT2-CPS-2024-731,cdf_proposed_project,,,2024.0,,Proposed,Construction of a police post,,,,,,,,,,CDF-2024-PROPOSED-AND-APPROVED-PROJECTS.pdf,,,,
financial_statements_revenue_cdf,,,,,,,,,,KIT2-CPS-2024-732,cdf_proposed_project,,,2024.0,,Proposed,Construction of 1*4 classroom block,,,,,,,,,,CDF-2024-PROPOSED-AND-APPROVED-PROJECTS.pdf,,,,
financial_statements_revenue_cdf,,,,,,,,,,KIT2-CPS-2024-733,cdf_proposed_project,,,2024.0,,Proposed,Sinking of 5 boreholes,,,,,,,,,,CDF-2024-PROPOSED-AND-APPROVED-PROJECTS.pdf,,,,
financial_statements_revenue_cdf,,,,,,,,,,KIT2-CPS-2024-734,cdf_proposed_project,,,2024.0,,Proposed,Construction of a Health Post,,,,,,,,,,CDF-2024-PROPOSED-AND-APPROVED-PROJECTS.pdf,,,,
financial_statements_revenue_cdf,,,,,,,,,,KIT2-CPS-2024-735,cdf_proposed_project,,,2024.0,,Proposed,Sinking of 5 boreholes,,,,,,,,,,CDF-2024-PROPOSED-AND-APPROVED-PROJECTS.pdf,,,,
financial_statements_revenue_cdf,,,,,,,,,,KIT2-CPS-2024-736,cdf_proposed_project,,,2024.0,,Proposed,Construction of two teachers houses,,,,,,,,,,CDF-2024-PROPOSED-AND-APPROVED-PROJECTS.pdf,,,,
financial_statements_revenue_cdf,,,,,,,,,,KIT2-CPS-2024-737,cdf_proposed_project,,,2024.0,,Proposed,Procurement of a 7 in 1 bull tractor,,,,,,,,,,CDF-2024-PROPOSED-AND-APPROVED-PROJECTS.pdf,,,,
financial_statements_revenue_cdf,,,,,,,,,,KIT2-CPS-2024-738,cdf_proposed_project,,,2024.0,,Proposed,Construction of a vehicle bridge,,,,,,,,,,CDF-2024-PROPOSED-AND-APPROVED-PROJECTS.pdf,,,,
financial_statements_revenue_cdf,,,,,,,,,,KIT2-CPS-2024-739,cdf_proposed_project,,,2024.0,,Proposed,Construction of a vehicle bridge,,,,,,,,,,CDF-2024-PROPOSED-AND-APPROVED-PROJECTS.pdf,,,,
financial_statements_revenue_cdf,,,,,,,,,,KIT2-CPS-2024-740,cdf_proposed_project,,,2024.0,,Proposed,Rerouting of main water pipe,,,,,,,,,,CDF-2024-PROPOSED-AND-APPROVED-PROJECTS.pdf,,,,
financial_statements_revenue_cdf,,,,,,,,,,KIT2-CPS-2024-741,cdf_proposed_project,,,2024.0,,Proposed,Installation of street lights,,,,,,,,,,CDF-2024-PROPOSED-AND-APPROVED-PROJECTS.pdf,,,,
financial_statements_revenue_cdf,,,,,,,,,,KIT2-CPS-2024-742,cdf_proposed_project,,,2024.0,,Proposed,Rehabilitation of two ablution blocks,,,,,,,,,,CDF-2024-PROPOSED-AND-APPROVED-PROJECTS.pdf,,,,
financial_statements_revenue_cdf,,,,,,,,,,KIT2-CPS-2024-743,cdf_proposed_project,,,2024.0,,Proposed,Construction of a washing bay,,,,,,,,,,CDF-2024-PROPOSED-AND-APPROVED-PROJECTS.pdf,,,,
financial_statements_revenue_cdf,,,,,,,,,,KIT2-CPS-2024-744,cdf_proposed_project,,,2024.0,,Proposed,Refurbishing of Nkana Primary School house and turn it into a police post,,,,,,,,,,CDF-2024-PROPOSED-AND-APPROVED-PROJECTS.pdf,,,,
financial_statements_revenue_cdf,,,,,,,,,,KIT2-CPS-2024-745,cdf_proposed_project,,,2024.0,,Proposed,Buying 350 desks,,,,,,,,,,CDF-2024-PROPOSED-AND-APPROVED-PROJECTS.pdf,,,,
financial_statements_revenue_cdf,,,,,,,,,,KIT2-CPS-2024-746,cdf_proposed_project,,,2024.0,,Proposed,Refurbishing of Former F market and turn it into a community centre,,,,,,,,,,CDF-2024-PROPOSED-AND-APPROVED-PROJECTS.pdf,,,,
financial_statements_revenue_cdf,,,,,,,,,,KIT2-CPS-2024-747,cdf_proposed_project,,,2024.0,,Proposed,Changing of old sewer line,,,,,,,,,,CDF-2024-PROPOSED-AND-APPROVED-PROJECTS.pdf,,,,
financial_statements_revenue_cdf,,,,,,,,,,KIT2-CPS-2024-748,cdf_proposed_project,,,2024.0,,Proposed,Construction of a sports playing ground and fencing with a wall fence,,,,,,,,,,CDF-2024-PROPOSED-AND-APPROVED-PROJECTS.pdf,,,,
financial_statements_revenue_cdf,,,,,,,,,,KIT2-CPS-2024-749,cdf_proposed_project,,,2024.0,,Proposed,Completion of wall fence,,,,,,,,,,CDF-2024-PROPOSED-AND-APPROVED-PROJECTS.pdf,,,,
financial_statements_revenue_cdf,,,,,,,,,,KIT2-CPS-2024-750,cdf_proposed_project,,,2024.0,,Proposed,Extension and construction of a drainage,,,,,,,,,,CDF-2024-PROPOSED-AND-APPROVED-PROJECTS.pdf,,,,
financial_statements_revenue_cdf,,,,,,,,,,KIT2-CPS-2024-751,cdf_proposed_project,,,2024.0,,Proposed,Drainage construction,,,,,,,,,,CDF-2024-PROPOSED-AND-APPROVED-PROJECTS.pdf,,,,
financial_statements_revenue_cdf,,,,,,,,,,KIT2-CPS-2024-752,cdf_proposed_project,,,2024.0,,Proposed,Drainage construction,,,,,,,,,,CDF-2024-PROPOSED-AND-APPROVED-PROJECTS.pdf,,,,
financial_statements_revenue_cdf,,,,,,,,,,KIT2-CPS-2023-753,cdf_proposed_project,,,2023.0,,Proposed,Drainage construction,,,,,,,,,,CDF-2024-PROPOSED-AND-APPROVED-PROJECTS.pdf,,,,
financial_statements_revenue_cdf,,,,,,,,,,KIT2-CPS-2024-754,cdf_proposed_project,,,2024.0,,Proposed,Drainage construction,,,,,,,,,,CDF-2024-PROPOSED-AND-APPROVED-PROJECTS.pdf,,,,
financial_statements_revenue_cdf,,,,,,,,,,KIT2-CPS-2024-755,cdf_proposed_project,,,2024.0,,Proposed,Drainage construction,,,,,,,,,,CDF-2024-PROPOSED-AND-APPROVED-PROJECTS.pdf,,,,
financial_statements_revenue_cdf,,,,,,,,,,KIT2-CPS-2024-756,cdf_proposed_project,,,2024.0,,Proposed,Procurement of a 7 in 1 bull tractor,,,,,,,,,,CDF-2024-PROPOSED-AND-APPROVED-PROJECTS.pdf,,,,
financial_statements_revenue_cdf,,,,,,,,,,KIT2-CPS-2024-757,cdf_proposed_project,,,2024.0,,Proposed,Installation of street lights,,,,,,,,,,CDF-2024-PROPOSED-AND-APPROVED-PROJECTS.pdf,,,,
financial_statements_revenue_cdf,,,,,,,,,,KIT2-CPS-2024-758,cdf_proposed_project,,,2024.0,,Proposed,Installation of street lights,,,,,,,,,,CDF-2024-PROPOSED-AND-APPROVED-PROJECTS.pdf,,,,
financial_statements_revenue_cdf,,,,,,,,,,KIT2-CPS-2024-759,cdf_proposed_project,,,2024.0,,Proposed,Procurement of 450 desks,,,,,,,,,,CDF-2024-PROPOSED-AND-APPROVED-PROJECTS.pdf,,,,
financial_statements_revenue_cdf,,,,,,,,,,KIT2-CPS-2024-760,cdf_proposed_project,,,2024.0,,Proposed,Procurement of 450 desks,,,,,,,,,,CDF-2024-PROPOSED-AND-APPROVED-PROJECTS.pdf,,,,
financial_statements_revenue_cdf,,,,,,,,,,KIT2-CPS-2024-761,cdf_proposed_project,,,2024.0,,Proposed,Borehole drilling,,,,,,,,,,CDF-2024-PROPOSED-AND-APPROVED-PROJECTS.pdf,,,,
financial_statements_revenue_cdf,,,,,,,,,,KIT2-CPS-2024-762,cdf_proposed_project,,,2024.0,,Proposed,Drainage Rehabilitation,,,,,,,,,,CDF-2024-PROPOSED-AND-APPROVED-PROJECTS.pdf,,,,
financial_statements_revenue_cdf,,,,,,,,,,KIT2-CPS-2024-763,cdf_proposed_project,,,2024.0,,Proposed,Road rehabilitation,,,,,,,,,,CDF-2024-PROPOSED-AND-APPROVED-PROJECTS.pdf,,,,
financial_statements_revenue_cdf,,,,,,,,,,KIT2-CPS-2024-764,cdf_proposed_project,,,2024.0,,Proposed,Rehabilitation of access roads and bridges,,,,,,,,,,CDF-2024-PROPOSED-AND-APPROVED-PROJECTS.pdf,,,,
financial_statements_revenue_cdf,,,,,,,,,,KIT2-CPS-2024-765,cdf_proposed_project,,,2024.0,,Proposed,Water reticulation,,,,,,,,,,CDF-2024-PROPOSED-AND-APPROVED-PROJECTS.pdf,,,,
financial_statements_revenue_cdf,,,,,,,,,,KIT2-CPS-2024-766,cdf_proposed_project,,,2024.0,,Proposed,Installation of street lights,,,,,,,,,,CDF-2024-PROPOSED-AND-APPROVED-PROJECTS.pdf,,,,
financial_statements_revenue_cdf,,,,,,,,,,KIT2-CPS-2024-767,cdf_proposed_project,,,2024.0,,Proposed,Construction of 1*3 classroom block,,,,,,,,,,CDF-2024-PROPOSED-AND-APPROVED-PROJECTS.pdf,,,,
financial_statements_revenue_cdf,,,,,,,,,,KIT2-CPS-2024-768,cdf_proposed_project,,,2024.0,,Proposed,Construction of Community Police Post,,,,,,,,,,CDF-2024-PROPOSED-AND-APPROVED-PROJECTS.pdf,,,,
financial_statements_revenue_cdf,,,,,,,,,,KIT2-CPS-2024-769,cdf_proposed_project,,,2024.0,,Proposed,Construction of a road and bridge,,,,,,,,,,CDF-2024-PROPOSED-AND-APPROVED-PROJECTS.pdf,,,,
financial_statements_revenue_cdf,,,,,,,,,,KIT2-CPS-2024-770,cdf_proposed_project,,,2024.0,,Proposed,Road network,,,,,,,,,,CDF-2024-PROPOSED-AND-APPROVED-PROJECTS.pdf,,,,
financial_statements_revenue_cdf,,,,,,,,,,KIT2-CPS-2024-771,cdf_proposed_project,,,2024.0,,Proposed,Construction of Labour ward and mothers shelter,,,,,,,,,,CDF-2024-PROPOSED-AND-APPROVED-PROJECTS.pdf,,,,
financial_statements_revenue_cdf,,,,,,,,,,KIT2-CPS-2024-772,cdf_proposed_project,,,2024.0,,Proposed,Procurement of desks,,,,,,,,,,CDF-2024-PROPOSED-AND-APPROVED-PROJECTS.pdf,,,,
financial_statements_revenue_cdf,,,,,,,,,,KIT2-CPS-2024-773,cdf_proposed_project,,,2024.0,,Proposed,Sinking of 2 boreholes,,,,,,,,,,CDF-2024-PROPOSED-AND-APPROVED-PROJECTS.pdf,,,,
financial_statements_revenue_cdf,,,,,,,,,,KIT2-CA-2024-774,cdf_approved_project,,,2024.0,,Approved,Procurement of desks - zmw2800000,,,,,,,,,,CDF-2024-PROPOSED-AND-APPROVED-PROJECTS.pdf,,,,
financial_statements_revenue_cdf,,,,,,,,,,KIT2-CA-2024-775,cdf_approved_project,,,2024.0,,Approved,Chibote Girls Secondary School - 100 ds desks,,,,,,,,,,CDF-2024-PROPOSED-AND-APPROVED-PROJECTS.pdf,,,,
financial_statements_revenue_cdf,,,,,,,,,,KIT2-CA-2024-776,cdf_approved_project,,,2024.0,,Approved,Kamatipa Combined School - 100 ds desks & 25 ss desks,,,,,,,,,,CDF-2024-PROPOSED-AND-APPROVED-PROJECTS.pdf,,,,
financial_statements_revenue_cdf,,,,,,,,,,KIT2-CA-2024-777,cdf_approved_project,,,2024.0,,Approved,Racecourse Primary School - 100 ds desks,,,,,,,,,,CDF-2024-PROPOSED-AND-APPROVED-PROJECTS.pdf,,,,
financial_statements_revenue_cdf,,,,,,,,,,KIT2-CA-2024-778,cdf_approved_project,,,2024.0,,Approved,Minsenga School - 100 ds desks,,,,,,,,,,CDF-2024-PROPOSED-AND-APPROVED-PROJECTS.pdf,,,,
financial_statements_revenue_cdf,,,,,,,,,,KIT2-CA-2024-779,cdf_approved_project,,,2024.0,,Approved,Comis Combined School - 400 ds desks,,,,,,,,,,CDF-2024-PROPOSED-AND-APPROVED-PROJECTS.pdf,,,,
financial_statements_revenue_cdf,,,,,,,,,,KIT2-CA-2024-780,cdf_approved_project,,,2024.0,,Approved,Chimwemwe School - 50 ds desks,,,,,,,,,,CDF-2024-PROPOSED-AND-APPROVED-PROJECTS.pdf,,,,
financial_statements_revenue_cdf,,,,,,,,,,KIT2-CA-2024-781,cdf_approved_project,,,2024.0,,Approved,Twatasha School - 100 ds desks,,,,,,,,,,CDF-2024-PROPOSED-AND-APPROVED-PROJECTS.pdf,,,,
financial_statements_revenue_cdf,,,,,,,,,,KIT2-CA-2024-782,cdf_approved_project,,,2024.0,,Approved,Ishuko School - 100 ds desks,,,,,,,,,,CDF-2024-PROPOSED-AND-APPROVED-PROJECTS.pdf,,,,
financial_statements_revenue_cdf,,,,,,,,,,KIT2-CA-2024-783,cdf_approved_project,,,2024.0,,Approved,Kamilulu School - 100 ds desks,,,,,,,,,,CDF-2024-PROPOSED-AND-APPROVED-PROJECTS.pdf,,,,
financial_statements_revenue_cdf,,,,,,,,,,KIT2-CA-2024-784,cdf_approved_project,,,2024.0,,Approved,Mwambashi Primary School - 100 ds desks,,,,,,,,,,CDF-2024-PROPOSED-AND-APPROVED-PROJECTS.pdf,,,,
financial_statements_revenue_cdf,,,,,,,,,,KIT2-CA-2024-785,cdf_approved_project,,,2024.0,,Approved,Garneton combined School - 150 ds desks,,,,,,,,,,CDF-2024-PROPOSED-AND-APPROVED-PROJECTS.pdf,,,,
financial_statements_revenue_cdf,,,,,,,,,,KIT2-CA-2024-786,cdf_approved_project,,,2024.0,,Approved,Bushfire school - 100 ds desks,,,,,,,,,,CDF-2024-PROPOSED-AND-APPROVED-PROJECTS.pdf,,,,
financial_statements_revenue_cdf,,,,,,,,,,KIT2-CA-2024-787,cdf_approved_project,,,2024.0,,Approved,Natwang school - 75 ds desks,,,,,,,,,,CDF-2024-PROPOSED-AND-APPROVED-PROJECTS.pdf,,,,
financial_statements_revenue_cdf,,,,,,,,,,KIT2-CA-2024-788,cdf_approved_project,,,2024.0,,Approved,Allocation of funds towards the rehabilitation of Hospital Road,,,,,,,,,,CDF-2024-PROPOSED-AND-APPROVED-PROJECTS.pdf,,,,
financial_statements_revenue_cdf,,,,,,,,,,KIT2-CA-2024-789,cdf_approved_project,,,2024.0,,Approved,Procurement of an Ambulance,,,,,,,,,,CDF-2024-PROPOSED-AND-APPROVED-PROJECTS.pdf,,,,
financial_statements_revenue_cdf,,,,,,,,,,KIT2-CA-2024-790,cdf_approved_project,,,2024.0,,Approved,Additional funds of 1800000 for the construction of drainages in various wards,,,,,,,,,,CDF-2024-PROPOSED-AND-APPROVED-PROJECTS.pdf,,,,
financial_statements_revenue_cdf,,,,,,,,,,KIT2-CA-2024-791,cdf_approved_project,,,2024.0,,Approved,Construction of drainages along Lubuto Kanwe and Katilungu roads,,,,,,,,,,CDF-2024-PROPOSED-AND-APPROVED-PROJECTS.pdf,,,,
financial_statements_revenue_cdf,,,,,,,,,,KIT2-CA-2024-792,cdf_approved_project,,,2024.0,,Approved,Construction of drainages along happy Kawama road,,,,,,,,,,CDF-2024-PROPOSED-AND-APPROVED-PROJECTS.pdf,,,,
financial_statements_revenue_cdf,,,,,,,,,,KIT2-CA-2024-793,cdf_approved_project,,,2024.0,,Approved,Siting drilling and equipping of electricity powered borehole at Kawama clinic,,,,,,,,,,CDF-2024-PROPOSED-AND-APPROVED-PROJECTS.pdf,,,,
financial_statements_revenue_cdf,,,,,,,,,,KIT2-CA-2024-794,cdf_approved_project,,,2024.0,,Approved,Siting drilling and equipping of electricity powered borehole at Kamatipa combined school,,,,,,,,,,CDF-2024-PROPOSED-AND-APPROVED-PROJECTS.pdf,,,,
financial_statements_revenue_cdf,,,,,,,,,,KIT2-CA-2024-795,cdf_approved_project,,,2024.0,,Approved,Siting drilling and equipping of electricity powered borehole at Sopelo,,,,,,,,,,CDF-2024-PROPOSED-AND-APPROVED-PROJECTS.pdf,,,,
financial_statements_revenue_cdf,,,,,,,,,,KIT2-CA-2024-796,cdf_approved_project,,,2024.0,,Approved,Siting drilling and equipping of solar borehole at Kaluba,,,,,,,,,,CDF-2024-PROPOSED-AND-APPROVED-PROJECTS.pdf,,,,
financial_statements_revenue_cdf,,,,,,,,,,KIT2-CA-2024-797,cdf_approved_project,,,2024.0,,Approved,Siting drilling and equipping of solar borehole at Kutuba,,,,,,,,,,CDF-2024-PROPOSED-AND-APPROVED-PROJECTS.pdf,,,,
financial_statements_revenue_cdf,,,,,,,,,,KIT2-CA-2024-798,cdf_approved_project,,,2024.0,,Approved,Siting drilling and equipping of solar borehole at Ituna,,,,,,,,,,CDF-2024-PROPOSED-AND-APPROVED-PROJECTS.pdf,,,,
financial_statements_revenue_cdf,,,,,,,,,,KIT2-CA-2024-799,cdf_approved_project,,,2024.0,,Approved,Siting drilling and equipping of solar borehole at Kampemba Zone,,,,,,,,,,CDF-2024-PROPOSED-AND-APPROVED-PROJECTS.pdf,,,,
financial_statements_revenue_cdf,,,,,,,,,,KIT2-CA-2024-800,cdf_approved_project,,,2024.0,,Approved,Siting drilling and equipping of solar borehole at Riverside Zone,,,,,,,,,,CDF-2024-PROPOSED-AND-APPROVED-PROJECTS.pdf,,,,
financial_statements_revenue_cdf,,,,,,,,,,KIT2-CA-2024-801,cdf_approved_project,,,2024.0,,Approved,Siting drilling and equipping of solar borehole at zulu close,,,,,,,,,,CDF-2024-PROPOSED-AND-APPROVED-PROJECTS.pdf,,,,
financial_statements_revenue_cdf,,,,,,,,,,KIT2-CA-2024-802,cdf_approved_project,,,2024.0,,Approved,Construction of an ablation block at Lubuto Centre Primary school,,,,,,,,,,CDF-2024-PROPOSED-AND-APPROVED-PROJECTS.pdf,,,,
financial_statements_revenue_cdf,,,,,,,,,,KIT2-CA-2024-803,cdf_approved_project,,,2024.0,,Approved,Roofing of Chimwemwe School Hall,,,,,,,,,,CDF-2024-PROPOSED-AND-APPROVED-PROJECTS.pdf,,,,
financial_statements_revenue_cdf,,,,,,,,,,KIT2-CA-2024-804,cdf_approved_project,,,2024.0,,Approved,Equipping of maternity wing at Twatasha clinic,,,,,,,,,,CDF-2024-PROPOSED-AND-APPROVED-PROJECTS.pdf,,,,
financial_statements_revenue_cdf,,,,,,,,,,KIT2-CA-2024-805,cdf_approved_project,,,2024.0,,Approved,Construction of maternity wing at Garneton clinic,,,,,,,,,,CDF-2024-PROPOSED-AND-APPROVED-PROJECTS.pdf,,,,
financial_statements_revenue_cdf,,,,,,,,,,KIT2-CA-2024-806,cdf_approved_project,,,2024.0,,Approved,Delivery of Desk at Temwani school 25 Desk,,,,,,,,,,CDF-2024-PROPOSED-AND-APPROVED-PROJECTS.pdf,,,,
financial_statements_revenue_cdf,,,,,,,,,,KIT2-CA-2024-807,cdf_approved_project,,,2024.0,,Approved,,,,,,,,,,,CDF-2024-PROPOSED-AND-APPROVED-PROJECTS.pdf,,,,
